league,league_id,season,view,team_id,team_name,team_short_name,player_id,player_name,position,games_played,time_played_formatted,time_played,offensive_rating_lineup,offensive_rating_lineup_diff,defensive_rating_lineup,defensive_rating_lineup_diff,net_rating_lineup,net_rating_lineup_diff,possessions_lineup,possession_percentage_lineup,points_lineup,points_opponent_lineup,net_points_lineup,rebound_percentage_lineup,rebound_percentage_lineup_diff,offensive_rating_lineup_wo,offensive_rebound_percentage_lineup,offensive_rebound_percentage_lineup_diff,2p_attempted_lineup,2p_percentage_lineup,2p_percentage_lineup_diff,3p_attempted_lineup,3p_attempted_rate_lineup,3p_attempted_rate_lineup_diff,3p_percentage_lineup,3p_percentage_lineup_diff,fouls_received_rate_lineup,fouls_received_rate_lineup_diff,assist_percentage_lineup,assist_percentage_lineup_diff,turnover_percentage_lineup,turnover_percentage_lineup_diff,defensive_rating_lineup_wo,possession_percentage_opponent_lineup,defensive_rebound_percentage_lineup,defensive_rebound_percentage_lineup_diff,2p_attempted_opponent_lineup,2p_percentage_opponent_lineup,2p_percentage_opponent_lineup_diff,3p_attempted_opponent_lineup,3p_attempted_rate_opponent_lineup,3p_attempted_rate_opponent_lineup_diff,3p_percentage_opponent_lineup,3p_percentage_opponent_lineup_diff,fouls_rate_lineup,fouls_rate_lineup_diff,assist_percentage_opponent_lineup,assist_percentage_opponent_lineup_diff,turnover_percentage_opponent_lineup,turnover_percentage_opponent_lineup_diff
euroleague,25,2025,total,709,Kosner Baskonia Vitoria-Gasteiz,Baskonia,38888,Juom Bol,C,1,02:38,158,120,11,0,-158.8,120,169.9,5,7,6,0,6,33.3,-7.8,,,,,,,,,,,,,,,,,,,,,,,,,,,,,,,,,,,
euroleague,25,2025,offensive,709,Kosner Baskonia Vitoria-Gasteiz,Baskonia,38888,Juom Bol,C,1,02:38,158,120,11,,,,,,7,,,,,,109,0,-32.5,2,0,-58.8,3,60,16.7,66.7,47.4,0,-29.9,20,-2.1,0,-15,,,,,,,,,,,,,,,,,,
euroleague,25,2025,defensive,709,Kosner Baskonia Vitoria-Gasteiz,Baskonia,38888,Juom Bol,C,1,02:38,158,,,0,-158.8,,,,,,,,,,,,,,,,,,,,,,,,,,,158.8,6,66.7,13.1,1,0,-64.3,2,66.7,25.8,0,-51.7,0,-23.5,0,-32.4,40,31.4
euroleague,25,2025,total,460,Olympiacos Piraeus,Olympiacos,22948,Keenan Evans,PG,1,02:01,121,166.7,41.7,66.7,-40.4,100,82,3,4,5,2,3,40,-7,,,,,,,,,,,,,,,,,,,,,,,,,,,,,,,,,,,
euroleague,25,2025,offensive,460,Olympiacos Piraeus,Olympiacos,22948,Keenan Evans,PG,1,02:01,121,166.7,41.7,,,,,,4,,,,,,125,0,-34.4,2,50,-12.5,1,33.3,-1.1,100,71.4,0,-34.7,66.7,44.7,0,-12,,,,,,,,,,,,,,,,,,
euroleague,25,2025,defensive,460,Olympiacos Piraeus,Olympiacos,22948,Keenan Evans,PG,1,02:01,121,,,66.7,-40.4,,,,,,,,,,,,,,,,,,,,,,,,,,,107,4,50,-4.9,0,,,4,100,60.8,0,-20.7,66.7,41.3,0,-15.5,0,-10.6
euroleague,25,2025,total,2222,AS Monaco,Monaco,24752,David Michineau,PG,4,02:14,134,145,19.4,85,-34.2,60,53.6,20,6,29,17,12,55.6,5.8,,,,,,,,,,,,,,,,,,,,,,,,,,,,,,,,,,,
euroleague,25,2025,offensive,2222,AS Monaco,Monaco,24752,David Michineau,PG,4,02:14,134,145,19.4,,,,,,6,,,,,,125.6,20,-10.7,9,66.7,9.2,3,25,-11.3,66.7,28.2,45,15.2,41.2,10.8,19,7.5,,,,,,,,,,,,,,,,,,
euroleague,25,2025,defensive,2222,AS Monaco,Monaco,24752,David Michineau,PG,4,02:14,134,,,85,-34.2,,,,,,,,,,,,,,,,,,,,,,,,,,,119.2,6,69.2,-1.1,10,50,-6.9,8,44.4,3.8,25,-21.8,15,-14.9,15,-11.8,16.7,-2
euroleague,25,2025,total,389,EA7 Emporio Armani Milan,EA7 Armani,18406,Vlatko Cancar,SF,2,07:43,463.5,134.5,17.5,92.6,-29.7,41.9,47.2,29,21,39,25,14,54.2,4.2,,,,,,,,,,,,,,,,,,,,,,,,,,,,,,,,,,,
euroleague,25,2025,offensive,389,EA7 Emporio Armani Milan,EA7 Armani,18406,Vlatko Cancar,SF,2,07:43,463.5,134.5,17.5,,,,,,21,,,,,,117,30,6.1,13,61.5,3.2,9,40.9,-5.2,66.7,22.8,24.1,-8,28,-1.7,21.9,4,,,,,,,,,,,,,,,,,,
euroleague,25,2025,defensive,389,EA7 Emporio Armani Milan,EA7 Armani,18406,Vlatko Cancar,SF,2,07:43,463.5,,,92.6,-29.7,,,,,,,,,,,,,,,,,,,,,,,,,,,122.3,19,71.4,-1.6,18,50,-4.4,7,28,-4.7,28.6,-16.9,22.2,-4.6,15.4,-11.4,16.1,5
euroleague,25,2025,total,2222,AS Monaco,Monaco,34749,Yoan Makoundou,PF,5,07:29,449.8,137.3,4.7,101.3,-2.5,36,7.2,75,19,103,78,25,52.9,0.7,,,,,,,,,,,,,,,,,,,,,,,,,,,,,,,,,,,
euroleague,25,2025,offensive,2222,AS Monaco,Monaco,34749,Yoan Makoundou,PF,5,07:29,449.8,137.3,4.7,,,,,,19,,,,,,132.6,33.3,-1,31,71,6.6,31,50,13.6,38.7,2,26.7,-7.5,37.8,6.5,12.9,0.8,,,,,,,,,,,,,,,,,,
euroleague,25,2025,defensive,2222,AS Monaco,Monaco,34749,Yoan Makoundou,PF,5,07:29,449.8,,,101.3,-2.5,,,,,,,,,,,,,,,,,,,,,,,,,,,103.8,20,67.5,0.6,36,50,-3.3,30,45.5,6.2,33.3,1.9,23.4,-2.3,9.6,-12.9,18.9,0.1
euroleague,25,2025,total,90,Virtus Segafredo Bologna,Virtus,38875,Matteo Accorsi,PG,6,04:13,253.3,133.3,26,98,-27.8,35.3,53.7,51,11,68,49,19,52.1,4.8,,,,,,,,,,,,,,,,,,,,,,,,,,,,,,,,,,,
euroleague,25,2025,offensive,90,Virtus Segafredo Bologna,Virtus,38875,Matteo Accorsi,PG,6,04:13,253.3,133.3,26,,,,,,11,,,,,,107.4,20.8,-10.1,29,55.2,1.4,17,37,-2.7,35.3,-1.3,23.5,-4.1,30.2,4,5.4,-13.1,,,,,,,,,,,,,,,,,,
euroleague,25,2025,defensive,90,Virtus Segafredo Bologna,Virtus,38875,Matteo Accorsi,PG,6,04:13,253.3,,,98,-27.8,,,,,,,,,,,,,,,,,,,,,,,,,,,125.8,11,83.3,19,23,43.5,-18.7,20,46.5,3.3,35,-1.7,18,-13.8,29.8,1.4,13,-1.7
euroleague,25,2025,total,265,Zalgiris Kaunas,Zalgiris,36804,Kajus Mikalauskas,PG,2,09:04,544.5,141.2,26.6,110.8,6.2,30.4,20.4,34,24,48,41,7,58.8,4.7,,,,,,,,,,,,,,,,,,,,,,,,,,,,,,,,,,,
euroleague,25,2025,offensive,265,Zalgiris Kaunas,Zalgiris,36804,Kajus Mikalauskas,PG,2,09:04,544.5,141.2,26.6,,,,,,24,,,,,,114.5,50,8.1,20,70,17.5,10,33.3,-6.3,40,12.5,26.5,-6.3,33.3,10.9,12.2,-2.5,,,,,,,,,,,,,,,,,,
euroleague,25,2025,defensive,265,Zalgiris Kaunas,Zalgiris,36804,Kajus Mikalauskas,PG,2,09:04,544.5,,,110.8,6.2,,,,,,,,,,,,,,,,,,,,,,,,,,,104.6,26,65,-1.7,25,44,-9.4,9,26.5,-15.5,22.2,-4,29.7,2,25,4.5,9.1,-3.4
euroleague,25,2025,total,460,Olympiacos Piraeus,Olympiacos,8318,Cory Joseph,PG/SG,16,15:34,934.1,128.2,8.7,106.5,-1.8,21.7,10.6,450,37,577,477,100,56.5,2.7,,,,,,,,,,,,,,,,,,,,,,,,,,,,,,,,,,,
euroleague,25,2025,offensive,460,Olympiacos Piraeus,Olympiacos,8318,Cory Joseph,PG/SG,16,15:34,934.1,128.2,8.7,,,,,,37,,,,,,119.5,37.4,7.9,220,60,3.2,175,44.3,0.8,37.7,-0.6,32.9,6.7,29,-0.5,13.5,-0.6,,,,,,,,,,,,,,,,,,
euroleague,25,2025,defensive,460,Olympiacos Piraeus,Olympiacos,8318,Cory Joseph,PG/SG,16,15:34,934.1,,,106.5,-1.8,,,,,,,,,,,,,,,,,,,,,,,,,,,108.3,37,73.6,-3.3,192,55.7,-0.2,195,50.4,9,30.3,-3,26.3,1.3,25.1,-1.7,15.2,1.1
euroleague,25,2025,total,460,Olympiacos Piraeus,Olympiacos,35908,Tyrique Jones,C/PF,16,14:58,898,125.3,4.5,103.7,-9.8,21.6,14.2,431,36,540,450,90,54.6,-0.7,,,,,,,,,,,,,,,,,,,,,,,,,,,,,,,,,,,
euroleague,25,2025,offensive,460,Olympiacos Piraeus,Olympiacos,35908,Tyrique Jones,C/PF,16,14:58,898,125.3,4.5,,,,,,36,,,,,,120.8,37.3,2.9,203,59.6,3.3,159,43.9,0.6,40.9,3.2,31.8,2.8,30.4,1.4,15.2,0.5,,,,,,,,,,,,,,,,,,
euroleague,25,2025,defensive,460,Olympiacos Piraeus,Olympiacos,35908,Tyrique Jones,C/PF,16,14:58,898,,,103.7,-9.8,,,,,,,,,,,,,,,,,,,,,,,,,,,113.4,36,70,-5.6,187,51.3,-8.6,161,46.3,0.9,34.2,2,30.9,6.6,25.5,-2.9,19.4,6.8
euroleague,25,2025,total,33,Panathinaikos AKTOR Athens,Panathinaikos,18511,Vassilis Toliopoulos,SG,10,09:32,572.5,123.2,15.1,103,-13.2,20.1,28.3,164,23,202,169,33,51.7,3.8,,,,,,,,,,,,,,,,,,,,,,,,,,,,,,,,,,,
euroleague,25,2025,offensive,33,Panathinaikos AKTOR Athens,Panathinaikos,18511,Vassilis Toliopoulos,SG,10,09:32,572.5,123.2,15.1,,,,,,23,,,,,,108,35.1,1.9,83,49.4,-6.6,80,49.1,9.8,36.3,7.1,31.1,6.3,22.7,-0.4,8.1,-7.6,,,,,,,,,,,,,,,,,,
euroleague,25,2025,defensive,33,Panathinaikos AKTOR Athens,Panathinaikos,18511,Vassilis Toliopoulos,SG,10,09:32,572.5,,,103,-13.2,,,,,,,,,,,,,,,,,,,,,,,,,,,116.3,23,69.8,5.8,71,49.3,-9.4,68,48.9,6.6,30.9,-1.2,29.3,2.5,22.5,-5.5,15.8,0.5
euroleague,25,2025,total,460,Olympiacos Piraeus,Olympiacos,36154,Tyson Ward,SF,35,19:03,1143.6,127.3,11.6,110.4,0.3,16.9,11.3,1217,47,1549,1339,210,54.4,1.1,,,,,,,,,,,,,,,,,,,,,,,,,,,,,,,,,,,
euroleague,25,2025,offensive,460,Olympiacos Piraeus,Olympiacos,36154,Tyson Ward,SF,35,19:03,1143.6,127.3,11.6,,,,,,47,,,,,,115.7,36.2,2.6,646,60.4,3.1,414,39.1,-8,37.2,3.2,30.8,1.3,30.5,3.3,13.4,-2.2,,,,,,,,,,,,,,,,,,
euroleague,25,2025,defensive,460,Olympiacos Piraeus,Olympiacos,36154,Tyson Ward,SF,35,19:03,1143.6,,,110.4,0.3,,,,,,,,,,,,,,,,,,,,,,,,,,,110.1,47,70.8,-1.3,584,56,2.9,480,45.1,0.3,34.2,-0.5,26.5,2.8,26.1,0,15.4,1.1
euroleague,25,2025,total,60,FC Barcelona,Barcelona,18566,Youssoupha Fall,C,18,07:29,449.5,130.5,17.8,114.5,-0.9,16,18.8,243,19,317,277,40,57.5,8.5,,,,,,,,,,,,,,,,,,,,,,,,,,,,,,,,,,,
euroleague,25,2025,offensive,60,FC Barcelona,Barcelona,18566,Youssoupha Fall,C,18,07:29,449.5,130.5,17.8,,,,,,19,,,,,,112.6,41.1,7.9,134,61.2,5.3,87,39.4,0.7,37.9,5.8,30,1.9,25.3,1.3,13.2,-0.7,,,,,,,,,,,,,,,,,,
euroleague,25,2025,defensive,60,FC Barcelona,Barcelona,18566,Youssoupha Fall,C,18,07:29,449.5,,,114.5,-0.9,,,,,,,,,,,,,,,,,,,,,,,,,,,115.4,19,72.3,5.2,133,53.4,-5.4,82,38.1,-0.2,37.8,1.6,23.6,-4.5,22.3,-2.6,13.5,-4.1
euroleague,25,2025,total,584,Fenerbahce Beko Istanbul,Fenerbahce,6540,Nando de Colo,PG,17,17:24,1044.7,124.9,17.3,108.9,-3.1,16,20.4,547,45,683,551,132,50.1,-2.3,,,,,,,,,,,,,,,,,,,,,,,,,,,,,,,,,,,
euroleague,25,2025,offensive,584,Fenerbahce Beko Istanbul,Fenerbahce,6540,Nando de Colo,PG,17,17:24,1044.7,124.9,17.3,,,,,,45,,,,,,107.6,32.2,-2.3,259,59.8,5.1,199,43.4,3.8,40.2,7.9,29.1,1.6,26.5,5.2,15.8,-1.8,,,,,,,,,,,,,,,,,,
euroleague,25,2025,defensive,584,Fenerbahce Beko Istanbul,Fenerbahce,6540,Nando de Colo,PG,17,17:24,1044.7,,,108.9,-3.1,,,,,,,,,,,,,,,,,,,,,,,,,,,112,41,65.7,-2.6,247,50.6,-0.8,201,44.9,8.1,31.3,-0.6,33.2,5.1,22.8,-1.9,13.5,0.3
euroleague,25,2025,total,90,Virtus Segafredo Bologna,Virtus,39598,Matteo Baiocchi,SG,5,09:54,594.2,111.8,4.9,96.9,-26.7,15,31.7,93,24,104,93,11,56.5,6.7,,,,,,,,,,,,,,,,,,,,,,,,,,,,,,,,,,,
euroleague,25,2025,offensive,90,Virtus Segafredo Bologna,Virtus,39598,Matteo Baiocchi,SG,5,09:54,594.2,111.8,4.9,,,,,,24,,,,,,106.9,26.3,-9.7,45,57.8,10.2,25,35.7,-1,28,-5,28,-0.7,26.5,3.1,19.4,4,,,,,,,,,,,,,,,,,,
euroleague,25,2025,defensive,90,Virtus Segafredo Bologna,Virtus,39598,Matteo Baiocchi,SG,5,09:54,594.2,,,96.9,-26.7,,,,,,,,,,,,,,,,,,,,,,,,,,,123.6,25,80.9,13.3,45,48.9,-14,33,42.3,1.2,27.3,-12.7,33.3,8,22.2,-14.3,14.3,-1.4
euroleague,25,2025,total,265,Zalgiris Kaunas,Zalgiris,20931,Mantas Rubštavičius,SG,17,04:19,259.3,129.5,9.4,115,6.2,14.5,3.2,132,11,171,161,10,58,6.4,,,,,,,,,,,,,,,,,,,,,,,,,,,,,,,,,,,
euroleague,25,2025,offensive,265,Zalgiris Kaunas,Zalgiris,20931,Mantas Rubštavičius,SG,17,04:19,259.3,129.5,9.4,,,,,,11,,,,,,120.1,44.3,11,67,55.2,-0.3,49,42.2,3.7,44.9,6.2,31.1,2.7,27.4,0.4,15.1,0.9,,,,,,,,,,,,,,,,,,
euroleague,25,2025,defensive,265,Zalgiris Kaunas,Zalgiris,20931,Mantas Rubštavičius,SG,17,04:19,259.3,,,115,6.2,,,,,,,,,,,,,,,,,,,,,,,,,,,108.8,11,70,0.8,84,52.4,0.1,46,35.4,-0.6,32.6,0.5,29.3,2.1,21.2,-1.9,9.3,-5.3
euroleague,25,2025,total,460,Olympiacos Piraeus,Olympiacos,21300,Thomas Walkup,PG,37,24:01,1441.3,123.4,0.7,109.8,-5.7,13.6,6.4,1639,60,2023,1794,229,53.6,0,,,,,,,,,,,,,,,,,,,,,,,,,,,,,,,,,,,
euroleague,25,2025,offensive,460,Olympiacos Piraeus,Olympiacos,21300,Thomas Walkup,PG,37,24:01,1441.3,123.4,0.7,,,,,,60,,,,,,122.7,33.7,-4.1,806,60.3,2.2,623,43.6,0.3,35.5,-0.3,28.9,-2.5,30.8,2.9,13.9,-0.4,,,,,,,,,,,,,,,,,,
euroleague,25,2025,defensive,460,Olympiacos Piraeus,Olympiacos,21300,Thomas Walkup,PG,37,24:01,1441.3,,,109.8,-5.7,,,,,,,,,,,,,,,,,,,,,,,,,,,115.5,60,72,3.7,812,55.2,-0.2,646,44.3,-1.3,35.1,0.3,21.2,-9,27.1,1.4,15.1,1
euroleague,25,2025,total,368,Real Madrid,Real,23792,Usman Garuba,PF,40,12:29,749.7,125.4,5.2,112.6,-2,12.9,7.2,896,31,1124,1013,111,55.5,2,,,,,,,,,,,,,,,,,,,,,,,,,,,,,,,,,,,
euroleague,25,2025,offensive,368,Real Madrid,Real,23792,Usman Garuba,PF,40,12:29,749.7,125.4,5.2,,,,,,31,,,,,,120.2,38.7,4.7,501,58.9,3.6,282,36,-6.9,39.7,1.5,28,-0.6,28.3,2.1,14.4,-0.4,,,,,,,,,,,,,,,,,,
euroleague,25,2025,defensive,368,Real Madrid,Real,23792,Usman Garuba,PF,40,12:29,749.7,,,112.6,-2,,,,,,,,,,,,,,,,,,,,,,,,,,,114.5,31,70,-2.1,474,53,0.4,324,40.6,-0.1,33.3,-3.9,31.1,6.1,21.2,-2.5,13.1,0.5
euroleague,25,2025,total,460,Olympiacos Piraeus,Olympiacos,21642,Alec Peters,PF,43,15:09,909.7,123,0.2,110.1,-3.1,12.9,3.4,1173,37,1443,1294,149,54.2,0.7,,,,,,,,,,,,,,,,,,,,,,,,,,,,,,,,,,,
euroleague,25,2025,offensive,460,Olympiacos Piraeus,Olympiacos,21642,Alec Peters,PF,43,15:09,909.7,123,0.2,,,,,,37,,,,,,122.8,35.5,0.3,552,59.6,0.4,450,44.9,1.6,36,-0.2,31.4,1.7,30.4,1.8,14.7,0.3,,,,,,,,,,,,,,,,,,
euroleague,25,2025,defensive,460,Olympiacos Piraeus,Olympiacos,21642,Alec Peters,PF,43,15:09,909.7,,,110.1,-3.1,,,,,,,,,,,,,,,,,,,,,,,,,,,113.2,37,70.7,0.1,544,56.1,1.4,471,46.4,2.9,31.6,-4.9,28.9,6.2,25.9,-0.5,15.1,0.8
euroleague,25,2025,total,460,Olympiacos Piraeus,Olympiacos,11165,Evan Fournier,SG,39,21:56,1316.1,123.1,-0.4,110.6,-3.3,12.5,2.8,1547,54,1904,1709,195,53.8,0.6,,,,,,,,,,,,,,,,,,,,,,,,,,,,,,,,,,,
euroleague,25,2025,offensive,460,Olympiacos Piraeus,Olympiacos,11165,Evan Fournier,SG,39,21:56,1316.1,123.1,-0.4,,,,,,54,,,,,,123.5,36.4,2.1,742,60,2,593,44.4,1.3,34.9,-3.2,30.2,0,28.7,-1.4,14.4,0.3,,,,,,,,,,,,,,,,,,
euroleague,25,2025,defensive,460,Olympiacos Piraeus,Olympiacos,11165,Evan Fournier,SG,39,21:56,1316.1,,,110.6,-3.3,,,,,,,,,,,,,,,,,,,,,,,,,,,113.9,54,69.9,-1.1,707,55,-1.3,645,47.7,5,34.1,-1.3,25.6,1.5,26.2,-0.7,15.4,0.9
euroleague,25,2025,total,636,Maccabi Playtika Tel Aviv,Maccabi,21024,John Dibartolomeo,PG,27,14:17,857.6,125.2,11.8,113.9,-13,11.4,24.8,733,35,918,830,88,54.6,6.2,,,,,,,,,,,,,,,,,,,,,,,,,,,,,,,,,,,
euroleague,25,2025,offensive,636,Maccabi Playtika Tel Aviv,Maccabi,21024,John Dibartolomeo,PG,27,14:17,857.6,125.2,11.8,,,,,,35,,,,,,113.5,42.3,9.6,381,54.3,1.4,285,42.8,0.3,34.4,-0.2,30.4,2.7,26.6,1.1,12.5,-2.2,,,,,,,,,,,,,,,,,,
euroleague,25,2025,defensive,636,Maccabi Playtika Tel Aviv,Maccabi,21024,John Dibartolomeo,PG,27,14:17,857.6,,,113.9,-13,,,,,,,,,,,,,,,,,,,,,,,,,,,126.8,35,68.3,2.7,310,57.1,-4.1,282,47.6,3.6,34.4,-3.4,33.5,8.1,28.2,-1.5,16.5,2.7
euroleague,25,2025,total,368,Real Madrid,Real,16956,Walter Tavares,C,39,22:45,1365.5,122.6,3.8,111.3,-7.2,11.4,10.9,1608,57,1972,1779,193,54.6,1,,,,,,,,,,,,,,,,,,,,,,,,,,,,,,,,,,,
euroleague,25,2025,offensive,368,Real Madrid,Real,16956,Walter Tavares,C,39,22:45,1365.5,122.6,3.8,,,,,,57,,,,,,118.9,34.5,-2.3,788,56.6,1.1,611,43.7,6,39.1,3.6,29,0.1,26.9,1,15,0.4,,,,,,,,,,,,,,,,,,
euroleague,25,2025,defensive,368,Real Madrid,Real,16956,Walter Tavares,C,39,22:45,1365.5,,,111.3,-7.2,,,,,,,,,,,,,,,,,,,,,,,,,,,118.4,56,72.8,3.1,817,49.7,-6.4,626,43.4,2.7,38,3,23.9,-6.5,23.4,1,13.6,1.6
euroleague,25,2025,total,677,Valencia Basket,Valencia,20035,Matthew Costello,PF,40,16:32,992.2,120,1.8,109.2,-7.4,10.8,9.2,1260,42,1512,1347,165,52.4,1.1,,,,,,,,,,,,,,,,,,,,,,,,,,,,,,,,,,,
euroleague,25,2025,offensive,677,Valencia Basket,Valencia,20035,Matthew Costello,PF,40,16:32,992.2,120,1.8,,,,,,42,,,,,,118.2,37.7,4.7,585,57.6,0,556,48.7,3,35.4,-0.9,27.1,0.9,25.4,-3.5,13.3,-0.9,,,,,,,,,,,,,,,,,,
euroleague,25,2025,defensive,677,Valencia Basket,Valencia,20035,Matthew Costello,PF,40,16:32,992.2,,,109.2,-7.4,,,,,,,,,,,,,,,,,,,,,,,,,,,116.5,41,67.5,-2.5,617,51.7,-3.9,453,42.3,1,30.2,-8.2,27.6,1.3,23.8,-3.3,14.9,-0.1
euroleague,25,2025,total,368,Real Madrid,Real,35024,Andres Feliz,PG,39,16:39,999.1,124.6,6.6,114,1.5,10.6,5.1,1189,42,1482,1367,115,54.5,0.7,,,,,,,,,,,,,,,,,,,,,,,,,,,,,,,,,,,
euroleague,25,2025,offensive,368,Real Madrid,Real,35024,Andres Feliz,PG,39,16:39,999.1,124.6,6.6,,,,,,42,,,,,,118.1,38,5.2,635,57.2,1.8,391,38.1,-5.9,39.4,3.3,27.7,-1.7,28.1,2.8,14.8,0.6,,,,,,,,,,,,,,,,,,
euroleague,25,2025,defensive,368,Real Madrid,Real,35024,Andres Feliz,PG,39,16:39,999.1,,,114,1.5,,,,,,,,,,,,,,,,,,,,,,,,,,,112.6,42,69.5,-4.3,585,52.8,1.5,447,43.3,3.1,35.6,-1.7,28.9,3.1,21.6,-1.3,14.2,2.2
euroleague,25,2025,total,2222,AS Monaco,Monaco,6345,Nikola Mirotic,PF,31,19:01,1141,124.6,7.9,114.1,-2.2,10.5,10.1,1105,47,1377,1255,122,49.3,0.6,,,,,,,,,,,,,,,,,,,,,,,,,,,,,,,,,,,
euroleague,25,2025,offensive,2222,AS Monaco,Monaco,6345,Nikola Mirotic,PF,31,19:01,1141,124.6,7.9,,,,,,47,,,,,,116.7,31,0.7,600,55.5,-0.7,379,38.7,2,41.4,9.7,28.6,-2.1,28.7,1.7,12.2,-0.3,,,,,,,,,,,,,,,,,,
euroleague,25,2025,defensive,2222,AS Monaco,Monaco,6345,Nikola Mirotic,PF,31,19:01,1141,,,114.1,-2.2,,,,,,,,,,,,,,,,,,,,,,,,,,,116.3,47,66.5,-0.8,570,52.3,-4.1,395,40.9,0.8,37.2,0.2,28.5,2.5,25.2,1.1,15.5,0.2
euroleague,25,2025,total,460,Olympiacos Piraeus,Olympiacos,10026,Aleksandr Vezenkov,PF,39,27:51,1671.7,123.6,0.8,113.3,5,10.4,-4.2,2013,70,2489,2267,222,52.9,-2.4,,,,,,,,,,,,,,,,,,,,,,,,,,,,,,,,,,,
euroleague,25,2025,offensive,460,Olympiacos Piraeus,Olympiacos,10026,Aleksandr Vezenkov,PF,39,27:51,1671.7,123.6,0.8,,,,,,70,,,,,,122.8,34.8,-1.2,982,59,-4.4,748,43.2,-1.8,36.4,2.1,30.4,-0.3,28.6,-3.3,13.9,-1.4,,,,,,,,,,,,,,,,,,
euroleague,25,2025,defensive,460,Olympiacos Piraeus,Olympiacos,10026,Aleksandr Vezenkov,PF,39,27:51,1671.7,,,113.3,5,,,,,,,,,,,,,,,,,,,,,,,,,,,108.3,70,70,-2,1031,54.4,-1.4,787,43.3,-4,36.5,5.6,22.5,-7.3,26,-0.6,14.1,-1.5
euroleague,25,2025,total,677,Valencia Basket,Valencia,23730,Xabi Lopez-Arostegui,SF/PF,10,08:28,508.4,128.1,8.5,117.8,4.7,10.3,3.8,160,21,205,192,13,48,-3.8,,,,,,,,,,,,,,,,,,,,,,,,,,,,,,,,,,,
euroleague,25,2025,offensive,677,Valencia Basket,Valencia,23730,Xabi Lopez-Arostegui,SF/PF,10,08:28,508.4,128.1,8.5,,,,,,21,,,,,,119.7,35,3.6,80,65,7.6,70,46.7,-3,32.9,-4.5,24.4,-1.9,27.4,1.6,12.8,0.1,,,,,,,,,,,,,,,,,,
euroleague,25,2025,defensive,677,Valencia Basket,Valencia,23730,Xabi Lopez-Arostegui,SF/PF,10,08:28,508.4,,,117.8,4.7,,,,,,,,,,,,,,,,,,,,,,,,,,,113.1,21,63.2,-7.7,83,66.3,17.1,55,39.9,-4.2,32.7,-1.9,26.4,-1.5,27,2.8,19.1,7.5
euroleague,25,2025,total,460,Olympiacos Piraeus,Olympiacos,18387,Frank Ntilikina,PG,24,16:24,984.6,122.3,-3.2,111.9,-1.4,10.3,-1.8,710,40,868,798,70,53.6,0.4,,,,,,,,,,,,,,,,,,,,,,,,,,,,,,,,,,,
euroleague,25,2025,offensive,460,Olympiacos Piraeus,Olympiacos,18387,Frank Ntilikina,PG,24,16:24,984.6,122.3,-3.2,,,,,,40,,,,,,125.4,38.7,4.9,326,57.7,-4.2,266,44.9,-2.1,38.7,1.4,32.1,2.6,27.1,-4.1,16.5,2.2,,,,,,,,,,,,,,,,,,
euroleague,25,2025,defensive,460,Olympiacos Piraeus,Olympiacos,18387,Frank Ntilikina,PG,24,16:24,984.6,,,111.9,-1.4,,,,,,,,,,,,,,,,,,,,,,,,,,,113.4,40,66.9,-5,367,52.9,-4.6,261,41.6,-3.9,33.3,-3.1,30.9,9.1,23.2,-5.1,14.9,-0.4
euroleague,25,2025,total,460,Olympiacos Piraeus,Olympiacos,12245,Nikola Milutinov,C,40,21:32,1292,122.3,-3.2,112,0.4,10.3,-3.7,1586,54,1939,1755,184,54.6,1.7,,,,,,,,,,,,,,,,,,,,,,,,,,,,,,,,,,,
euroleague,25,2025,offensive,460,Olympiacos Piraeus,Olympiacos,12245,Nikola Milutinov,C,40,21:32,1292,122.3,-3.2,,,,,,54,,,,,,125.5,36.2,2.2,769,58.1,-4.4,611,44.3,-0.5,36.3,-0.8,29.8,-1.4,28.5,-2,14.6,-0.1,,,,,,,,,,,,,,,,,,
euroleague,25,2025,defensive,460,Olympiacos Piraeus,Olympiacos,12245,Nikola Milutinov,C,40,21:32,1292,,,112,0.4,,,,,,,,,,,,,,,,,,,,,,,,,,,111.6,53,72.3,2.8,785,55.3,0.2,633,44.6,-0.3,35.2,1.1,20.8,-8.3,27.3,1.7,14.1,-1.4
euroleague,25,2025,total,368,Real Madrid,Real,19168,Gabriel Deck,SF/PF,41,20:24,1224.2,122.6,2.5,112.3,-3.4,10.3,5.9,1525,51,1869,1725,144,54.4,1.6,,,,,,,,,,,,,,,,,,,,,,,,,,,,,,,,,,,
euroleague,25,2025,offensive,368,Real Madrid,Real,19168,Gabriel Deck,SF/PF,41,20:24,1224.2,122.6,2.5,,,,,,51,,,,,,120,34.4,-0.5,803,56.7,2.2,506,38.7,-5.4,37.5,-1.4,30.8,5,27,0.8,14.2,-0.3,,,,,,,,,,,,,,,,,,
euroleague,25,2025,defensive,368,Real Madrid,Real,19168,Gabriel Deck,SF/PF,41,20:24,1224.2,,,112.3,-3.4,,,,,,,,,,,,,,,,,,,,,,,,,,,115.7,51,72,1.2,803,50.9,-2.8,564,41.3,-0.2,36,-1.8,28.1,2.1,23.3,0.4,12.5,-1
euroleague,25,2025,total,77,Partizan Mozzart Bet Belgrade,Partizan,35695,Carlik Jones,PG,15,28:03,1683.9,120.3,13.2,110.1,-6.5,10.1,19.7,765,69,920,836,84,51.2,1.3,,,,,,,,,,,,,,,,,,,,,,,,,,,,,,,,,,,
euroleague,25,2025,offensive,77,Partizan Mozzart Bet Belgrade,Partizan,35695,Carlik Jones,PG,15,28:03,1683.9,120.3,13.2,,,,,,69,,,,,,107,32.9,1.7,446,53.1,1,235,34.5,-2.4,37.9,0.3,28.1,3.2,23.8,-5.5,12.2,-5.5,,,,,,,,,,,,,,,,,,
euroleague,25,2025,defensive,77,Partizan Mozzart Bet Belgrade,Partizan,35695,Carlik Jones,PG,15,28:03,1683.9,,,110.1,-6.5,,,,,,,,,,,,,,,,,,,,,,,,,,,116.7,68,70.4,1.5,365,53.2,-2,263,41.9,4.3,33.5,-5.6,27.9,-0.3,25.3,-3.3,15.6,0.2
euroleague,25,2025,total,74,Crvena Zvezda Meridianbet Belgrade,C.Zvezda,34681,Ebuka Izundu,C,33,14:21,861.6,123.6,11.4,113.6,-3.2,10,14.6,867,35,1072,985,87,55.9,3.9,,,,,,,,,,,,,,,,,,,,,,,,,,,,,,,,,,,
euroleague,25,2025,offensive,74,Crvena Zvezda Meridianbet Belgrade,C.Zvezda,34681,Ebuka Izundu,C,33,14:21,861.6,123.6,11.4,,,,,,35,,,,,,112.3,42.6,7.6,503,56.1,-1.1,289,36.5,-4.4,36.3,2.7,28.7,0.4,26.6,-0.8,14,-3,,,,,,,,,,,,,,,,,,
euroleague,25,2025,defensive,74,Crvena Zvezda Meridianbet Belgrade,C.Zvezda,34681,Ebuka Izundu,C,33,14:21,861.6,,,113.6,-3.2,,,,,,,,,,,,,,,,,,,,,,,,,,,116.8,35,69.1,0.4,383,55.9,-0.8,357,48.2,6.2,34.5,-1.2,30.6,3.6,25.3,-1.2,14.8,0.3
euroleague,25,2025,total,584,Fenerbahce Beko Istanbul,Fenerbahce,7240,Nicolo Melli,PF,35,23:41,1421.3,114.7,1.8,104.7,-12.8,10,14.6,1475,59,1692,1551,141,51.6,0.4,,,,,,,,,,,,,,,,,,,,,,,,,,,,,,,,,,,
euroleague,25,2025,offensive,584,Fenerbahce Beko Istanbul,Fenerbahce,7240,Nicolo Melli,PF,35,23:41,1421.3,114.7,1.8,,,,,,59,,,,,,112.9,33.2,0.6,738,55.3,3.2,523,41.5,-0.6,38.6,4.5,27.5,-1.3,25.2,4.1,17,2,,,,,,,,,,,,,,,,,,
euroleague,25,2025,defensive,584,Fenerbahce Beko Istanbul,Fenerbahce,7240,Nicolo Melli,PF,35,23:41,1421.3,,,104.7,-12.8,,,,,,,,,,,,,,,,,,,,,,,,,,,117.5,58,67.8,-2.2,778,48.5,-7.3,521,40.1,2.7,30.1,-3.7,29.4,-4.7,21.5,-1.8,14.5,1.4
euroleague,25,2025,total,460,Olympiacos Piraeus,Olympiacos,24603,Donta Hall,C,38,15:15,915.6,123.8,0.2,114.1,3.4,9.8,-3.2,1040,37,1288,1207,81,52.1,-2.8,,,,,,,,,,,,,,,,,,,,,,,,,,,,,,,,,,,
euroleague,25,2025,offensive,460,Olympiacos Piraeus,Olympiacos,24603,Donta Hall,C,38,15:15,915.6,123.8,0.2,,,,,,37,,,,,,123.6,33.1,-3.2,507,60.4,1.6,370,42.2,-3.7,35.9,-1.7,30.4,0.5,30.4,1.8,14.4,-0.2,,,,,,,,,,,,,,,,,,
euroleague,25,2025,defensive,460,Olympiacos Piraeus,Olympiacos,24603,Donta Hall,C,38,15:15,915.6,,,114.1,3.4,,,,,,,,,,,,,,,,,,,,,,,,,,,110.7,38,68.5,-3.5,548,56.4,2.8,410,42.8,-3.3,33.4,-1.8,28.1,5.1,25.1,-0.8,13.7,-0.5
euroleague,25,2025,total,368,Real Madrid,Real,17900,Trey Lyles,PF,42,21:11,1271.4,122.7,5.3,113,0.2,9.7,5.1,1650,54,2025,1854,171,54.8,1.5,,,,,,,,,,,,,,,,,,,,,,,,,,,,,,,,,,,
euroleague,25,2025,offensive,368,Real Madrid,Real,17900,Trey Lyles,PF,42,21:11,1271.4,122.7,5.3,,,,,,54,,,,,,117.4,34.9,-0.4,863,57.4,2.7,530,38,-8.2,40,5.3,30.1,3,27.4,2.1,15.2,1.3,,,,,,,,,,,,,,,,,,
euroleague,25,2025,defensive,368,Real Madrid,Real,17900,Trey Lyles,PF,42,21:11,1271.4,,,113,0.2,,,,,,,,,,,,,,,,,,,,,,,,,,,112.8,54,72.9,1.9,840,53.7,3.3,609,42,1.3,35.6,-1.3,28.2,2.8,25,4.4,13,0.1
euroleague,25,2025,total,265,Zalgiris Kaunas,Zalgiris,21280,Sylvain Francisco,PG/SG,42,27:46,1666.6,123,9.9,113.7,-3.4,9.3,13.3,2136,70,2627,2344,283,50.8,0.8,,,,,,,,,,,,,,,,,,,,,,,,,,,,,,,,,,,
euroleague,25,2025,offensive,265,Zalgiris Kaunas,Zalgiris,21280,Sylvain Francisco,PG/SG,42,27:46,1666.6,123,9.9,,,,,,70,,,,,,113.1,34.2,1.4,1126,56.6,5.7,761,40.3,5.5,39.9,4.5,29,1.9,28.1,4.6,14,1.1,,,,,,,,,,,,,,,,,,
euroleague,25,2025,defensive,265,Zalgiris Kaunas,Zalgiris,21280,Sylvain Francisco,PG/SG,42,27:46,1666.6,,,113.7,-3.4,,,,,,,,,,,,,,,,,,,,,,,,,,,117.1,68,66.7,-1.6,1208,53.1,-3.2,653,35.1,1.8,36.1,2.3,27.8,0.4,24.8,1.8,14.2,1.8
euroleague,25,2025,total,60,FC Barcelona,Barcelona,8385,Tornike Shengelia,PF,34,24:56,1496.9,123,14.4,113.9,-7.6,9.1,22,1531,63,1883,1749,134,51.1,3,,,,,,,,,,,,,,,,,,,,,,,,,,,,,,,,,,,
euroleague,25,2025,offensive,60,FC Barcelona,Barcelona,8385,Tornike Shengelia,PF,34,24:56,1496.9,123,14.4,,,,,,63,,,,,,108.6,32.4,-1.5,827,56.1,3.4,535,39.3,-4.2,41.5,7.4,28.5,0.3,27.3,3.2,13.8,-2.7,,,,,,,,,,,,,,,,,,
euroleague,25,2025,defensive,60,FC Barcelona,Barcelona,8385,Tornike Shengelia,PF,34,24:56,1496.9,,,113.9,-7.6,,,,,,,,,,,,,,,,,,,,,,,,,,,121.5,63,69.6,4.8,801,58.6,2.3,515,39.1,0,32,-9.1,27.1,-2.6,24.4,-1.6,15.3,-0.7
euroleague,25,2025,total,2222,AS Monaco,Monaco,22859,Terry Tarpey,SF,36,07:41,461.3,117.5,-0.1,108.5,-10.2,8.9,10.1,515,19,605,560,45,50,2.2,,,,,,,,,,,,,,,,,,,,,,,,,,,,,,,,,,,
euroleague,25,2025,offensive,2222,AS Monaco,Monaco,22859,Terry Tarpey,SF,36,07:41,461.3,117.5,-0.1,,,,,,19,,,,,,117.6,32,2.4,265,54,-2.4,187,41.4,4.2,34.8,1.5,30.3,1.3,26.8,-0.2,13,0.4,,,,,,,,,,,,,,,,,,
euroleague,25,2025,defensive,2222,AS Monaco,Monaco,22859,Terry Tarpey,SF,36,07:41,461.3,,,108.5,-10.2,,,,,,,,,,,,,,,,,,,,,,,,,,,118.7,19,66.9,0.8,235,53.2,-2.9,210,47.2,6.1,35.7,-2,30,3.1,22.1,-2.9,18,3.2
euroleague,25,2025,total,460,Olympiacos Piraeus,Olympiacos,6639,Kostas Papanikolaou,SF,36,14:18,858.7,121.7,-2.6,113.1,0.1,8.7,-2.8,938,36,1142,1054,88,52.9,-1.8,,,,,,,,,,,,,,,,,,,,,,,,,,,,,,,,,,,
euroleague,25,2025,offensive,460,Olympiacos Piraeus,Olympiacos,6639,Kostas Papanikolaou,SF,36,14:18,858.7,121.7,-2.6,,,,,,36,,,,,,124.4,32.5,-5.4,398,62.1,3.7,396,49.9,9.1,37.6,2.3,29.3,-2,31.3,3.3,16,2.1,,,,,,,,,,,,,,,,,,
euroleague,25,2025,defensive,460,Olympiacos Piraeus,Olympiacos,6639,Kostas Papanikolaou,SF,36,14:18,858.7,,,113.1,0.1,,,,,,,,,,,,,,,,,,,,,,,,,,,112.9,35,71.6,1.7,486,53.7,-2.3,360,42.6,-3.6,36.4,2.8,23.4,-2.7,27.2,1.6,14.3,0.4
euroleague,25,2025,total,677,Valencia Basket,Valencia,24087,Kameron Taylor,SF,40,24:03,1443.1,120.3,4.4,111.8,-5.1,8.6,9.5,1815,59,2184,2003,181,52.2,0.6,,,,,,,,,,,,,,,,,,,,,,,,,,,,,,,,,,,
euroleague,25,2025,offensive,677,Valencia Basket,Valencia,24087,Kameron Taylor,SF,40,24:03,1443.1,120.3,4.4,,,,,,59,,,,,,115.9,33.8,-3,868,60.3,6.5,751,46.4,-0.6,35.2,-2.1,27.8,1.9,27.1,-0.4,13.2,-2.4,,,,,,,,,,,,,,,,,,
euroleague,25,2025,defensive,677,Valencia Basket,Valencia,24087,Kameron Taylor,SF,40,24:03,1443.1,,,111.8,-5.1,,,,,,,,,,,,,,,,,,,,,,,,,,,116.8,59,70.7,2.9,877,53.5,-3.4,681,43.7,4,35.1,-0.4,25.4,-3.4,25.8,-0.9,15,-0.6
euroleague,25,2025,total,460,Olympiacos Piraeus,Olympiacos,21572,Tyler Dorsey,SG,43,25:11,1511.4,121.6,-3.4,113.2,2.9,8.4,-6.3,2000,63,2432,2254,178,53.9,0.6,,,,,,,,,,,,,,,,,,,,,,,,,,,,,,,,,,,
euroleague,25,2025,offensive,460,Olympiacos Piraeus,Olympiacos,21572,Tyler Dorsey,SG,43,25:11,1511.4,121.6,-3.4,,,,,,63,,,,,,125,36,2,974,57.7,-4.6,750,43.5,-1.1,36.3,0.3,30.7,1,28,-3.5,14.7,0.6,,,,,,,,,,,,,,,,,,
euroleague,25,2025,defensive,460,Olympiacos Piraeus,Olympiacos,21572,Tyler Dorsey,SG,43,25:11,1511.4,,,113.2,2.9,,,,,,,,,,,,,,,,,,,,,,,,,,,110.2,63,71,1,1016,55.5,1.1,777,43.3,-3.3,35.3,1.6,23.3,-4.6,26.2,0.1,14.1,-1.2
euroleague,25,2025,total,368,Real Madrid,Real,11192,Facundo Campazzo,PG,44,24:23,1463.3,120.3,-0.9,111.9,-4.9,8.4,3.9,1947,61,2343,2177,166,53.8,-0.1,,,,,,,,,,,,,,,,,,,,,,,,,,,,,,,,,,,
euroleague,25,2025,offensive,368,Real Madrid,Real,11192,Facundo Campazzo,PG,44,24:23,1463.3,120.3,-0.9,,,,,,61,,,,,,121.3,34.9,-0.1,945,55.6,-1,788,45.5,9.8,37.3,-1.2,28.5,-0.5,26,-1.3,14.1,-1,,,,,,,,,,,,,,,,,,
euroleague,25,2025,defensive,368,Real Madrid,Real,11192,Facundo Campazzo,PG,44,24:23,1463.3,,,111.9,-4.9,,,,,,,,,,,,,,,,,,,,,,,,,,,116.8,61,72.3,1.8,1022,52.9,1.4,706,40.9,-1.1,35.4,-2.9,25.8,-3.1,22.1,-1.8,13.4,1.3
euroleague,25,2025,total,636,Maccabi Playtika Tel Aviv,Maccabi,24197,Zach Hankins,C,10,10:18,618.1,118.3,2.6,110,-13.9,8.3,16.5,191,24,226,209,17,59.4,10.5,,,,,,,,,,,,,,,,,,,,,,,,,,,,,,,,,,,
euroleague,25,2025,offensive,636,Maccabi Playtika Tel Aviv,Maccabi,24197,Zach Hankins,C,10,10:18,618.1,118.3,2.6,,,,,,24,,,,,,115.7,45.7,12.5,108,51.9,-2.8,71,39.7,-4.4,26.8,-6.7,33,5.4,24.2,-0.4,11.7,-3.1,,,,,,,,,,,,,,,,,,
euroleague,25,2025,defensive,636,Maccabi Playtika Tel Aviv,Maccabi,24197,Zach Hankins,C,10,10:18,618.1,,,110,-13.9,,,,,,,,,,,,,,,,,,,,,,,,,,,123.9,24,75,9.1,90,51.1,-12.2,64,41.6,-2.4,29.7,-5.1,35.3,9.5,21.5,-8.9,15,1.3
euroleague,25,2025,total,677,Valencia Basket,Valencia,24164,Darius Thompson,PG,44,18:48,1128.6,120.3,2.8,112,-3.8,8.2,6.6,1564,47,1881,1750,131,51.6,-0.3,,,,,,,,,,,,,,,,,,,,,,,,,,,,,,,,,,,
euroleague,25,2025,offensive,677,Valencia Basket,Valencia,24164,Darius Thompson,PG,44,18:48,1128.6,120.3,2.8,,,,,,47,,,,,,117.5,33.3,-3.2,733,58.8,2.2,684,48.3,3.4,37.7,3.2,24.6,-4.3,28.3,1.6,13.6,-0.7,,,,,,,,,,,,,,,,,,
euroleague,25,2025,defensive,677,Valencia Basket,Valencia,24164,Darius Thompson,PG,44,18:48,1128.6,,,112,-3.8,,,,,,,,,,,,,,,,,,,,,,,,,,,115.8,47,69.7,1.7,825,54.2,-0.7,541,39.6,-4.2,33.8,-2,27.9,2,26.3,0.5,14.6,-0.7
euroleague,25,2025,total,33,Panathinaikos AKTOR Athens,Panathinaikos,24143,Nikos Rogkavopoulos,SF,34,12:17,737.5,120.1,3.3,112.2,-2.9,7.9,6.2,747,30,897,838,59,48.6,-0.2,,,,,,,,,,,,,,,,,,,,,,,,,,,,,,,,,,,
euroleague,25,2025,offensive,33,Panathinaikos AKTOR Athens,Panathinaikos,24143,Nikos Rogkavopoulos,SF,34,12:17,737.5,120.1,3.3,,,,,,30,,,,,,116.8,33.8,3.1,448,54,-3,268,37.4,-0.6,34.7,0.1,27.6,-0.4,26.6,1.7,10.6,-4.1,,,,,,,,,,,,,,,,,,
euroleague,25,2025,defensive,33,Panathinaikos AKTOR Athens,Panathinaikos,24143,Nikos Rogkavopoulos,SF,34,12:17,737.5,,,112.2,-2.9,,,,,,,,,,,,,,,,,,,,,,,,,,,115.1,30,64.4,-1.5,380,53.2,-4.5,283,42.7,-2.4,33.6,0.2,26,-1.6,25.1,-1.9,15.8,0.8
euroleague,25,2025,total,33,Panathinaikos AKTOR Athens,Panathinaikos,6641,Kostas Sloukas,PG,38,21:19,1279.7,123.2,7.8,115.3,-1.4,7.9,9.2,1493,54,1839,1666,173,49.6,0.4,,,,,,,,,,,,,,,,,,,,,,,,,,,,,,,,,,,
euroleague,25,2025,offensive,33,Panathinaikos AKTOR Athens,Panathinaikos,6641,Kostas Sloukas,PG,38,21:19,1279.7,123.2,7.8,,,,,,54,,,,,,115.4,32.1,0.3,820,59.1,4.9,512,38.4,3.4,35.5,2.1,28.8,0.6,27.8,5,12.4,-0.7,,,,,,,,,,,,,,,,,,
euroleague,25,2025,defensive,33,Panathinaikos AKTOR Athens,Panathinaikos,6641,Kostas Sloukas,PG,38,21:19,1279.7,,,115.3,-1.4,,,,,,,,,,,,,,,,,,,,,,,,,,,116.7,52,67.5,0.5,702,57.5,0.4,541,43.5,-0.5,33.6,-2.8,26.4,-0.4,27.6,0.5,15,-0.4
euroleague,25,2025,total,265,Zalgiris Kaunas,Zalgiris,18673,Deividas Sirvydis,SG,27,12:16,736.2,116,-5.4,108.1,-7.2,7.9,1.8,599,30,695,637,58,49,-3,,,,,,,,,,,,,,,,,,,,,,,,,,,,,,,,,,,
euroleague,25,2025,offensive,265,Zalgiris Kaunas,Zalgiris,18673,Deividas Sirvydis,SG,27,12:16,736.2,116,-5.4,,,,,,30,,,,,,121.4,31.8,-3.9,300,56.3,2.2,230,43.4,5,34.8,-4.8,29.5,0.2,26.4,-0.4,13.7,-0.3,,,,,,,,,,,,,,,,,,
euroleague,25,2025,defensive,265,Zalgiris Kaunas,Zalgiris,18673,Deividas Sirvydis,SG,27,12:16,736.2,,,108.1,-7.2,,,,,,,,,,,,,,,,,,,,,,,,,,,115.3,30,65.6,-3,361,51.2,-4.2,171,32.1,-1.8,28.7,-7,28.4,0.4,22.2,-1.8,13.2,-1
euroleague,25,2025,total,265,Zalgiris Kaunas,Zalgiris,20837,Ąžuolas Tubelis,PF,42,22:41,1361.6,121.7,3.8,113.9,-2,7.8,5.8,1729,57,2104,1965,139,50.7,0.4,,,,,,,,,,,,,,,,,,,,,,,,,,,,,,,,,,,
euroleague,25,2025,offensive,265,Zalgiris Kaunas,Zalgiris,20837,Ąžuolas Tubelis,PF,42,22:41,1361.6,121.7,3.8,,,,,,57,,,,,,117.9,32.8,-2.2,944,56.7,4.5,561,37.3,-3.2,39.8,2.2,29.3,2.1,29.3,5.9,14.3,1.3,,,,,,,,,,,,,,,,,,
euroleague,25,2025,defensive,265,Zalgiris Kaunas,Zalgiris,20837,Ąžuolas Tubelis,PF,42,22:41,1361.6,,,113.9,-2,,,,,,,,,,,,,,,,,,,,,,,,,,,115.9,57,67.5,0.7,1010,54.3,0.4,528,34.3,-0.4,34.7,-1.7,27.8,0.4,24.2,0,14.2,1.2
euroleague,25,2025,total,368,Real Madrid,Real,18459,David Kraemer,SG,8,12:57,777.5,227.8,,220.2,,7.6,,97,100,221,185,36,59.6,,,,,,,,,,,,,,,,,,,,,,,,,,,,,,,,,,,,
euroleague,25,2025,offensive,368,Real Madrid,Real,18459,David Kraemer,SG,8,12:57,777.5,227.8,,,,,,,100,,,,,,,37.3,,0,,,0,0,,,,0,,0,,24.2,,,,,,,,,,,,,,,,,,,
euroleague,25,2025,defensive,368,Real Madrid,Real,18459,David Kraemer,SG,8,12:57,777.5,,,220.2,,,,,,,,,,,,,,,,,,,,,,,,,,,,,100,78,,0,,,0,0,,,,0,,0,,22.6,
euroleague,25,2025,total,60,FC Barcelona,Barcelona,13238,Tomas Satoransky,PG,37,24:54,1494.7,118.8,3.7,111.4,-9.7,7.4,13.4,1632,61,1938,1843,95,50.8,2.1,,,,,,,,,,,,,,,,,,,,,,,,,,,,,,,,,,,
euroleague,25,2025,offensive,60,FC Barcelona,Barcelona,13238,Tomas Satoransky,PG,37,24:54,1494.7,118.8,3.7,,,,,,61,,,,,,115,33.3,0.6,918,55,0.2,545,37.3,-6.3,38,0.8,28.1,-0.9,25.3,0.4,13.7,-1.7,,,,,,,,,,,,,,,,,,
euroleague,25,2025,defensive,60,FC Barcelona,Barcelona,13238,Tomas Satoransky,PG,37,24:54,1494.7,,,111.4,-9.7,,,,,,,,,,,,,,,,,,,,,,,,,,,121.1,62,68.2,2,887,56.6,-0.7,546,38.1,-0.9,31.7,-7.5,26,-5.2,23.8,-2.3,15.9,0.6
euroleague,25,2025,total,635,Hapoel Shlomo Tel Aviv,Hapoel,23459,Elijah Bryant,SG,38,29:30,1770.3,121.1,7.7,113.8,-2.8,7.3,10.5,2062,74,2497,2320,177,49.5,0.5,,,,,,,,,,,,,,,,,,,,,,,,,,,,,,,,,,,
euroleague,25,2025,offensive,635,Hapoel Shlomo Tel Aviv,Hapoel,23459,Elijah Bryant,SG,38,29:30,1770.3,121.1,7.7,,,,,,74,,,,,,113.4,29,4.7,1138,60,3.8,639,36,-5.4,36.8,-1.9,28.7,2.1,24.1,-0.9,13.9,-1.5,,,,,,,,,,,,,,,,,,
euroleague,25,2025,defensive,635,Hapoel Shlomo Tel Aviv,Hapoel,23459,Elijah Bryant,SG,38,29:30,1770.3,,,113.8,-2.8,,,,,,,,,,,,,,,,,,,,,,,,,,,116.6,73,67.8,-2.7,1059,55.4,-1,753,41.6,3.4,33.6,2.2,25.1,-3.3,24.8,-0.6,14.7,2.6
euroleague,25,2025,total,265,Zalgiris Kaunas,Zalgiris,35897,Dustin Sleva,PF,42,18:17,1097.6,122.5,4.5,115.4,1,7.1,3.4,1364,45,1671,1554,117,51.3,1.5,,,,,,,,,,,,,,,,,,,,,,,,,,,,,,,,,,,
euroleague,25,2025,offensive,265,Zalgiris Kaunas,Zalgiris,35897,Dustin Sleva,PF,42,18:17,1097.6,122.5,4.5,,,,,,45,,,,,,118,36.3,4.6,722,54.4,-0.6,513,41.5,5.3,38.6,-0.3,27.9,-0.9,24.9,-3.3,12.6,-2.1,,,,,,,,,,,,,,,,,,
euroleague,25,2025,defensive,265,Zalgiris Kaunas,Zalgiris,35897,Dustin Sleva,PF,42,18:17,1097.6,,,115.4,1,,,,,,,,,,,,,,,,,,,,,,,,,,,114.3,44,67.5,0.4,776,53.9,-0.4,415,34.8,0.6,36.1,1.3,28.6,1.6,23.7,-0.9,13.7,0.1
euroleague,25,2025,total,265,Zalgiris Kaunas,Zalgiris,6943,Arnas Butkevičius,SF,38,18:02,1082,122.7,3.6,115.6,2,7.1,1.6,1212,44,1487,1463,24,50.3,-0.7,,,,,,,,,,,,,,,,,,,,,,,,,,,,,,,,,,,
euroleague,25,2025,offensive,265,Zalgiris Kaunas,Zalgiris,6943,Arnas Butkevičius,SF,38,18:02,1082,122.7,3.6,,,,,,44,,,,,,119.1,31.4,-5,654,56.7,2.6,407,38.4,-1.4,42.3,6.8,27.1,-2.2,28,2.7,14.3,1.1,,,,,,,,,,,,,,,,,,
euroleague,25,2025,defensive,265,Zalgiris Kaunas,Zalgiris,6943,Arnas Butkevičius,SF,38,18:02,1082,,,115.6,2,,,,,,,,,,,,,,,,,,,,,,,,,,,113.6,46,68,1.9,729,54.2,-0.1,386,34.6,1.6,37.8,5.1,29.1,2.4,25.2,2.4,14.3,1
euroleague,25,2025,total,2222,AS Monaco,Monaco,24711,Kevarrius Hayes,C,40,17:27,1047.2,117.5,-1.6,110.5,-9.8,7,8.2,1277,43,1500,1425,75,49.1,1.2,,,,,,,,,,,,,,,,,,,,,,,,,,,,,,,,,,,
euroleague,25,2025,offensive,2222,AS Monaco,Monaco,24711,Kevarrius Hayes,C,40,17:27,1047.2,117.5,-1.6,,,,,,43,,,,,,119.1,31.1,2.7,689,54.3,-4.3,438,38.9,1.1,36.5,4.4,27.3,-2.7,27.1,-1.4,13.2,0.8,,,,,,,,,,,,,,,,,,
euroleague,25,2025,defensive,2222,AS Monaco,Monaco,24711,Kevarrius Hayes,C,40,17:27,1047.2,,,110.5,-9.8,,,,,,,,,,,,,,,,,,,,,,,,,,,120.3,43,66.6,-0.4,683,52.3,-6.2,445,39.5,-3.7,36.4,-0.7,28.3,3,23.9,-0.7,16.2,2.2
euroleague,25,2025,total,460,Olympiacos Piraeus,Olympiacos,19613,Shaquielle McKissic,SG,27,11:32,692.7,120.5,-2.2,113.5,7.1,7,-9.3,570,28,687,654,33,53.2,-1.6,,,,,,,,,,,,,,,,,,,,,,,,,,,,,,,,,,,
euroleague,25,2025,offensive,460,Olympiacos Piraeus,Olympiacos,19613,Shaquielle McKissic,SG,27,11:32,692.7,120.5,-2.2,,,,,,28,,,,,,122.7,32.5,-1.5,261,62.5,4.2,224,46.2,4.2,33.9,-3.6,27.2,-2.8,28.8,-1.1,14.3,-0.1,,,,,,,,,,,,,,,,,,
euroleague,25,2025,defensive,460,Olympiacos Piraeus,Olympiacos,19613,Shaquielle McKissic,SG,27,11:32,692.7,,,113.5,7.1,,,,,,,,,,,,,,,,,,,,,,,,,,,106.4,29,71.6,-2,265,56.2,1.6,226,46,2,34.5,2.1,30,7.1,26.2,0.2,14.3,-0.5
euroleague,25,2025,total,77,Partizan Mozzart Bet Belgrade,Partizan,21217,Tonye Jekiri,C,15,19:16,1156.5,111.9,0.3,105.2,-11.7,6.8,12,519,47,581,547,34,51.8,0.4,,,,,,,,,,,,,,,,,,,,,,,,,,,,,,,,,,,
euroleague,25,2025,offensive,77,Partizan Mozzart Bet Belgrade,Partizan,21217,Tonye Jekiri,C,15,19:16,1156.5,111.9,0.3,,,,,,47,,,,,,111.6,31.5,-0.8,298,52.7,-3.4,189,38.8,0,32.3,-3.4,26.8,2.1,26.7,0.5,12.3,-5.9,,,,,,,,,,,,,,,,,,
euroleague,25,2025,defensive,77,Partizan Mozzart Bet Belgrade,Partizan,21217,Tonye Jekiri,C,15,19:16,1156.5,,,105.2,-11.7,,,,,,,,,,,,,,,,,,,,,,,,,,,116.9,47,74.1,5.3,276,53.6,-2.7,161,36.8,-4.4,32.9,-1,28.3,-0.1,24.2,-2.1,16.3,3.4
euroleague,25,2025,total,368,Real Madrid,Real,21364,Theo Maledon,PG/SG,38,17:00,1020.9,121.9,0.7,115.4,3.1,6.5,-2.5,1224,44,1492,1393,99,53.9,0.1,,,,,,,,,,,,,,,,,,,,,,,,,,,,,,,,,,,
euroleague,25,2025,offensive,368,Real Madrid,Real,21364,Theo Maledon,PG/SG,38,17:00,1020.9,121.9,0.7,,,,,,44,,,,,,121.2,34.1,-0.6,675,54.5,-1.6,370,35.4,-9.5,39.2,0.5,29.7,2.2,25.3,-2.1,13.8,-0.9,,,,,,,,,,,,,,,,,,
euroleague,25,2025,defensive,368,Real Madrid,Real,21364,Theo Maledon,PG/SG,38,17:00,1020.9,,,115.4,3.1,,,,,,,,,,,,,,,,,,,,,,,,,,,112.3,43,72.4,0.3,606,51.3,-1.3,450,42.6,2.8,38.9,2.8,29.4,4.5,24.7,2.5,12.8,-0.3
euroleague,25,2025,total,368,Real Madrid,Real,34931,David Kramer,SG/SF,14,11:20,680.2,119.8,-1,113.3,0.4,6.5,-1.4,283,28,339,323,16,58.8,7.3,,,,,,,,,,,,,,,,,,,,,,,,,,,,,,,,,,,
euroleague,25,2025,offensive,368,Real Madrid,Real,34931,David Kramer,SG/SF,14,11:20,680.2,119.8,-1,,,,,,28,,,,,,120.8,41.7,8.5,143,60.1,1.2,108,43,-0.7,36.1,-2,29.7,0.6,28.9,2.6,16,0.5,,,,,,,,,,,,,,,,,,
euroleague,25,2025,defensive,368,Real Madrid,Real,34931,David Kramer,SG/SF,14,11:20,680.2,,,113.3,0.4,,,,,,,,,,,,,,,,,,,,,,,,,,,113,28,74.6,8.2,134,52.2,0.2,116,46.4,5.5,34.5,1.4,29.8,2.9,20.5,-1.7,11.8,-1
euroleague,25,2025,total,677,Valencia Basket,Valencia,24753,Neal Sako,C,42,13:23,803.7,119.1,-0.3,112.7,-2.8,6.4,2.5,1030,32,1227,1152,75,53.3,2.2,,,,,,,,,,,,,,,,,,,,,,,,,,,,,,,,,,,
euroleague,25,2025,offensive,677,Valencia Basket,Valencia,24753,Neal Sako,C,42,13:23,803.7,119.1,-0.3,,,,,,32,,,,,,119.5,38.6,4.6,547,55.9,-2.7,400,42.2,-5.6,38.5,3.1,27.8,1.2,27.2,-0.5,14.9,1.3,,,,,,,,,,,,,,,,,,
euroleague,25,2025,defensive,677,Valencia Basket,Valencia,24753,Neal Sako,C,42,13:23,803.7,,,112.7,-2.8,,,,,,,,,,,,,,,,,,,,,,,,,,,115.5,32,68.9,0.4,522,55.7,1.4,369,41.4,-0.4,33.1,-3.6,27.9,1.7,25.3,-1.5,15.5,0.7
euroleague,25,2025,total,1220,FC Bayern Munich,Bayern,36002,Justinian Jessup,SG/SF,37,19:17,1157.7,115,6.4,108.6,-11.1,6.3,17.5,1283,48,1475,1408,67,48.8,-0.3,,,,,,,,,,,,,,,,,,,,,,,,,,,,,,,,,,,
euroleague,25,2025,offensive,1220,FC Bayern Munich,Bayern,36002,Justinian Jessup,SG/SF,37,19:17,1157.7,115,6.4,,,,,,48,,,,,,108.6,29.6,-1.1,633,58.8,7.8,478,43,0.5,35.4,-0.6,25.8,-0.7,27.7,1.6,15.6,-0.1,,,,,,,,,,,,,,,,,,
euroleague,25,2025,defensive,1220,FC Bayern Munich,Bayern,36002,Justinian Jessup,SG/SF,37,19:17,1157.7,,,108.6,-11.1,,,,,,,,,,,,,,,,,,,,,,,,,,,119.7,48,66.6,-2.8,593,54.1,-3,499,45.7,3.9,34.5,-3,30.5,2.1,25.3,-2.2,17.5,3.1
euroleague,25,2025,total,265,Zalgiris Kaunas,Zalgiris,17940,Maodo Lo,PG,41,18:02,1082.8,124.9,8.9,118.7,7.2,6.2,1.7,1325,45,1655,1563,92,50,-1,,,,,,,,,,,,,,,,,,,,,,,,,,,,,,,,,,,
euroleague,25,2025,offensive,265,Zalgiris Kaunas,Zalgiris,17940,Maodo Lo,PG,41,18:02,1082.8,124.9,8.9,,,,,,45,,,,,,116,33.9,0.2,683,57,3.7,499,42.2,6.1,40.3,3.2,27.5,-1.7,25.9,-1.6,13.3,-0.9,,,,,,,,,,,,,,,,,,
euroleague,25,2025,defensive,265,Zalgiris Kaunas,Zalgiris,17940,Maodo Lo,PG,41,18:02,1082.8,,,118.7,7.2,,,,,,,,,,,,,,,,,,,,,,,,,,,111.5,44,66.9,-1.1,761,56.6,4.3,396,34.2,-0.2,34.6,-1.7,28.2,0.9,24.8,0.9,13.2,-1
euroleague,25,2025,total,3292,Paris Basketball,Paris,24149,Leo Cavaliere,SF,36,13:59,839.2,113.9,-2.6,107.7,-13,6.2,10.4,974,35,1109,1069,40,49.3,0.5,,,,,,,,,,,,,,,,,,,,,,,,,,,,,,,,,,,
euroleague,25,2025,offensive,3292,Paris Basketball,Paris,24149,Leo Cavaliere,SF,36,13:59,839.2,113.9,-2.6,,,,,,35,,,,,,116.5,32,-3.1,443,54.9,3.4,419,48.6,1.2,34.4,-3.7,26.3,-0.6,22.8,0.9,14.9,-0.1,,,,,,,,,,,,,,,,,,
euroleague,25,2025,defensive,3292,Paris Basketball,Paris,24149,Leo Cavaliere,SF,36,13:59,839.2,,,107.7,-13,,,,,,,,,,,,,,,,,,,,,,,,,,,120.6,35,67.5,3.9,437,55.6,0,375,46.2,0.4,31.2,-6.9,27.6,-1.9,27.2,-2.3,18.4,3.2
euroleague,25,2025,total,636,Maccabi Playtika Tel Aviv,Maccabi,36812,Will Rayman,PF,38,11:56,716.8,123.1,6.9,117,-6.6,6.1,13.6,828,29,1019,1006,13,54.3,6.8,,,,,,,,,,,,,,,,,,,,,,,,,,,,,,,,,,,
euroleague,25,2025,offensive,636,Maccabi Playtika Tel Aviv,Maccabi,36812,Will Rayman,PF,38,11:56,716.8,123.1,6.9,,,,,,29,,,,,,116.1,38.7,5.7,418,56.9,4.4,325,43.7,2,36.6,1.9,29.7,1.3,26.2,0.4,13.9,0.2,,,,,,,,,,,,,,,,,,
euroleague,25,2025,defensive,636,Maccabi Playtika Tel Aviv,Maccabi,36812,Will Rayman,PF,38,11:56,716.8,,,117,-6.6,,,,,,,,,,,,,,,,,,,,,,,,,,,123.6,30,70.8,7.6,370,60.8,1.5,350,48.6,5.8,36.3,1.4,29.8,2.3,27.2,-1.7,15.9,2
euroleague,25,2025,total,74,Crvena Zvezda Meridianbet Belgrade,C.Zvezda,35325,Chima Moneke,PF,35,26:56,1616.2,120.1,12.7,114.3,-1.1,5.8,13.8,1792,68,2152,2019,133,53.9,-0.5,,,,,,,,,,,,,,,,,,,,,,,,,,,,,,,,,,,
euroleague,25,2025,offensive,74,Crvena Zvezda Meridianbet Belgrade,C.Zvezda,35325,Chima Moneke,PF,35,26:56,1616.2,120.1,12.7,,,,,,68,,,,,,107.4,36.9,-3,933,59.4,9.6,606,39.4,0.6,36,4.4,27.1,-3.5,28.6,4.7,16,0.4,,,,,,,,,,,,,,,,,,
euroleague,25,2025,defensive,74,Crvena Zvezda Meridianbet Belgrade,C.Zvezda,35325,Chima Moneke,PF,35,26:56,1616.2,,,114.3,-1.1,,,,,,,,,,,,,,,,,,,,,,,,,,,115.3,67,69.7,-0.9,831,55.2,-2,672,44.7,-0.5,35.7,-0.4,26.7,-2.7,26.4,0.3,15.2,-0.1
euroleague,25,2025,total,3292,Paris Basketball,Paris,23786,Derek Willis,PF,28,16:13,973.1,118,3,112.2,-2.5,5.8,5.5,901,41,1063,1003,60,50.2,1,,,,,,,,,,,,,,,,,,,,,,,,,,,,,,,,,,,
euroleague,25,2025,offensive,3292,Paris Basketball,Paris,23786,Derek Willis,PF,28,16:13,973.1,118,3,,,,,,41,,,,,,115,35.8,1.6,393,52.2,0.7,393,50,1.1,38.7,2.5,26.6,-0.4,25.6,3.5,15.7,0.9,,,,,,,,,,,,,,,,,,
euroleague,25,2025,defensive,3292,Paris Basketball,Paris,23786,Derek Willis,PF,28,16:13,973.1,,,112.2,-2.5,,,,,,,,,,,,,,,,,,,,,,,,,,,114.7,41,64,-1.2,385,52.5,-1.2,384,49.9,5.4,34.6,0.1,28,-2.7,25.6,-3,16.1,-0.5
euroleague,25,2025,total,3359,Dubai Basketball,Dubai,23521,Mfiondu Kabengele,C,36,22:14,1334.9,122.2,7.9,116.5,-3.9,5.7,11.8,1448,54,1769,1701,68,51.3,3.5,,,,,,,,,,,,,,,,,,,,,,,,,,,,,,,,,,,
euroleague,25,2025,offensive,3359,Dubai Basketball,Dubai,23521,Mfiondu Kabengele,C,36,22:14,1334.9,122.2,7.9,,,,,,54,,,,,,114.2,30.5,0.3,848,57.4,5.9,406,32.4,-10,36,2.2,27.6,-2,27.8,4.5,13,0.3,,,,,,,,,,,,,,,,,,
euroleague,25,2025,defensive,3359,Dubai Basketball,Dubai,23521,Mfiondu Kabengele,C,36,22:14,1334.9,,,116.5,-3.9,,,,,,,,,,,,,,,,,,,,,,,,,,,120.4,55,69.2,3.3,807,51.2,-3.9,524,39.4,0.7,38.5,2.9,28.2,-2,24.8,-0.3,12.1,-0.9
euroleague,25,2025,total,3292,Paris Basketball,Paris,35311,Sebastian Herrera,SG,36,16:25,985.2,116.2,1.3,110.5,-10.1,5.6,11.5,1176,42,1366,1302,64,49.2,0.3,,,,,,,,,,,,,,,,,,,,,,,,,,,,,,,,,,,
euroleague,25,2025,offensive,3292,Paris Basketball,Paris,35311,Sebastian Herrera,SG,36,16:25,985.2,116.2,1.3,,,,,,42,,,,,,114.8,32.2,-3.8,497,54.9,4.8,524,51.3,6.4,37.2,0,25.7,-1.6,24.8,4.1,15.9,1.4,,,,,,,,,,,,,,,,,,
euroleague,25,2025,defensive,3292,Paris Basketball,Paris,35311,Sebastian Herrera,SG,36,16:25,985.2,,,110.5,-10.1,,,,,,,,,,,,,,,,,,,,,,,,,,,120.7,42,66.8,3.9,509,56,1.9,452,47,2.2,32.1,-6.5,31.7,4.5,26.4,-3.3,17.3,2.1
euroleague,25,2025,total,368,Real Madrid,Real,34860,Chuma Okeke,PF,43,17:54,1074.3,119.8,-1.8,114.3,-0.5,5.6,-1.3,1377,44,1650,1578,72,52.6,-2.3,,,,,,,,,,,,,,,,,,,,,,,,,,,,,,,,,,,
euroleague,25,2025,offensive,368,Real Madrid,Real,34860,Chuma Okeke,PF,43,17:54,1074.3,119.8,-1.8,,,,,,44,,,,,,121.6,35.1,-0.2,680,54.4,-2.7,572,45.7,7.1,37.4,-0.4,26.9,-3,25.7,-1.3,13.6,-1.5,,,,,,,,,,,,,,,,,,
euroleague,25,2025,defensive,368,Real Madrid,Real,34860,Chuma Okeke,PF,43,17:54,1074.3,,,114.3,-0.5,,,,,,,,,,,,,,,,,,,,,,,,,,,114.7,44,70,-3.2,739,50.7,-3.7,505,40.6,-1.3,38.6,3,26,-1.8,21,-3.7,13.5,1
euroleague,25,2025,total,3292,Paris Basketball,Paris,24649,Jeremy Morgan,SG,32,17:42,1062.7,120.6,7.8,115.3,-0.8,5.3,8.6,1103,44,1330,1266,64,48.9,-0.2,,,,,,,,,,,,,,,,,,,,,,,,,,,,,,,,,,,
euroleague,25,2025,offensive,3292,Paris Basketball,Paris,24649,Jeremy Morgan,SG,32,17:42,1062.7,120.6,7.8,,,,,,44,,,,,,112.8,34.6,0.7,505,53.7,1.6,490,49.2,1.6,37.8,0.8,28.7,4.1,21.3,-2.9,13.1,-3.4,,,,,,,,,,,,,,,,,,
euroleague,25,2025,defensive,3292,Paris Basketball,Paris,24649,Jeremy Morgan,SG,32,17:42,1062.7,,,115.3,-0.8,,,,,,,,,,,,,,,,,,,,,,,,,,,116.1,44,64.1,-1.2,495,53.3,-4.7,417,45.7,-0.9,37.4,2.4,29.9,1.4,27.8,-2.2,16.6,-0.1
euroleague,25,2025,total,389,EA7 Emporio Armani Milan,EA7 Armani,22918,Leandro Bolmaro,PG,29,22:36,1356.2,121.1,3.7,115.9,-6.3,5.2,10,1171,56,1418,1375,43,51.4,2.3,,,,,,,,,,,,,,,,,,,,,,,,,,,,,,,,,,,
euroleague,25,2025,offensive,389,EA7 Emporio Armani Milan,EA7 Armani,22918,Leandro Bolmaro,PG,29,22:36,1356.2,121.1,3.7,,,,,,56,,,,,,117.4,33.9,4.9,648,55.2,1.2,400,38.2,-9.8,38.5,-0.7,28.3,-1.4,26.6,-1.2,13.1,-2.5,,,,,,,,,,,,,,,,,,
euroleague,25,2025,defensive,389,EA7 Emporio Armani Milan,EA7 Armani,22918,Leandro Bolmaro,PG,29,22:36,1356.2,,,115.9,-6.3,,,,,,,,,,,,,,,,,,,,,,,,,,,122.2,56,68.4,-0.6,628,52.7,-7.7,436,41,4.2,37.6,3.2,26,-2,24.3,-1.6,13.5,0.9
euroleague,25,2025,total,3359,Dubai Basketball,Dubai,8327,Sertac Sanli,C,7,07:50,470.4,127.8,6.1,122.7,-6.5,5.2,12.5,97,19,124,119,5,44.7,-5.4,,,,,,,,,,,,,,,,,,,,,,,,,,,,,,,,,,,
euroleague,25,2025,offensive,3359,Dubai Basketball,Dubai,8327,Sertac Sanli,C,7,07:50,470.4,127.8,6.1,,,,,,19,,,,,,121.8,33.3,1.6,54,53.7,-1,31,36.5,0,41.9,11.7,28.9,-5,22.2,-2.6,10.8,0.9,,,,,,,,,,,,,,,,,,
euroleague,25,2025,defensive,3359,Dubai Basketball,Dubai,8327,Sertac Sanli,C,7,07:50,470.4,,,122.7,-6.5,,,,,,,,,,,,,,,,,,,,,,,,,,,129.2,19,55.8,-13.4,53,67.9,13.1,28,34.6,-3.2,17.9,-27.3,44.3,14.9,17.3,-7.1,15.5,3.9
euroleague,25,2025,total,33,Panathinaikos AKTOR Athens,Panathinaikos,18834,Richaun Holmes,C,19,18:44,1124.8,120.3,5.4,115.2,0.2,5.1,5.2,626,45,753,721,32,50,1.4,,,,,,,,,,,,,,,,,,,,,,,,,,,,,,,,,,,
euroleague,25,2025,offensive,33,Panathinaikos AKTOR Athens,Panathinaikos,18834,Richaun Holmes,C,19,18:44,1124.8,120.3,5.4,,,,,,45,,,,,,114.9,30.9,-1.1,368,55.7,0.3,194,34.5,-1.5,35.6,0.7,31.6,4,24.8,-1.2,11.9,-3.5,,,,,,,,,,,,,,,,,,
euroleague,25,2025,defensive,33,Panathinaikos AKTOR Athens,Panathinaikos,18834,Richaun Holmes,C,19,18:44,1124.8,,,115.2,0.2,,,,,,,,,,,,,,,,,,,,,,,,,,,115,45,68.7,2.9,303,50.8,-8.2,260,46.2,4.7,38.1,2.9,27,0.1,28.3,1.5,14,-2.7
euroleague,25,2025,total,3359,Dubai Basketball,Dubai,35443,McKinley Wright IV,PG,38,29:33,1773.1,122.1,10,117,-7.6,5.1,17.6,2045,73,2497,2388,109,51.5,6.9,,,,,,,,,,,,,,,,,,,,,,,,,,,,,,,,,,,
euroleague,25,2025,offensive,3359,Dubai Basketball,Dubai,35443,McKinley Wright IV,PG,38,29:33,1773.1,122.1,10,,,,,,73,,,,,,112.1,31.3,2.7,1171,56.4,4.9,614,34.4,-10,35.7,2.5,28.8,0,26.5,2.9,12.6,-0.5,,,,,,,,,,,,,,,,,,
euroleague,25,2025,defensive,3359,Dubai Basketball,Dubai,35443,McKinley Wright IV,PG,38,29:33,1773.1,,,117,-7.6,,,,,,,,,,,,,,,,,,,,,,,,,,,124.6,73,69.5,7.6,1111,51.6,-5.4,738,39.9,4.2,38.8,4,27.6,-6.4,25,0.3,12.4,-0.4
euroleague,25,2025,total,636,Maccabi Playtika Tel Aviv,Maccabi,20827,T.J. Leaf,PF,24,18:12,1092.3,122.4,7.7,117.3,-6.4,5.1,14.1,798,44,977,934,43,47.4,-0.7,,,,,,,,,,,,,,,,,,,,,,,,,,,,,,,,,,,
euroleague,25,2025,offensive,636,Maccabi Playtika Tel Aviv,Maccabi,20827,T.J. Leaf,PF,24,18:12,1092.3,122.4,7.7,,,,,,44,,,,,,114.8,34.8,4.7,428,57,4.1,290,40.4,-2.3,33.8,-1.7,32,5.3,24.1,-2.9,12.3,-1.5,,,,,,,,,,,,,,,,,,
euroleague,25,2025,defensive,636,Maccabi Playtika Tel Aviv,Maccabi,20827,T.J. Leaf,PF,24,18:12,1092.3,,,117.3,-6.4,,,,,,,,,,,,,,,,,,,,,,,,,,,123.7,44,59.9,-7.6,367,59.4,-1.2,332,47.5,4.7,31.6,-4.3,28.3,0.7,25.7,-3.4,16.3,3.5
euroleague,25,2025,total,677,Valencia Basket,Valencia,24673,Jean Montero,PG/SG,38,22:57,1377.9,121.1,4.6,116.1,5.6,5,-1,1623,57,1966,1860,106,51.3,0.2,,,,,,,,,,,,,,,,,,,,,,,,,,,,,,,,,,,
euroleague,25,2025,offensive,677,Valencia Basket,Valencia,24673,Jean Montero,PG/SG,38,22:57,1377.9,121.1,4.6,,,,,,57,,,,,,116.5,37.3,5.6,816,57.7,1.1,662,44.8,-3.4,35.2,-1.6,28.8,4,26.3,-2.1,13.1,-0.6,,,,,,,,,,,,,,,,,,
euroleague,25,2025,defensive,677,Valencia Basket,Valencia,24673,Jean Montero,PG/SG,38,22:57,1377.9,,,116.1,5.6,,,,,,,,,,,,,,,,,,,,,,,,,,,110.5,56,65.8,-5,806,55.1,2.2,620,43.5,2.6,35,1.3,24.9,-4.5,25.8,0,14.9,0
euroleague,25,2025,total,265,Zalgiris Kaunas,Zalgiris,35693,Moses Wright,C,42,23:39,1419.6,121.1,2.5,116.1,3.2,4.9,-0.7,1775,58,2149,2060,89,50.6,0.2,,,,,,,,,,,,,,,,,,,,,,,,,,,,,,,,,,,
euroleague,25,2025,offensive,265,Zalgiris Kaunas,Zalgiris,35693,Moses Wright,C,42,23:39,1419.6,121.1,2.5,,,,,,58,,,,,,118.6,33.7,-0.2,964,55.2,1,603,38.5,-0.5,39.3,1.3,27.5,-2.1,27.4,1.7,14,0.6,,,,,,,,,,,,,,,,,,
euroleague,25,2025,defensive,265,Zalgiris Kaunas,Zalgiris,35693,Moses Wright,C,42,23:39,1419.6,,,116.1,3.2,,,,,,,,,,,,,,,,,,,,,,,,,,,112.9,58,67.5,0.8,1033,56,4.4,576,35.8,3.2,35.6,0.4,27.6,-0.1,26,4.3,13.5,-0.5
euroleague,25,2025,total,677,Valencia Basket,Valencia,23525,Brancou Badio,SG,40,20:28,1228.3,118.5,-0.6,113.7,-0.7,4.8,0.2,1531,50,1814,1748,66,51.5,0.2,,,,,,,,,,,,,,,,,,,,,,,,,,,,,,,,,,,
euroleague,25,2025,offensive,677,Valencia Basket,Valencia,23525,Brancou Badio,SG,40,20:28,1228.3,118.5,-0.6,,,,,,50,,,,,,119.1,34.9,1.4,714,57.3,-1.7,694,49.3,4,35,-2.2,26.3,-0.8,26,-3.7,12.9,-2.1,,,,,,,,,,,,,,,,,,
euroleague,25,2025,defensive,677,Valencia Basket,Valencia,23525,Brancou Badio,SG,40,20:28,1228.3,,,113.7,-0.7,,,,,,,,,,,,,,,,,,,,,,,,,,,114.4,51,68.9,-0.2,768,53.1,-2.3,562,42.3,0.9,34.5,-1.2,27.6,2,26,-0.3,14.8,-0.4
euroleague,25,2025,total,368,Real Madrid,Real,9225,Mario Hezonja,SF,44,22:36,1356.7,120,-1.7,115.2,3.1,4.8,-4.9,1833,57,2199,2092,107,53.2,-1.4,,,,,,,,,,,,,,,,,,,,,,,,,,,,,,,,,,,
euroleague,25,2025,offensive,368,Real Madrid,Real,9225,Mario Hezonja,SF,44,22:36,1356.7,120,-1.7,,,,,,57,,,,,,121.7,35.5,1.4,918,54.8,-2.7,736,44.5,6.8,36.7,-2.7,26.6,-4.7,25.7,-1.8,13.8,-1.8,,,,,,,,,,,,,,,,,,
euroleague,25,2025,defensive,368,Real Madrid,Real,9225,Mario Hezonja,SF,44,22:36,1356.7,,,115.2,3.1,,,,,,,,,,,,,,,,,,,,,,,,,,,112.1,57,71.5,-0.2,957,53.6,2.8,659,40.8,-1.2,37,1,26,-2.4,22,-1.9,13.2,0.6
euroleague,25,2025,total,583,Anadolu Efes Istanbul,Efes,18433,Georgios Papagiannis,C,5,14:46,886.6,118.5,-0.6,113.7,-12.4,4.8,11.7,130,37,154,141,13,49.6,0.3,,,,,,,,,,,,,,,,,,,,,,,,,,,,,,,,,,,
euroleague,25,2025,offensive,583,Anadolu Efes Istanbul,Efes,18433,Georgios Papagiannis,C,5,14:46,886.6,118.5,-0.6,,,,,,37,,,,,,119.1,31.7,-2.9,65,47.7,-8.6,51,44,1.7,43.1,10.2,33.1,6.7,21.1,-0.3,14.7,2.2,,,,,,,,,,,,,,,,,,
euroleague,25,2025,defensive,583,Anadolu Efes Istanbul,Efes,18433,Georgios Papagiannis,C,5,14:46,886.6,,,113.7,-12.4,,,,,,,,,,,,,,,,,,,,,,,,,,,126.1,35,67.2,3.6,60,55,-3.4,48,44.4,9.7,29.2,-1,30.6,2.8,22.8,-3.1,12.4,-0.2
euroleague,25,2025,total,677,Valencia Basket,Valencia,35726,Braxton Key,SF,34,17:04,1024.9,116.4,-3.8,111.7,-3.4,4.7,-0.4,1092,42,1271,1234,37,51.7,1.1,,,,,,,,,,,,,,,,,,,,,,,,,,,,,,,,,,,
euroleague,25,2025,offensive,677,Valencia Basket,Valencia,35726,Braxton Key,SF,34,17:04,1024.9,116.4,-3.8,,,,,,42,,,,,,120.2,34.8,1,532,57,-0.8,429,44.6,-1.7,34.5,-2.2,27.7,0.9,27.3,-0.5,14.2,1.3,,,,,,,,,,,,,,,,,,
euroleague,25,2025,defensive,677,Valencia Basket,Valencia,35726,Braxton Key,SF,34,17:04,1024.9,,,111.7,-3.4,,,,,,,,,,,,,,,,,,,,,,,,,,,115.1,43,68.9,1,535,51.6,-4.2,412,43.5,1.4,34,-1.3,28.7,3.7,25.7,-1,14.3,-1.3
euroleague,25,2025,total,33,Panathinaikos AKTOR Athens,Panathinaikos,20975,Mathias Lessort,C,14,22:43,1363.9,121.3,-4.7,116.6,-3.9,4.7,-0.8,574,57,696,669,27,49,-1.2,,,,,,,,,,,,,,,,,,,,,,,,,,,,,,,,,,,
euroleague,25,2025,offensive,33,Panathinaikos AKTOR Athens,Panathinaikos,20975,Mathias Lessort,C,14,22:43,1363.9,121.3,-4.7,,,,,,57,,,,,,126,30.3,-4.5,313,57.8,2.3,191,37.9,0,36.6,-1.5,29.3,8.1,27.3,2.9,13.6,4,,,,,,,,,,,,,,,,,,
euroleague,25,2025,defensive,33,Panathinaikos AKTOR Athens,Panathinaikos,20975,Mathias Lessort,C,14,22:43,1363.9,,,116.6,-3.9,,,,,,,,,,,,,,,,,,,,,,,,,,,120.5,56,68.1,2,274,63.1,9.2,220,44.5,0.8,32.3,-4,27.2,2,29.5,4.4,14.8,2.4
euroleague,25,2025,total,265,Zalgiris Kaunas,Zalgiris,23435,Ignas Brazdeikis,SG,38,14:46,886.8,116.4,-6.4,111.7,-6.2,4.7,-0.3,1019,37,1186,1127,59,50.7,0,,,,,,,,,,,,,,,,,,,,,,,,,,,,,,,,,,,
euroleague,25,2025,offensive,265,Zalgiris Kaunas,Zalgiris,23435,Ignas Brazdeikis,SG,38,14:46,886.8,116.4,-6.4,,,,,,37,,,,,,122.8,32.3,-2.2,582,51.4,-5.9,321,35.5,-4.5,38.6,-0.5,27,-1.6,23.8,-4.5,13,-0.9,,,,,,,,,,,,,,,,,,
euroleague,25,2025,defensive,265,Zalgiris Kaunas,Zalgiris,23435,Ignas Brazdeikis,SG,38,14:46,886.8,,,111.7,-6.2,,,,,,,,,,,,,,,,,,,,,,,,,,,117.8,37,70.2,3.9,597,54.4,0.3,286,32.4,-4.2,33.6,-3.6,27.2,-0.6,23.6,-1.3,13.9,0.6
euroleague,25,2025,total,460,Olympiacos Piraeus,Olympiacos,37246,Omiros Netzipoglou,SG,4,03:38,218,115.4,-16.2,110.7,5.4,4.7,-21.6,26,9,30,31,-1,61.9,6.9,,,,,,,,,,,,,,,,,,,,,,,,,,,,,,,,,,,
euroleague,25,2025,offensive,460,Olympiacos Piraeus,Olympiacos,37246,Omiros Netzipoglou,SG,4,03:38,218,115.4,-16.2,,,,,,9,,,,,,131.6,36.4,1.3,16,62.5,-0.1,6,27.3,-17.1,16.7,-25.2,34.6,1.2,33.3,5.9,10,-4.4,,,,,,,,,,,,,,,,,,
euroleague,25,2025,defensive,460,Olympiacos Piraeus,Olympiacos,37246,Omiros Netzipoglou,SG,4,03:38,218,,,110.7,5.4,,,,,,,,,,,,,,,,,,,,,,,,,,,105.3,10,90,18.5,12,58.3,6.6,8,40,0.2,37.5,4.2,39.3,17,26.9,2,10.3,-3.8
euroleague,25,2025,total,584,Fenerbahce Beko Istanbul,Fenerbahce,21014,Onuralp Bitim,SG,29,10:36,636.4,116.2,7.4,111.6,1.7,4.6,5.7,531,25,617,654,-37,52,1.7,,,,,,,,,,,,,,,,,,,,,,,,,,,,,,,,,,,
euroleague,25,2025,offensive,584,Fenerbahce Beko Istanbul,Fenerbahce,21014,Onuralp Bitim,SG,29,10:36,636.4,116.2,7.4,,,,,,25,,,,,,108.8,32,-0.5,239,56.5,4.1,185,43.6,0.3,40,6.6,28.6,0.7,24.9,2.3,18.6,2.3,,,,,,,,,,,,,,,,,,
euroleague,25,2025,defensive,584,Fenerbahce Beko Istanbul,Fenerbahce,21014,Onuralp Bitim,SG,29,10:36,636.4,,,111.6,1.7,,,,,,,,,,,,,,,,,,,,,,,,,,,109.9,28,66.6,-2.9,319,50.2,-3.3,206,39.2,1.5,32,0.5,31.4,0.7,20.7,-4,12.7,-2.4
euroleague,25,2025,total,677,Valencia Basket,Valencia,24259,Yankuba Sima,C,6,08:14,494.5,119,7.2,114.4,8.6,4.6,-1.5,100,21,119,111,8,50.5,-2.1,,,,,,,,,,,,,,,,,,,,,,,,,,,,,,,,,,,
euroleague,25,2025,offensive,677,Valencia Basket,Valencia,24259,Yankuba Sima,C,6,08:14,494.5,119,7.2,,,,,,21,,,,,,111.8,38,6.1,42,47.6,-9.4,47,52.8,3,44.7,10.7,25,-2.4,26,0.1,16,0.4,,,,,,,,,,,,,,,,,,
euroleague,25,2025,defensive,677,Valencia Basket,Valencia,24259,Yankuba Sima,C,6,08:14,494.5,,,114.4,8.6,,,,,,,,,,,,,,,,,,,,,,,,,,,105.8,20,64.4,-8.5,50,52,-5.1,35,41.2,-6.7,37.1,10.1,28.9,1.1,23.2,-2.3,15.9,-0.4
euroleague,25,2025,total,33,Panathinaikos AKTOR Athens,Panathinaikos,17649,Omer Yurtseven,C,19,12:39,759.1,115,1.9,110.4,-7.3,4.5,9.2,441,31,507,497,10,48.5,-0.9,,,,,,,,,,,,,,,,,,,,,,,,,,,,,,,,,,,
euroleague,25,2025,offensive,33,Panathinaikos AKTOR Athens,Panathinaikos,17649,Omer Yurtseven,C,19,12:39,759.1,115,1.9,,,,,,31,,,,,,113.1,28.2,-4,249,55.8,2.7,133,34.8,-1.8,35.3,3.9,29.9,1.6,28.2,5.1,13.2,-0.9,,,,,,,,,,,,,,,,,,
euroleague,25,2025,defensive,33,Panathinaikos AKTOR Athens,Panathinaikos,17649,Omer Yurtseven,C,19,12:39,759.1,,,110.4,-7.3,,,,,,,,,,,,,,,,,,,,,,,,,,,117.7,32,67.9,-0.1,221,55.7,-2.5,169,43.3,-0.2,32.5,-5.3,28,1.9,26.1,-1.4,14.5,-1.5
euroleague,25,2025,total,389,EA7 Emporio Armani Milan,EA7 Armani,14020,Bryant Dunston,C,17,10:56,656.9,112.8,-7.5,108.3,-16.8,4.5,9.3,321,27,362,354,8,47.7,-2.3,,,,,,,,,,,,,,,,,,,,,,,,,,,,,,,,,,,
euroleague,25,2025,offensive,389,EA7 Emporio Armani Milan,EA7 Armani,14020,Bryant Dunston,C,17,10:56,656.9,112.8,-7.5,,,,,,27,,,,,,120.2,29.5,-1.4,161,50.9,-3.4,135,45.6,3.6,32.6,-7.3,28.3,-0.3,25.7,-2.4,10.2,-3.7,,,,,,,,,,,,,,,,,,
euroleague,25,2025,defensive,389,EA7 Emporio Armani Milan,EA7 Armani,14020,Bryant Dunston,C,17,10:56,656.9,,,108.3,-16.8,,,,,,,,,,,,,,,,,,,,,,,,,,,125.1,27,65.9,-3.6,188,52.7,-4.5,104,35.6,-6.4,25,-15.1,30.6,5.4,21.8,-3.4,14.2,2.6
euroleague,25,2025,total,389,EA7 Emporio Armani Milan,EA7 Armani,15384,Lorenzo Brown,PG,12,14:28,868.5,122.4,14.9,117.9,-2.8,4.5,17.7,308,36,377,368,9,52.3,4.3,,,,,,,,,,,,,,,,,,,,,,,,,,,,,,,,,,,
euroleague,25,2025,offensive,389,EA7 Emporio Armani Milan,EA7 Armani,15384,Lorenzo Brown,PG,12,14:28,868.5,122.4,14.9,,,,,,36,,,,,,107.5,32.6,5.2,162,54.9,2.3,109,40.2,-2.1,39.4,5.1,33.4,6,26.7,6,13.5,-2.9,,,,,,,,,,,,,,,,,,
euroleague,25,2025,defensive,389,EA7 Emporio Armani Milan,EA7 Armani,15384,Lorenzo Brown,PG,12,14:28,868.5,,,117.9,-2.8,,,,,,,,,,,,,,,,,,,,,,,,,,,120.8,36,73,5.2,153,58.2,3.5,107,41.2,1.3,36.4,-0.7,29.5,1,28.2,6.2,14.6,1.9
euroleague,25,2025,total,584,Fenerbahce Beko Istanbul,Fenerbahce,35544,Brandon Boston Jr.,SG,28,11:40,700.1,116,-2.5,111.5,-1.2,4.4,-1.3,601,30,697,696,1,54.5,4.1,,,,,,,,,,,,,,,,,,,,,,,,,,,,,,,,,,,
euroleague,25,2025,offensive,584,Fenerbahce Beko Istanbul,Fenerbahce,35544,Brandon Boston Jr.,SG,28,11:40,700.1,116,-2.5,,,,,,30,,,,,,118.4,36.7,2.7,317,54.6,-1.8,204,39.2,-2.2,38.2,1.4,24.6,-4.2,22.1,-2.1,17,1.8,,,,,,,,,,,,,,,,,,
euroleague,25,2025,defensive,584,Fenerbahce Beko Istanbul,Fenerbahce,35544,Brandon Boston Jr.,SG,28,11:40,700.1,,,111.5,-1.2,,,,,,,,,,,,,,,,,,,,,,,,,,,112.7,31,72.5,7.3,321,55.1,5.8,193,37.5,-0.5,28,-6.1,32.4,2.3,23.8,1.9,14.3,0.8
euroleague,25,2025,total,60,FC Barcelona,Barcelona,6340,Jan Vesely,C,38,21:09,1269.9,117.1,1.6,112.7,-7.1,4.4,8.7,1431,53,1676,1610,66,47.8,-4.1,,,,,,,,,,,,,,,,,,,,,,,,,,,,,,,,,,,
euroleague,25,2025,offensive,60,FC Barcelona,Barcelona,6340,Jan Vesely,C,38,21:09,1269.9,117.1,1.6,,,,,,53,,,,,,115.5,29.2,-7.4,774,54.1,-1.5,513,39.9,-1.8,40.4,6.2,26.2,-4.1,27.1,3.2,13.6,-1.9,,,,,,,,,,,,,,,,,,
euroleague,25,2025,defensive,60,FC Barcelona,Barcelona,6340,Jan Vesely,C,38,21:09,1269.9,,,112.7,-7.1,,,,,,,,,,,,,,,,,,,,,,,,,,,119.8,53,67.3,-1.1,716,58,0.5,483,40.3,2.8,33.1,-4,27.9,-0.3,24.6,-0.8,17,2.7
euroleague,25,2025,total,3359,Dubai Basketball,Dubai,12229,Klemen Prepelic,PG/SG,27,13:22,802.4,117.1,-1.4,112.8,-8.4,4.3,7.1,665,33,779,757,22,51.8,2.9,,,,,,,,,,,,,,,,,,,,,,,,,,,,,,,,,,,
euroleague,25,2025,offensive,3359,Dubai Basketball,Dubai,12229,Klemen Prepelic,PG/SG,27,13:22,802.4,117.1,-1.4,,,,,,33,,,,,,118.5,30.8,-0.6,318,54.4,-0.5,237,42.7,8.7,32.9,-2.7,31.7,4.7,26.5,1.3,13.7,0.7,,,,,,,,,,,,,,,,,,
euroleague,25,2025,defensive,3359,Dubai Basketball,Dubai,12229,Klemen Prepelic,PG/SG,27,13:22,802.4,,,112.8,-8.4,,,,,,,,,,,,,,,,,,,,,,,,,,,121.3,33,71.1,5.8,350,53.4,0.7,234,40.1,2.4,31.2,-7.8,35.2,7.9,23,-2.3,11.7,-0.9
euroleague,25,2025,total,635,Hapoel Shlomo Tel Aviv,Hapoel,24121,Ishmail Wainright,SF,42,23:04,1384.1,118.6,1.6,114.3,-2.2,4.3,3.8,1753,56,2079,2033,46,48.6,-0.6,,,,,,,,,,,,,,,,,,,,,,,,,,,,,,,,,,,
euroleague,25,2025,offensive,635,Hapoel Shlomo Tel Aviv,Hapoel,24121,Ishmail Wainright,SF,42,23:04,1384.1,118.6,1.6,,,,,,56,,,,,,117,27.2,-1.1,941,59.9,2.4,587,38.4,0.1,35.9,-2.3,26.9,-2.6,24.6,0.6,14.2,-0.8,,,,,,,,,,,,,,,,,,
euroleague,25,2025,defensive,635,Hapoel Shlomo Tel Aviv,Hapoel,24121,Ishmail Wainright,SF,42,23:04,1384.1,,,114.3,-2.2,,,,,,,,,,,,,,,,,,,,,,,,,,,116.5,57,68.1,0.7,957,55.8,-0.6,626,39.5,-1.7,34.8,3.4,25.3,-1.9,25.5,1.4,14.8,1.6
euroleague,25,2025,total,635,Hapoel Shlomo Tel Aviv,Hapoel,34849,Daniel Oturu,C,42,23:55,1435,118,0.3,113.7,-3.7,4.3,4,1848,59,2181,2098,83,49.6,2,,,,,,,,,,,,,,,,,,,,,,,,,,,,,,,,,,,
euroleague,25,2025,offensive,635,Hapoel Shlomo Tel Aviv,Hapoel,34849,Daniel Oturu,C,42,23:55,1435,118,0.3,,,,,,59,,,,,,117.7,28.9,3.2,1016,59.2,0.6,579,36.3,-5.1,35.9,-2.3,27.5,-1.4,24.2,-0.3,14.7,0.5,,,,,,,,,,,,,,,,,,
euroleague,25,2025,defensive,635,Hapoel Shlomo Tel Aviv,Hapoel,34849,Daniel Oturu,C,42,23:55,1435,,,113.7,-3.7,,,,,,,,,,,,,,,,,,,,,,,,,,,117.4,59,68.5,1.8,967,54.7,-3.2,674,41.1,1.9,33.8,1.3,25.7,-1,25.3,1,14.5,0.9
euroleague,25,2025,total,368,Real Madrid,Real,21026,Alberto Abalde,SF,42,15:34,934.3,119.5,-1.6,115.4,2.4,4.1,-4,1167,38,1395,1372,23,53.7,-0.2,,,,,,,,,,,,,,,,,,,,,,,,,,,,,,,,,,,
euroleague,25,2025,offensive,368,Real Madrid,Real,21026,Alberto Abalde,SF,42,15:34,934.3,119.5,-1.6,,,,,,38,,,,,,121.1,32.5,-4,586,54.9,-0.8,444,43.1,3.1,39.9,3.2,27,-2.7,25.3,-1.5,15.1,1,,,,,,,,,,,,,,,,,,
euroleague,25,2025,defensive,368,Real Madrid,Real,21026,Alberto Abalde,SF,42,15:34,934.3,,,115.4,2.4,,,,,,,,,,,,,,,,,,,,,,,,,,,113,39,73.6,3,658,52.6,0.1,423,39.1,-3.2,39,3.8,25.2,-2.8,23.6,0.9,12.4,-0.9
euroleague,25,2025,total,1220,FC Bayern Munich,Bayern,35182,Oscar da Silva,PF,35,15:54,954.9,114.5,5.3,110.4,-9.7,4.1,14.9,1012,40,1159,1115,44,51.3,3.9,,,,,,,,,,,,,,,,,,,,,,,,,,,,,,,,,,,
euroleague,25,2025,offensive,1220,FC Bayern Munich,Bayern,35182,Oscar da Silva,PF,35,15:54,954.9,114.5,5.3,,,,,,40,,,,,,109.3,34,6.2,541,54.9,0.7,357,39.8,-5.4,34.5,-1.7,26.6,0.7,25.6,-1.6,15.8,0,,,,,,,,,,,,,,,,,,
euroleague,25,2025,defensive,1220,FC Bayern Munich,Bayern,35182,Oscar da Silva,PF,35,15:54,954.9,,,110.4,-9.7,,,,,,,,,,,,,,,,,,,,,,,,,,,120.1,40,69.1,1.4,490,56.3,-1.2,369,43,-1,33.6,-4.3,29.2,-1,26.4,-0.8,16.8,1.9
euroleague,25,2025,total,33,Panathinaikos AKTOR Athens,Panathinaikos,22353,Nigel Hayes-Davis,PF,16,28:33,1713.2,120.3,-10.1,116.2,-10.9,4.1,0.7,827,71,995,968,27,49,-0.4,,,,,,,,,,,,,,,,,,,,,,,,,,,,,,,,,,,
euroleague,25,2025,offensive,33,Panathinaikos AKTOR Athens,Panathinaikos,22353,Nigel Hayes-Davis,PF,16,28:33,1713.2,120.3,-10.1,,,,,,71,,,,,,130.4,31.2,-3.2,460,56.5,-2.5,306,39.9,5.6,35,-7.2,25.3,-4.2,24.9,-4.7,11.8,-1.5,,,,,,,,,,,,,,,,,,
euroleague,25,2025,defensive,33,Panathinaikos AKTOR Athens,Panathinaikos,22353,Nigel Hayes-Davis,PF,16,28:33,1713.2,,,116.2,-10.9,,,,,,,,,,,,,,,,,,,,,,,,,,,127.1,71,68.8,7.4,411,59.4,2.8,296,41.9,-9.7,34.1,-2.6,26.8,1.2,26.9,-2.7,14.7,2.9
euroleague,25,2025,total,584,Fenerbahce Beko Istanbul,Fenerbahce,24349,Talen Horton-Tucker,SG,41,23:50,1430.2,113.3,-1.5,109.3,-4.3,4,2.9,1786,60,2024,1920,104,51.1,-0.1,,,,,,,,,,,,,,,,,,,,,,,,,,,,,,,,,,,
euroleague,25,2025,offensive,584,Fenerbahce Beko Istanbul,Fenerbahce,24349,Talen Horton-Tucker,SG,41,23:50,1430.2,113.3,-1.5,,,,,,60,,,,,,114.8,33.5,-0.1,925,53.3,-1.8,650,41.3,-0.9,34.3,-4.7,28,0.8,21,-5.4,14.9,-2.9,,,,,,,,,,,,,,,,,,
euroleague,25,2025,defensive,584,Fenerbahce Beko Istanbul,Fenerbahce,24349,Talen Horton-Tucker,SG,41,23:50,1430.2,,,109.3,-4.3,,,,,,,,,,,,,,,,,,,,,,,,,,,113.6,59,68.8,2.5,929,51.3,-1.4,598,39.2,1.2,31.8,-0.6,30.3,-1.3,22.8,-1.1,14.4,0.6
euroleague,25,2025,total,635,Hapoel Shlomo Tel Aviv,Hapoel,21597,Antonio Blakeney,SG,41,22:37,1357.2,119.3,2.7,115.4,0.5,3.9,2.2,1704,56,2033,1963,70,47.9,-2.5,,,,,,,,,,,,,,,,,,,,,,,,,,,,,,,,,,,
euroleague,25,2025,offensive,635,Hapoel Shlomo Tel Aviv,Hapoel,21597,Antonio Blakeney,SG,41,22:37,1357.2,119.3,2.7,,,,,,56,,,,,,116.6,26.1,-3.6,854,59.7,0.7,597,41.1,5.7,37.2,0.8,28.2,0.3,23.2,-2.5,13.8,-1.9,,,,,,,,,,,,,,,,,,
euroleague,25,2025,defensive,635,Hapoel Shlomo Tel Aviv,Hapoel,21597,Antonio Blakeney,SG,41,22:37,1357.2,,,115.4,0.5,,,,,,,,,,,,,,,,,,,,,,,,,,,114.9,56,66.7,-2.7,922,55.3,-1.4,617,40.1,-0.8,32.6,-1.6,26.3,0.6,22.8,-4.5,13.2,-1.8
euroleague,25,2025,total,584,Fenerbahce Beko Istanbul,Fenerbahce,23413,Tarik Biberovic,SF,41,24:21,1461.7,114,0.7,110.1,-1.7,3.9,2.4,1788,61,2038,1954,84,51.2,-0.4,,,,,,,,,,,,,,,,,,,,,,,,,,,,,,,,,,,
euroleague,25,2025,offensive,584,Fenerbahce Beko Istanbul,Fenerbahce,23413,Tarik Biberovic,SF,41,24:21,1461.7,114,0.7,,,,,,61,,,,,,113.3,32.2,-2.9,879,55.9,3.9,643,42.2,0.8,37,2.3,27.1,-1.7,24,2.2,16.9,1.9,,,,,,,,,,,,,,,,,,
euroleague,25,2025,defensive,584,Fenerbahce Beko Istanbul,Fenerbahce,23413,Tarik Biberovic,SF,41,24:21,1461.7,,,110.1,-1.7,,,,,,,,,,,,,,,,,,,,,,,,,,,111.7,60,68.4,0.3,958,51.7,-0.8,612,39,0.8,31.7,1.1,29.5,-3.9,23.7,1.9,13.8,-0.3
euroleague,25,2025,total,389,EA7 Emporio Armani Milan,EA7 Armani,23479,Giampaolo Ricci,PF,38,16:23,983.4,121.5,3.7,117.9,-3.6,3.5,7.3,1089,40,1323,1308,15,50.5,1.5,,,,,,,,,,,,,,,,,,,,,,,,,,,,,,,,,,,
euroleague,25,2025,offensive,389,EA7 Emporio Armani Milan,EA7 Armani,23479,Giampaolo Ricci,PF,38,16:23,983.4,121.5,3.7,,,,,,40,,,,,,117.8,32.2,3.3,538,54.6,-0.4,446,45.3,5.3,40.1,1.7,28.3,-1.4,27.1,0.7,13.3,-1.3,,,,,,,,,,,,,,,,,,
euroleague,25,2025,defensive,389,EA7 Emporio Armani Milan,EA7 Armani,23479,Giampaolo Ricci,PF,38,16:23,983.4,,,117.9,-3.6,,,,,,,,,,,,,,,,,,,,,,,,,,,121.5,40,68.5,0.2,569,54,-2.4,423,42.6,6.5,37.4,-0.1,29.5,3.6,25.4,0.9,13.4,1
euroleague,25,2025,total,2222,AS Monaco,Monaco,35085,Alpha Diallo,SF,42,27:54,1674.8,120.1,4.7,116.6,1.1,3.5,3.6,2191,70,2631,2540,91,49.3,2.4,,,,,,,,,,,,,,,,,,,,,,,,,,,,,,,,,,,
euroleague,25,2025,offensive,2222,AS Monaco,Monaco,35085,Alpha Diallo,SF,42,27:54,1674.8,120.1,4.7,,,,,,70,,,,,,115.4,30.5,1.7,1198,57.8,3.9,703,37,-3.3,33.4,-2.6,30.4,3.8,28.2,0.9,12.5,-0.6,,,,,,,,,,,,,,,,,,
euroleague,25,2025,defensive,2222,AS Monaco,Monaco,35085,Alpha Diallo,SF,42,27:54,1674.8,,,116.6,1.1,,,,,,,,,,,,,,,,,,,,,,,,,,,115.5,69,67.7,3.9,1119,55.7,1.3,792,41.4,-0.2,37.6,2.1,26,-3,24.8,1.6,14.9,0
euroleague,25,2025,total,3359,Dubai Basketball,Dubai,21574,Dwayne Bacon,SG/SF,29,29:22,1762.8,122.1,4.3,118.6,-2.8,3.5,7.1,1573,74,1920,1853,67,50.6,5.1,,,,,,,,,,,,,,,,,,,,,,,,,,,,,,,,,,,
euroleague,25,2025,offensive,3359,Dubai Basketball,Dubai,21574,Dwayne Bacon,SG/SF,29,29:22,1762.8,122.1,4.3,,,,,,74,,,,,,117.8,31.6,4,892,54.8,-2.5,450,33.5,-9.7,37.6,6,29.2,1.5,25.1,-1.1,12.6,1.1,,,,,,,,,,,,,,,,,,
euroleague,25,2025,defensive,3359,Dubai Basketball,Dubai,21574,Dwayne Bacon,SG/SF,29,29:22,1762.8,,,118.6,-2.8,,,,,,,,,,,,,,,,,,,,,,,,,,,121.4,73,67.5,3.4,878,52.5,-2.8,537,38,-1.7,35.8,-4.2,29,-3.2,23.5,-1.3,11.7,-3
euroleague,25,2025,total,74,Crvena Zvezda Meridianbet Belgrade,C.Zvezda,5507,Donatas Motiejūnas,C,27,12:33,753,114.2,-2.4,110.7,-3.5,3.4,1.1,642,32,733,702,31,53.1,-0.6,,,,,,,,,,,,,,,,,,,,,,,,,,,,,,,,,,,
euroleague,25,2025,offensive,74,Crvena Zvezda Meridianbet Belgrade,C.Zvezda,5507,Donatas Motiejūnas,C,27,12:33,753,114.2,-2.4,,,,,,32,,,,,,116.6,34.8,-3.5,332,60.5,5.7,209,38.6,-1.3,33,-2.2,30.8,2.4,28.3,2.2,16.2,0.6,,,,,,,,,,,,,,,,,,
euroleague,25,2025,defensive,74,Crvena Zvezda Meridianbet Belgrade,C.Zvezda,5507,Donatas Motiejūnas,C,27,12:33,753,,,110.7,-3.5,,,,,,,,,,,,,,,,,,,,,,,,,,,114.2,31,70.9,2.3,315,57.8,2.1,223,41.4,-5.4,34.5,1.6,26.2,-2.1,30.4,6.2,17.3,3.5
euroleague,25,2025,total,3359,Dubai Basketball,Dubai,38101,Boogie Ellis,PG/SG,5,17:46,1066.2,127.1,12.7,123.7,-1.6,3.4,14.3,166,44,211,209,2,46.4,-1.5,,,,,,,,,,,,,,,,,,,,,,,,,,,,,,,,,,,
euroleague,25,2025,offensive,3359,Dubai Basketball,Dubai,38101,Boogie Ellis,PG/SG,5,17:46,1066.2,127.1,12.7,,,,,,44,,,,,,114.4,31.3,-1.4,96,60.4,7.7,50,34.2,-11.4,30,-3.3,31.3,-0.4,22.4,-5.3,11,-3.2,,,,,,,,,,,,,,,,,,
euroleague,25,2025,defensive,3359,Dubai Basketball,Dubai,38101,Boogie Ellis,PG/SG,5,17:46,1066.2,,,123.7,-1.6,,,,,,,,,,,,,,,,,,,,,,,,,,,125.2,45,63,-0.8,87,57.5,0.1,59,40.4,-0.6,40.7,0.7,30.2,-0.4,27.7,2.9,15.3,2.8
euroleague,25,2025,total,33,Panathinaikos AKTOR Athens,Panathinaikos,19143,Juan Hernangomez,PF,44,24:27,1467.5,120.1,3.3,116.7,1.6,3.4,1.7,1952,61,2345,2306,39,49.7,1.5,,,,,,,,,,,,,,,,,,,,,,,,,,,,,,,,,,,
euroleague,25,2025,offensive,33,Panathinaikos AKTOR Athens,Panathinaikos,19143,Juan Hernangomez,PF,44,24:27,1467.5,120.1,3.3,,,,,,61,,,,,,116.8,32.6,2.4,1097,56.2,-0.3,653,37.3,-0.1,36.6,3.7,27.3,-1.6,24.7,-1.8,13,0,,,,,,,,,,,,,,,,,,
euroleague,25,2025,defensive,33,Panathinaikos AKTOR Athens,Panathinaikos,19143,Juan Hernangomez,PF,44,24:27,1467.5,,,116.7,1.6,,,,,,,,,,,,,,,,,,,,,,,,,,,115.1,61,66.4,-1.2,962,58,1.4,804,45.5,4.4,33.8,-2,25.2,-3.6,27.3,0.3,14.5,-0.8
euroleague,25,2025,total,74,Crvena Zvezda Meridianbet Belgrade,C.Zvezda,35498,Jared Butler,PG,32,20:04,1204,120.5,8.5,117.3,1.1,3.2,7.4,1206,50,1453,1373,80,54.5,1.5,,,,,,,,,,,,,,,,,,,,,,,,,,,,,,,,,,,
euroleague,25,2025,offensive,74,Crvena Zvezda Meridianbet Belgrade,C.Zvezda,35498,Jared Butler,PG,32,20:04,1204,120.5,8.5,,,,,,50,,,,,,112,37.9,-0.7,618,57,2.7,448,42,3.2,37.1,4.4,28.5,1.5,26.8,-0.5,14.4,-2.4,,,,,,,,,,,,,,,,,,
euroleague,25,2025,defensive,74,Crvena Zvezda Meridianbet Belgrade,C.Zvezda,35498,Jared Butler,PG,32,20:04,1204,,,117.3,1.1,,,,,,,,,,,,,,,,,,,,,,,,,,,116.2,49,71.7,3.9,511,56.9,0.5,468,47.8,6,36.3,0,28.6,1.9,26.5,-0.3,14.3,-1.3
euroleague,25,2025,total,677,Valencia Basket,Valencia,19020,Josep Puerto,SG/SF,38,15:43,943.3,118.9,1.3,115.8,3.7,3.1,-2.3,1130,39,1344,1304,40,52.2,0.1,,,,,,,,,,,,,,,,,,,,,,,,,,,,,,,,,,,
euroleague,25,2025,offensive,677,Valencia Basket,Valencia,19020,Josep Puerto,SG/SF,38,15:43,943.3,118.9,1.3,,,,,,39,,,,,,117.6,35.8,0.7,524,53.6,-5.5,472,47.4,1.9,41.3,8.2,26.5,-0.5,28.7,1.9,15.5,2.2,,,,,,,,,,,,,,,,,,
euroleague,25,2025,defensive,677,Valencia Basket,Valencia,19020,Josep Puerto,SG/SF,38,15:43,943.3,,,115.8,3.7,,,,,,,,,,,,,,,,,,,,,,,,,,,112.2,39,68.3,-2.2,586,54.8,0,395,40.3,-1.8,33.7,-2.7,29,3.8,26.4,0.6,14.4,-1.9
euroleague,25,2025,total,3292,Paris Basketball,Paris,37156,Alan Dokossi,PF,34,16:10,970.5,115.4,1.7,112.3,-4.9,3.1,6.6,1081,41,1248,1229,19,49.5,1,,,,,,,,,,,,,,,,,,,,,,,,,,,,,,,,,,,
euroleague,25,2025,offensive,3292,Paris Basketball,Paris,37156,Alan Dokossi,PF,34,16:10,970.5,115.4,1.7,,,,,,41,,,,,,113.7,33.9,-0.6,467,56.3,6,477,50.5,4.6,36.3,-0.1,25.5,-2,26.9,6.9,16.2,1.3,,,,,,,,,,,,,,,,,,
euroleague,25,2025,defensive,3292,Paris Basketball,Paris,37156,Alan Dokossi,PF,34,16:10,970.5,,,112.3,-4.9,,,,,,,,,,,,,,,,,,,,,,,,,,,117.2,41,66.1,3.2,474,57.6,5,430,47.6,2.4,33.7,-2.6,28.5,-0.1,29.4,2.1,17.9,2.9
euroleague,25,2025,total,635,Hapoel Shlomo Tel Aviv,Hapoel,24698,Chris Jones,PG,42,20:27,1227.2,118.7,1.5,115.6,0.7,3.1,0.8,1570,50,1863,1811,52,48.9,0.1,,,,,,,,,,,,,,,,,,,,,,,,,,,,,,,,,,,
euroleague,25,2025,offensive,635,Hapoel Shlomo Tel Aviv,Hapoel,24698,Chris Jones,PG,42,20:27,1227.2,118.7,1.5,,,,,,50,,,,,,117.1,26.7,-2,810,59.1,0.4,525,39.3,1.9,36.6,-0.7,28.7,1.4,24.6,0.6,13.9,-1.2,,,,,,,,,,,,,,,,,,
euroleague,25,2025,defensive,635,Hapoel Shlomo Tel Aviv,Hapoel,24698,Chris Jones,PG,42,20:27,1227.2,,,115.6,0.7,,,,,,,,,,,,,,,,,,,,,,,,,,,114.9,50,68.5,1.5,828,58.6,5,584,41.4,2.2,30.1,-6.6,26.7,1.3,24.2,-1.5,12.6,-3
euroleague,25,2025,total,33,Panathinaikos AKTOR Athens,Panathinaikos,24328,Kendrick Nunn,PG,37,29:43,1783.8,119.9,0.8,116.8,2.7,3.1,-1.8,2038,75,2444,2352,92,49.9,1.5,,,,,,,,,,,,,,,,,,,,,,,,,,,,,,,,,,,
euroleague,25,2025,offensive,33,Panathinaikos AKTOR Athens,Panathinaikos,24328,Kendrick Nunn,PG,37,29:43,1783.8,119.9,0.8,,,,,,75,,,,,,119.1,32.5,2.3,1151,57.3,4.8,668,36.7,-0.7,35.2,-2.2,27.2,-2.4,26,-0.3,13.3,2.5,,,,,,,,,,,,,,,,,,
euroleague,25,2025,defensive,33,Panathinaikos AKTOR Athens,Panathinaikos,24328,Kendrick Nunn,PG,37,29:43,1783.8,,,116.8,2.7,,,,,,,,,,,,,,,,,,,,,,,,,,,114.2,74,67.6,1.4,974,58.7,3.5,773,44.2,2.4,34.5,0.7,27.2,2.8,27.8,2.7,14.6,-0.1
euroleague,25,2025,total,389,EA7 Emporio Armani Milan,EA7 Armani,34954,Josh Nebo,C,26,21:32,1292.8,123.7,9,120.6,0.9,3,8.1,1018,54,1259,1222,37,50.8,2.5,,,,,,,,,,,,,,,,,,,,,,,,,,,,,,,,,,,
euroleague,25,2025,offensive,389,EA7 Emporio Armani Milan,EA7 Armani,34954,Josh Nebo,C,26,21:32,1292.8,123.7,9,,,,,,54,,,,,,114.7,30.3,0.4,505,57.6,5.5,356,41.3,-2.8,41.3,2.4,29.4,-0.1,28.7,4.4,14.6,-0.4,,,,,,,,,,,,,,,,,,
euroleague,25,2025,defensive,389,EA7 Emporio Armani Milan,EA7 Armani,34954,Josh Nebo,C,26,21:32,1292.8,,,120.6,0.9,,,,,,,,,,,,,,,,,,,,,,,,,,,119.7,53,70.6,3.9,561,55.8,0.9,325,36.7,-1.7,39.7,1.7,26.3,-3.1,25.8,0.4,13.1,-1.1
euroleague,25,2025,total,265,Zalgiris Kaunas,Zalgiris,14028,Laurynas Birutis,C,41,09:59,599.6,116.1,-5,113.1,-1.7,3,-3.3,738,25,857,844,13,51.2,0.8,,,,,,,,,,,,,,,,,,,,,,,,,,,,,,,,,,,
euroleague,25,2025,offensive,265,Zalgiris Kaunas,Zalgiris,14028,Laurynas Birutis,C,41,09:59,599.6,116.1,-5,,,,,,25,,,,,,121.2,34.8,1,413,53.8,-1.3,240,36.8,-2.5,35,-4.6,30.9,3,24.4,-2.7,13.1,-0.8,,,,,,,,,,,,,,,,,,
euroleague,25,2025,defensive,265,Zalgiris Kaunas,Zalgiris,14028,Laurynas Birutis,C,41,09:59,599.6,,,113.1,-1.7,,,,,,,,,,,,,,,,,,,,,,,,,,,114.9,25,67.6,0.4,462,50.9,-4,219,32.2,-3.1,35.6,0.1,24.3,-4.4,21.3,-3.8,12.6,-1.6
euroleague,25,2025,total,74,Crvena Zvezda Meridianbet Belgrade,C.Zvezda,23307,Codi Miller-McIntyre,PG,39,30:56,1856.1,118.3,10.4,115.4,1.4,2.9,9,2261,77,2674,2599,75,52.9,-2.3,,,,,,,,,,,,,,,,,,,,,,,,,,,,,,,,,,,
euroleague,25,2025,offensive,74,Crvena Zvezda Meridianbet Belgrade,C.Zvezda,23307,Codi Miller-McIntyre,PG,39,30:56,1856.1,118.3,10.4,,,,,,77,,,,,,107.9,36.2,-5.3,1204,57.3,7,754,38.5,-3.3,35.9,3.4,28.6,0.9,26.9,0.6,15.3,-1.8,,,,,,,,,,,,,,,,,,
euroleague,25,2025,defensive,74,Crvena Zvezda Meridianbet Belgrade,C.Zvezda,23307,Codi Miller-McIntyre,PG,39,30:56,1856.1,,,115.4,1.4,,,,,,,,,,,,,,,,,,,,,,,,,,,114,77,69.4,-0.4,1073,57.3,3.7,859,44.5,-0.6,35,-2,26.3,-6.8,26.4,0.3,15.2,0
euroleague,25,2025,total,584,Fenerbahce Beko Istanbul,Fenerbahce,23736,Arturs Zagars,PG,5,11:16,676.4,123.4,17,120.6,-2.1,2.8,19,94,26,116,117,-1,48.9,-1.3,,,,,,,,,,,,,,,,,,,,,,,,,,,,,,,,,,,
euroleague,25,2025,offensive,584,Fenerbahce Beko Istanbul,Fenerbahce,23736,Arturs Zagars,PG,5,11:16,676.4,123.4,17,,,,,,26,,,,,,106.4,41.9,11.7,48,64.6,10.8,25,34.2,-15.8,40,1.3,35.1,12,23.3,-2.5,19.6,-1.9,,,,,,,,,,,,,,,,,,
euroleague,25,2025,defensive,584,Fenerbahce Beko Istanbul,Fenerbahce,23736,Arturs Zagars,PG,5,11:16,676.4,,,120.6,-2.1,,,,,,,,,,,,,,,,,,,,,,,,,,,122.7,27,52.5,-17.8,59,47.5,-10,38,39.2,0.6,26.3,-13,30.9,0.9,17.7,-12,9.6,-5.1
euroleague,25,2025,total,74,Crvena Zvezda Meridianbet Belgrade,C.Zvezda,19539,Ognjen Dobric,SG,25,12:30,750,116.7,-2.6,113.9,-1.7,2.8,-0.9,588,31,686,672,14,52.2,-2.8,,,,,,,,,,,,,,,,,,,,,,,,,,,,,,,,,,,
euroleague,25,2025,offensive,74,Crvena Zvezda Meridianbet Belgrade,C.Zvezda,19539,Ognjen Dobric,SG,25,12:30,750,116.7,-2.6,,,,,,31,,,,,,119.2,39.5,1.3,316,52.8,-3.2,219,40.9,2.9,34.7,-1.8,29.1,0.8,28,0.8,13.8,-1.5,,,,,,,,,,,,,,,,,,
euroleague,25,2025,defensive,74,Crvena Zvezda Meridianbet Belgrade,C.Zvezda,19539,Ognjen Dobric,SG,25,12:30,750,,,113.9,-1.7,,,,,,,,,,,,,,,,,,,,,,,,,,,115.6,31,65.4,-6.5,293,55.3,-1.7,217,42.5,-2.8,34.1,-1.3,27.8,-0.1,24.2,-2.8,15.8,1.7
euroleague,25,2025,total,33,Panathinaikos AKTOR Athens,Panathinaikos,21239,Panagiotis Kalaitzakis,SF,26,05:06,306.5,117.6,-4.1,114.8,-1.5,2.8,-2.6,216,11,254,325,-71,49.1,-0.3,,,,,,,,,,,,,,,,,,,,,,,,,,,,,,,,,,,
euroleague,25,2025,offensive,33,Panathinaikos AKTOR Athens,Panathinaikos,21239,Panagiotis Kalaitzakis,SF,26,05:06,306.5,117.6,-4.1,,,,,,11,,,,,,121.7,30.3,-1.8,112,57.1,-0.2,76,40.4,4.1,32.9,-3.1,29.6,1.5,25,-1.8,13.8,1.6,,,,,,,,,,,,,,,,,,
euroleague,25,2025,defensive,33,Panathinaikos AKTOR Athens,Panathinaikos,21239,Panagiotis Kalaitzakis,SF,26,05:06,306.5,,,114.8,-1.5,,,,,,,,,,,,,,,,,,,,,,,,,,,116.3,15,63.8,-3.2,131,56.5,-0.1,112,46.1,2.2,36.6,1.6,25.4,-0.6,25.3,-1.8,17,2.5
euroleague,25,2025,total,60,FC Barcelona,Barcelona,21591,Kevin Punter,SG,39,26:41,1601,119.1,5,116.4,1.3,2.6,3.8,1853,66,2206,2143,63,48.9,-2.8,,,,,,,,,,,,,,,,,,,,,,,,,,,,,,,,,,,
euroleague,25,2025,offensive,60,FC Barcelona,Barcelona,21591,Kevin Punter,SG,39,26:41,1601,119.1,5,,,,,,66,,,,,,114,31.2,-4.2,1002,55.6,2.3,641,39,-3.2,38.8,2.3,27.6,-1.8,25.6,0.6,14,-1.2,,,,,,,,,,,,,,,,,,
euroleague,25,2025,defensive,60,FC Barcelona,Barcelona,21591,Kevin Punter,SG,39,26:41,1601,,,116.4,1.3,,,,,,,,,,,,,,,,,,,,,,,,,,,115.1,66,66.9,-2.1,996,58.1,2.9,599,37.6,-2.6,35.1,-0.4,26,-5.5,26,3.1,15.6,0
euroleague,25,2025,total,584,Fenerbahce Beko Istanbul,Fenerbahce,35271,Mikael Jantunen,PF,36,18:35,1115.1,116.5,4.6,113.8,5.3,2.6,-0.7,1190,46,1386,1341,45,50.9,0.4,,,,,,,,,,,,,,,,,,,,,,,,,,,,,,,,,,,
euroleague,25,2025,offensive,584,Fenerbahce Beko Istanbul,Fenerbahce,35271,Mikael Jantunen,PF,36,18:35,1115.1,116.5,4.6,,,,,,46,,,,,,111.9,34.4,3.3,584,53.8,-0.5,464,44.3,4.2,34.5,-3.1,31.3,5.3,23.4,0.4,14.6,-2.1,,,,,,,,,,,,,,,,,,
euroleague,25,2025,defensive,584,Fenerbahce Beko Istanbul,Fenerbahce,35271,Mikael Jantunen,PF,36,18:35,1115.1,,,113.8,5.3,,,,,,,,,,,,,,,,,,,,,,,,,,,108.6,45,67.9,-0.1,650,53.4,1.7,345,34.7,-6.5,33.6,3.2,34.3,4.9,24.6,2.2,14.3,0.1
euroleague,25,2025,total,33,Panathinaikos AKTOR Athens,Panathinaikos,15063,Cedi Osman,SF,39,27:18,1638.5,118.6,-1.9,116.1,-1,2.5,-0.9,1950,68,2312,2288,24,49,1,,,,,,,,,,,,,,,,,,,,,,,,,,,,,,,,,,,
euroleague,25,2025,offensive,33,Panathinaikos AKTOR Athens,Panathinaikos,15063,Cedi Osman,SF,39,27:18,1638.5,118.6,-1.9,,,,,,68,,,,,,120.4,31.3,0.9,1097,55.9,-1.1,648,37.1,-1.1,34.9,-2.5,28.2,1.3,23.8,-4.2,12.8,-0.1,,,,,,,,,,,,,,,,,,
euroleague,25,2025,defensive,33,Panathinaikos AKTOR Athens,Panathinaikos,15063,Cedi Osman,SF,39,27:18,1638.5,,,116.1,-1,,,,,,,,,,,,,,,,,,,,,,,,,,,117,69,67,0.9,975,57.2,-1.3,744,43.3,0.5,34.9,0.4,26.9,1.7,27.4,-0.3,14.8,-0.3
euroleague,25,2025,total,33,Panathinaikos AKTOR Athens,Panathinaikos,17907,Jerian Grant,SG,42,23:39,1419,116.7,-4.1,114.2,-3.4,2.5,-0.7,1794,59,2093,2092,1,49.1,0.4,,,,,,,,,,,,,,,,,,,,,,,,,,,,,,,,,,,
euroleague,25,2025,offensive,33,Panathinaikos AKTOR Athens,Panathinaikos,17907,Jerian Grant,SG,42,23:39,1419,116.7,-4.1,,,,,,59,,,,,,120.7,30.9,-1,966,57.6,3.3,592,38,2.4,34.5,-2.1,28.7,1.5,25.5,0.3,14.4,2.9,,,,,,,,,,,,,,,,,,
euroleague,25,2025,defensive,33,Panathinaikos AKTOR Athens,Panathinaikos,17907,Jerian Grant,SG,42,23:39,1419,,,114.2,-3.4,,,,,,,,,,,,,,,,,,,,,,,,,,,117.6,60,66.6,0.2,870,57.5,0.6,718,45.2,2.5,34.1,-0.6,27.1,0.6,26.6,-0.8,15.6,1.5
euroleague,25,2025,total,636,Maccabi Playtika Tel Aviv,Maccabi,24128,Gabriel Lundberg,PG,16,24:23,1463.3,120.9,2.3,118.5,-4.5,2.4,6.8,718,60,868,845,23,49.6,2,,,,,,,,,,,,,,,,,,,,,,,,,,,,,,,,,,,
euroleague,25,2025,offensive,636,Maccabi Playtika Tel Aviv,Maccabi,24128,Gabriel Lundberg,PG,16,24:23,1463.3,120.9,2.3,,,,,,60,,,,,,118.5,33.7,5.1,371,56.1,3,274,42.5,-2.1,36.1,-5,27.2,0.1,25.7,-0.1,13.5,-0.4,,,,,,,,,,,,,,,,,,
euroleague,25,2025,defensive,636,Maccabi Playtika Tel Aviv,Maccabi,24128,Gabriel Lundberg,PG,16,24:23,1463.3,,,118.5,-4.5,,,,,,,,,,,,,,,,,,,,,,,,,,,123,59,65.9,-0.5,349,58.7,3.5,296,45.9,1.7,35.1,-3.5,23.8,-7,29.1,0.5,14.5,0.8
euroleague,25,2025,total,677,Valencia Basket,Valencia,24693,Jaime Pradilla,C,44,19:31,1171.8,119.9,2,117.7,7,2.1,-5,1602,48,1920,1881,39,51.3,-0.8,,,,,,,,,,,,,,,,,,,,,,,,,,,,,,,,,,,
euroleague,25,2025,offensive,677,Valencia Basket,Valencia,24693,Jaime Pradilla,C,44,19:31,1171.8,119.9,2,,,,,,48,,,,,,117.8,34.5,-1,779,58.2,1.1,695,47.2,1.3,35.8,-0.5,26.3,-1,28.1,1.2,13.3,-1.3,,,,,,,,,,,,,,,,,,
euroleague,25,2025,defensive,677,Valencia Basket,Valencia,24693,Jaime Pradilla,C,44,19:31,1171.8,,,117.7,7,,,,,,,,,,,,,,,,,,,,,,,,,,,110.7,48,69.1,0.4,828,56.4,3.6,576,41,-1.5,38.2,6.2,25.2,-3.2,27.8,3.4,15.3,0.6
euroleague,25,2025,total,584,Fenerbahce Beko Istanbul,Fenerbahce,22945,Bonzie Colson,SF,40,16:52,1012.4,115.4,2.9,113.5,2.8,2,0.1,1233,43,1423,1400,23,50.3,-1.2,,,,,,,,,,,,,,,,,,,,,,,,,,,,,,,,,,,
euroleague,25,2025,offensive,584,Fenerbahce Beko Istanbul,Fenerbahce,22945,Bonzie Colson,SF,40,16:52,1012.4,115.4,2.9,,,,,,43,,,,,,112.5,33,-0.9,613,55.8,3.1,452,42.4,1.4,35.6,-0.5,26.8,-1.6,23.1,-0.3,15.4,-0.7,,,,,,,,,,,,,,,,,,
euroleague,25,2025,defensive,584,Fenerbahce Beko Istanbul,Fenerbahce,22945,Bonzie Colson,SF,40,16:52,1012.4,,,113.5,2.8,,,,,,,,,,,,,,,,,,,,,,,,,,,110.6,43,67.8,-0.3,663,54.1,3,374,36.1,-4,32.4,0.2,31,-0.1,24.9,2.3,15,1.6
euroleague,25,2025,total,3292,Paris Basketball,Paris,34942,Justin Robinson,PG,36,18:58,1138.4,117,3.3,115.1,-3,1.8,6.3,1349,48,1578,1552,26,48.8,-0.2,,,,,,,,,,,,,,,,,,,,,,,,,,,,,,,,,,,
euroleague,25,2025,offensive,3292,Paris Basketball,Paris,34942,Justin Robinson,PG,36,18:58,1138.4,117,3.3,,,,,,48,,,,,,113.7,34.2,0.5,603,55.9,6.4,590,49.5,3.6,36.9,0.3,24.3,-4.6,26.1,6.7,15.5,0.8,,,,,,,,,,,,,,,,,,
euroleague,25,2025,defensive,3292,Paris Basketball,Paris,34942,Justin Robinson,PG,36,18:58,1138.4,,,115.1,-3,,,,,,,,,,,,,,,,,,,,,,,,,,,118.1,48,64.3,-0.6,577,56,2,536,48.2,4.5,35.6,-0.5,29.5,1.1,28,-1.1,17.3,2.8
euroleague,25,2025,total,677,Valencia Basket,Valencia,38538,Omari Moore,SG/PG,43,17:16,1036.4,114.4,-7.6,112.6,-2.5,1.8,-5.1,1421,43,1626,1574,52,53.3,3,,,,,,,,,,,,,,,,,,,,,,,,,,,,,,,,,,,
euroleague,25,2025,offensive,677,Valencia Basket,Valencia,38538,Omari Moore,SG/PG,43,17:16,1036.4,114.4,-7.6,,,,,,43,,,,,,122,36.6,2.9,706,57.4,-0.1,558,44.1,-4.4,32.6,-5.9,27,0.2,27.4,0,14.9,1.6,,,,,,,,,,,,,,,,,,
euroleague,25,2025,defensive,677,Valencia Basket,Valencia,38538,Omari Moore,SG/PG,43,17:16,1036.4,,,112.6,-2.5,,,,,,,,,,,,,,,,,,,,,,,,,,,115.1,43,71.7,5,690,55.8,2.3,501,42.1,0.5,36.3,2.4,25.7,-2.3,26.7,1.4,15.8,1.5
euroleague,25,2025,total,636,Maccabi Playtika Tel Aviv,Maccabi,36658,Marcio Santos,C,37,14:03,843.9,121.6,5.5,119.8,-3,1.8,8.5,961,34,1169,1161,8,49.9,1,,,,,,,,,,,,,,,,,,,,,,,,,,,,,,,,,,,
euroleague,25,2025,offensive,636,Maccabi Playtika Tel Aviv,Maccabi,36658,Marcio Santos,C,37,14:03,843.9,121.6,5.5,,,,,,34,,,,,,116.1,37.4,4.6,464,55.4,2,385,45.3,4.3,35.6,0.7,31.7,4.6,27,1.7,13.6,-0.3,,,,,,,,,,,,,,,,,,
euroleague,25,2025,defensive,636,Maccabi Playtika Tel Aviv,Maccabi,36658,Marcio Santos,C,37,14:03,843.9,,,119.8,-3,,,,,,,,,,,,,,,,,,,,,,,,,,,122.8,34,62.9,-3.4,432,58.3,-2,395,47.8,4.9,36.5,1.4,31.2,4.3,28.3,-0.4,15.9,2.1
euroleague,25,2025,total,1220,FC Bayern Munich,Bayern,17944,Johannes Voigtmann,PF,23,13:00,780.3,116.5,11,114.7,0.2,1.8,10.9,547,32,637,632,5,49.6,2.5,,,,,,,,,,,,,,,,,,,,,,,,,,,,,,,,,,,
euroleague,25,2025,offensive,1220,FC Bayern Munich,Bayern,17944,Johannes Voigtmann,PF,23,13:00,780.3,116.5,11,,,,,,32,,,,,,105.4,29.1,1,268,57.5,4.4,213,44.3,2.3,37.6,5.2,26.5,1.8,28.7,3.6,15.7,-0.3,,,,,,,,,,,,,,,,,,
euroleague,25,2025,defensive,1220,FC Bayern Munich,Bayern,17944,Johannes Voigtmann,PF,23,13:00,780.3,,,114.7,0.2,,,,,,,,,,,,,,,,,,,,,,,,,,,114.5,32,70,3.4,256,55.9,-2.1,208,44.8,1,37,3.4,26.7,-3,25.7,-1.3,16,0
euroleague,25,2025,total,2222,AS Monaco,Monaco,23745,Matthew Strazel,PG,43,24:17,1457.5,116.5,-5.1,114.8,-5.1,1.6,0,1949,61,2270,2228,42,48.1,-0.8,,,,,,,,,,,,,,,,,,,,,,,,,,,,,,,,,,,
euroleague,25,2025,offensive,2222,AS Monaco,Monaco,23745,Matthew Strazel,PG,43,24:17,1457.5,116.5,-5.1,,,,,,61,,,,,,121.6,28.1,-4,997,55.8,-2.4,662,39.9,4.2,34.9,2.1,29.8,1.7,27.6,-0.4,13.4,1.5,,,,,,,,,,,,,,,,,,
euroleague,25,2025,defensive,2222,AS Monaco,Monaco,23745,Matthew Strazel,PG,43,24:17,1457.5,,,114.8,-5.1,,,,,,,,,,,,,,,,,,,,,,,,,,,119.9,60,66.9,0.9,1029,54.9,-1.2,707,40.7,-2.6,36.1,-3.5,27,0.1,23.7,-2.4,14.5,-1
euroleague,25,2025,total,1220,FC Bayern Munich,Bayern,23734,Nenad Dimitrijevic,PG,16,20:55,1255.6,112.5,-5.8,110.9,-10.7,1.6,4.9,610,53,686,663,23,48.3,1.4,,,,,,,,,,,,,,,,,,,,,,,,,,,,,,,,,,,
euroleague,25,2025,offensive,1220,FC Bayern Munich,Bayern,23734,Nenad Dimitrijevic,PG,16,20:55,1255.6,112.5,-5.8,,,,,,53,,,,,,118.2,28,-1.4,331,54.7,-1.2,197,37.3,-6.6,36,-6.7,26.6,3.1,25,-7.4,14.4,-1.8,,,,,,,,,,,,,,,,,,
euroleague,25,2025,defensive,1220,FC Bayern Munich,Bayern,23734,Nenad Dimitrijevic,PG,16,20:55,1255.6,,,110.9,-10.7,,,,,,,,,,,,,,,,,,,,,,,,,,,121.6,51,67,3,292,55.8,0.1,245,45.6,-2.6,30.6,-11.8,27.8,0,26.8,-3.3,14.9,-1.7
euroleague,25,2025,total,635,Hapoel Shlomo Tel Aviv,Hapoel,14049,Vasilije Micic,PG/SG,40,24:07,1447.2,116.8,-3.3,115.2,0.1,1.6,-3.4,1807,61,2110,2055,55,48.2,-2,,,,,,,,,,,,,,,,,,,,,,,,,,,,,,,,,,,
euroleague,25,2025,offensive,635,Hapoel Shlomo Tel Aviv,Hapoel,14049,Vasilije Micic,PG/SG,40,24:07,1447.2,116.8,-3.3,,,,,,61,,,,,,120.1,27.7,-0.3,950,60.2,3.4,590,38.3,-0.2,36.4,-1.8,26.6,-3.8,24.5,-0.1,15.6,2.4,,,,,,,,,,,,,,,,,,
euroleague,25,2025,defensive,635,Hapoel Shlomo Tel Aviv,Hapoel,14049,Vasilije Micic,PG/SG,40,24:07,1447.2,,,115.2,0.1,,,,,,,,,,,,,,,,,,,,,,,,,,,115.1,60,66.5,-3.4,945,55.3,-1.9,640,40.4,-1,34.5,3.5,26,-0.3,25.4,1.2,15.2,3
euroleague,25,2025,total,584,Fenerbahce Beko Istanbul,Fenerbahce,19142,Wade Baldwin IV,PG/SG,42,25:50,1550.8,114.7,2.8,113.1,5.1,1.6,-2.3,1978,65,2268,2238,30,50.4,-1.8,,,,,,,,,,,,,,,,,,,,,,,,,,,,,,,,,,,
euroleague,25,2025,offensive,584,Fenerbahce Beko Istanbul,Fenerbahce,19142,Wade Baldwin IV,PG/SG,42,25:50,1550.8,114.7,2.8,,,,,,65,,,,,,111.9,32.6,-2.5,992,55.3,2.9,708,41.6,0.4,35,-2.5,27.4,-1.1,23.6,1.4,15.3,-2.4,,,,,,,,,,,,,,,,,,
euroleague,25,2025,defensive,584,Fenerbahce Beko Istanbul,Fenerbahce,19142,Wade Baldwin IV,PG/SG,42,25:50,1550.8,,,113.1,5.1,,,,,,,,,,,,,,,,,,,,,,,,,,,108,65,67.2,-1.8,1048,51.9,0,666,38.9,0.7,32.1,-0.4,31.3,0.9,23.6,0.7,13.7,-1.3
euroleague,25,2025,total,635,Hapoel Shlomo Tel Aviv,Hapoel,36151,Collin Malcolm,SF,40,24:50,1490.4,118.9,0.9,117.4,4.1,1.6,-3.1,1821,62,2166,2147,19,48.7,-0.1,,,,,,,,,,,,,,,,,,,,,,,,,,,,,,,,,,,
euroleague,25,2025,offensive,635,Hapoel Shlomo Tel Aviv,Hapoel,36151,Collin Malcolm,SF,40,24:50,1490.4,118.9,0.9,,,,,,62,,,,,,118,28.2,1,968,59.7,0.3,587,37.7,-2.9,38.2,2.6,28,-0.1,24.3,-1,15,0.7,,,,,,,,,,,,,,,,,,
euroleague,25,2025,defensive,635,Hapoel Shlomo Tel Aviv,Hapoel,36151,Collin Malcolm,SF,40,24:50,1490.4,,,117.4,4.1,,,,,,,,,,,,,,,,,,,,,,,,,,,113.3,62,66.7,-2,993,57,2.4,656,39.8,-0.8,33.8,1.5,26.4,0.4,25.4,1.5,14.2,0.5
euroleague,25,2025,total,677,Valencia Basket,Valencia,36114,Nate Reuvers,C,44,19:03,1143.3,117.5,-2.5,116.2,4.1,1.2,-6.6,1580,47,1856,1833,23,50.2,-2.7,,,,,,,,,,,,,,,,,,,,,,,,,,,,,,,,,,,
euroleague,25,2025,offensive,677,Valencia Basket,Valencia,36114,Nate Reuvers,C,44,19:03,1143.3,117.5,-2.5,,,,,,47,,,,,,120,30.2,-8.8,724,58.8,2.3,659,47.7,2.1,35.5,-1.1,26.5,-0.6,28.6,2.1,14.1,0.3,,,,,,,,,,,,,,,,,,
euroleague,25,2025,defensive,677,Valencia Basket,Valencia,36114,Nate Reuvers,C,44,19:03,1143.3,,,116.2,4.1,,,,,,,,,,,,,,,,,,,,,,,,,,,112.1,47,69.9,2,805,55.8,2.3,582,42,0.3,37.5,4.8,25.5,-2.5,27.4,2.6,14.9,-0.2
euroleague,25,2025,total,3359,Dubai Basketball,Dubai,35041,Filip Petrusev,PF,38,23:31,1411.4,120.6,2.8,119.4,0.8,1.1,2,1635,58,1971,1975,-4,50.5,2.1,,,,,,,,,,,,,,,,,,,,,,,,,,,,,,,,,,,
euroleague,25,2025,offensive,3359,Dubai Basketball,Dubai,35041,Filip Petrusev,PF,38,23:31,1411.4,120.6,2.8,,,,,,58,,,,,,117.8,31.2,1.6,939,55.6,1,468,33.3,-9,34.6,-0.6,29.7,2.1,26.1,1,13,0.7,,,,,,,,,,,,,,,,,,
euroleague,25,2025,defensive,3359,Dubai Basketball,Dubai,35041,Filip Petrusev,PF,38,23:31,1411.4,,,119.4,0.8,,,,,,,,,,,,,,,,,,,,,,,,,,,118.6,59,68.5,2.2,899,53.7,1.5,593,39.7,2.3,39,3,26.7,-6.6,25.7,2,12.6,0.2
euroleague,25,2025,total,709,Kosner Baskonia Vitoria-Gasteiz,Baskonia,34680,Clement Frisch,SF/PF,37,12:07,727.2,118.4,3,117.5,-7.2,0.9,10.3,871,31,1031,1020,11,48.5,0.6,,,,,,,,,,,,,,,,,,,,,,,,,,,,,,,,,,,
euroleague,25,2025,offensive,709,Kosner Baskonia Vitoria-Gasteiz,Baskonia,34680,Clement Frisch,SF/PF,37,12:07,727.2,118.4,3,,,,,,31,,,,,,115.3,26.1,-5.2,363,59.2,1.4,346,48.8,7.2,36.7,3.4,28.1,0.1,26.7,1,15,-0.2,,,,,,,,,,,,,,,,,,
euroleague,25,2025,defensive,709,Kosner Baskonia Vitoria-Gasteiz,Baskonia,34680,Clement Frisch,SF/PF,37,12:07,727.2,,,117.5,-7.2,,,,,,,,,,,,,,,,,,,,,,,,,,,124.7,31,69.6,4.5,482,51.9,-3.4,249,34.1,-5.3,40.2,-1.1,29.4,1,23,-1.5,14.5,0.6
euroleague,25,2025,total,3359,Dubai Basketball,Dubai,6492,Davis Bertans,SF,29,18:38,1118.4,118.3,2.6,117.4,-2.8,0.9,5.4,1016,48,1202,1151,51,48.8,-1.9,,,,,,,,,,,,,,,,,,,,,,,,,,,,,,,,,,,
euroleague,25,2025,offensive,3359,Dubai Basketball,Dubai,6492,Davis Bertans,SF,29,18:38,1118.4,118.3,2.6,,,,,,48,,,,,,115.7,29.7,-2.2,465,55.7,2.2,414,47.1,17.5,33.6,-1.1,28.4,-1.3,25,-0.9,12,-2.5,,,,,,,,,,,,,,,,,,
euroleague,25,2025,defensive,3359,Dubai Basketball,Dubai,6492,Davis Bertans,SF,29,18:38,1118.4,,,117.4,-2.8,,,,,,,,,,,,,,,,,,,,,,,,,,,120.2,46,67.2,-1.5,540,50.9,-3.7,336,38.4,-0.3,36.3,-4,30.3,2.1,23.3,-3.5,12.8,0.4
euroleague,25,2025,total,3359,Dubai Basketball,Dubai,17121,Bruno Caboclo,C,11,12:43,763.8,121.8,0.5,120.9,5.3,0.8,-4.8,262,32,319,318,1,45.8,-5.6,,,,,,,,,,,,,,,,,,,,,,,,,,,,,,,,,,,
euroleague,25,2025,offensive,3359,Dubai Basketball,Dubai,17121,Bruno Caboclo,C,11,12:43,763.8,121.8,0.5,,,,,,32,,,,,,121.2,29.9,0,143,55.2,0.6,90,38.6,6.6,37.8,1.5,27.5,-0.7,24.9,-1.1,11.7,0,,,,,,,,,,,,,,,,,,
euroleague,25,2025,defensive,3359,Dubai Basketball,Dubai,17121,Bruno Caboclo,C,11,12:43,763.8,,,120.9,5.3,,,,,,,,,,,,,,,,,,,,,,,,,,,115.6,32,60.6,-10.2,164,54.9,5.7,87,34.7,-4.1,32.2,-6,31.6,2.7,25.6,0.7,12.6,1.1
euroleague,25,2025,total,636,Maccabi Playtika Tel Aviv,Maccabi,38534,Gur Lavi,SF,15,11:15,675.2,120.2,2.3,119.4,-5.2,0.8,7.5,317,28,381,382,-1,54.7,4.3,,,,,,,,,,,,,,,,,,,,,,,,,,,,,,,,,,,
euroleague,25,2025,offensive,636,Maccabi Playtika Tel Aviv,Maccabi,38534,Gur Lavi,SF,15,11:15,675.2,120.2,2.3,,,,,,28,,,,,,117.9,39.7,3.2,160,53.8,0.8,128,44.4,1.5,35.9,0.4,30,1.2,28.4,1.6,13.5,-0.8,,,,,,,,,,,,,,,,,,
euroleague,25,2025,defensive,636,Maccabi Playtika Tel Aviv,Maccabi,38534,Gur Lavi,SF,15,11:15,675.2,,,119.4,-5.2,,,,,,,,,,,,,,,,,,,,,,,,,,,124.6,28,71.1,6.2,150,62,3.3,116,43.6,-4.1,34.5,-2.6,30.3,1.7,29.6,-1.2,15.8,2.2
euroleague,25,2025,total,635,Hapoel Shlomo Tel Aviv,Hapoel,35541,Kessler Edwards,SF,13,13:07,787.4,111.9,-10,111.1,-14.5,0.8,4.5,329,34,368,371,-3,51.5,4.6,,,,,,,,,,,,,,,,,,,,,,,,,,,,,,,,,,,
euroleague,25,2025,offensive,635,Hapoel Shlomo Tel Aviv,Hapoel,35541,Kessler Edwards,SF,13,13:07,787.4,111.9,-10,,,,,,34,,,,,,121.9,23.9,-4.1,177,55.9,-3.3,95,34.9,-0.8,37.9,0.8,27.7,0,25.8,0.9,15.7,2.9,,,,,,,,,,,,,,,,,,
euroleague,25,2025,defensive,635,Hapoel Shlomo Tel Aviv,Hapoel,35541,Kessler Edwards,SF,13,13:07,787.4,,,111.1,-14.5,,,,,,,,,,,,,,,,,,,,,,,,,,,125.6,34,76.1,11.7,179,54.7,-6.9,108,37.6,-7.7,30.6,-3.1,28.1,3.3,25.1,-3.3,12.1,0
euroleague,25,2025,total,389,EA7 Emporio Armani Milan,EA7 Armani,35909,Nathan Sestina,PF,10,08:09,489.2,123,5.7,122.2,5.1,0.8,0.6,148,20,182,187,-5,51.4,2.4,,,,,,,,,,,,,,,,,,,,,,,,,,,,,,,,,,,
euroleague,25,2025,offensive,389,EA7 Emporio Armani Milan,EA7 Armani,35909,Nathan Sestina,PF,10,08:09,489.2,123,5.7,,,,,,20,,,,,,117.3,35.5,6,78,59,6.2,58,42.6,-2.7,31,-9.1,29.7,3.4,28.4,-0.4,11.4,-2.2,,,,,,,,,,,,,,,,,,
euroleague,25,2025,defensive,389,EA7 Emporio Armani Milan,EA7 Armani,35909,Nathan Sestina,PF,10,08:09,489.2,,,122.2,5.1,,,,,,,,,,,,,,,,,,,,,,,,,,,117.2,20,69.1,0.7,82,56.1,-0.6,53,39.3,-2.6,37.7,1.5,33.3,8,25.5,0.2,14.4,0
euroleague,25,2025,total,74,Crvena Zvezda Meridianbet Belgrade,C.Zvezda,35282,Tyson Carter,SG,11,14:41,881.3,111.4,-6.6,110.7,-11.9,0.7,5.3,298,36,332,331,1,51.4,-1.5,,,,,,,,,,,,,,,,,,,,,,,,,,,,,,,,,,,
euroleague,25,2025,offensive,74,Crvena Zvezda Meridianbet Belgrade,C.Zvezda,35282,Tyson Carter,SG,11,14:41,881.3,111.4,-6.6,,,,,,36,,,,,,118,35.3,-2,150,55.3,1.7,99,39.8,3.8,34.3,-1.9,25.2,-5.1,24.6,-1.5,18.2,4,,,,,,,,,,,,,,,,,,
euroleague,25,2025,defensive,74,Crvena Zvezda Meridianbet Belgrade,C.Zvezda,35282,Tyson Carter,SG,11,14:41,881.3,,,110.7,-11.9,,,,,,,,,,,,,,,,,,,,,,,,,,,122.6,36,67.1,-3.3,139,56.8,0.7,110,44.2,0.8,31.8,-9.3,30.8,2.5,26.3,0.3,16.5,1.9
euroleague,25,2025,total,90,Virtus Segafredo Bologna,Virtus,21015,Luca Vildoza,PG,31,21:16,1276.7,117.9,10.1,117.3,-3.4,0.6,13.5,1189,53,1402,1396,6,48.5,-0.4,,,,,,,,,,,,,,,,,,,,,,,,,,,,,,,,,,,
euroleague,25,2025,offensive,90,Virtus Segafredo Bologna,Virtus,21015,Luca Vildoza,PG,31,21:16,1276.7,117.9,10.1,,,,,,53,,,,,,107.8,31.2,-0.2,594,56.7,0.5,444,42.8,1.3,38.7,6,26.2,-2.3,27.8,-1.6,15.3,-3.1,,,,,,,,,,,,,,,,,,
euroleague,25,2025,defensive,90,Virtus Segafredo Bologna,Virtus,21015,Luca Vildoza,PG,31,21:16,1276.7,,,117.3,-3.4,,,,,,,,,,,,,,,,,,,,,,,,,,,120.7,53,65.5,0.6,584,58.2,2.6,459,44,-3.2,35.7,-1.1,27.8,-1.3,26.7,-2,15.4,2.2
euroleague,25,2025,total,3359,Dubai Basketball,Dubai,18820,Justin Anderson,SF,33,23:30,1410.7,118.8,0.8,118.2,-1.4,0.6,2.2,1422,58,1690,1685,5,49.1,-1.8,,,,,,,,,,,,,,,,,,,,,,,,,,,,,,,,,,,
euroleague,25,2025,offensive,3359,Dubai Basketball,Dubai,18820,Justin Anderson,SF,33,23:30,1410.7,118.8,0.8,,,,,,58,,,,,,118,28.6,-3.7,754,55.3,0.8,472,38.5,3.6,34.7,-1.1,28.6,0.6,25.9,0.2,12.1,-2.4,,,,,,,,,,,,,,,,,,
euroleague,25,2025,defensive,3359,Dubai Basketball,Dubai,18820,Justin Anderson,SF,33,23:30,1410.7,,,118.2,-1.4,,,,,,,,,,,,,,,,,,,,,,,,,,,119.6,58,68.9,2,776,53.1,1.2,485,38.5,-1.5,38.8,2.2,28.8,-0.5,25,-0.4,13.1,2.1
euroleague,25,2025,total,1220,FC Bayern Munich,Bayern,37266,David McCormack,C,28,15:28,928.9,112.9,0.2,112.6,-6.3,0.3,6.4,776,39,876,887,-11,47.3,-2,,,,,,,,,,,,,,,,,,,,,,,,,,,,,,,,,,,
euroleague,25,2025,offensive,1220,FC Bayern Munich,Bayern,37266,David McCormack,C,28,15:28,928.9,112.9,0.2,,,,,,39,,,,,,112.7,28.1,-4.6,421,56.1,2.2,266,38.7,-4.9,36.5,0.3,24.7,-2.1,29.3,4.4,15.2,-0.4,,,,,,,,,,,,,,,,,,
euroleague,25,2025,defensive,1220,FC Bayern Munich,Bayern,37266,David McCormack,C,28,15:28,928.9,,,112.6,-6.3,,,,,,,,,,,,,,,,,,,,,,,,,,,118.9,39,66.6,-0.6,366,59.3,5.4,311,45.9,3.9,32.2,-8.8,28.8,-2.5,26.7,-0.9,16.7,0.8
euroleague,25,2025,total,60,FC Barcelona,Barcelona,19540,Will Clyburn,SF,33,25:33,1533.8,117.7,2.6,117.4,4.5,0.3,-1.9,1510,63,1778,1771,7,49.8,-0.7,,,,,,,,,,,,,,,,,,,,,,,,,,,,,,,,,,,
euroleague,25,2025,offensive,60,FC Barcelona,Barcelona,19540,Will Clyburn,SF,33,25:33,1533.8,117.7,2.6,,,,,,63,,,,,,115.2,33.1,-1.9,817,54.3,1.6,531,39.4,-2.3,37.9,1.4,30.4,5.3,24.2,-2.1,13.8,-0.7,,,,,,,,,,,,,,,,,,
euroleague,25,2025,defensive,60,FC Barcelona,Barcelona,19540,Will Clyburn,SF,33,25:33,1533.8,,,117.4,4.5,,,,,,,,,,,,,,,,,,,,,,,,,,,113,63,67.3,-1,797,58.1,0.8,514,39.2,0.1,35.2,1.4,26.3,-4.5,24.7,0.6,15.1,-1.9
euroleague,25,2025,total,584,Fenerbahce Beko Istanbul,Fenerbahce,24309,Devon Hall,SG,35,25:09,1509.3,109.8,-9.7,109.5,-4.5,0.3,-5.2,1567,62,1721,1736,-15,51.1,1.3,,,,,,,,,,,,,,,,,,,,,,,,,,,,,,,,,,,
euroleague,25,2025,offensive,584,Fenerbahce Beko Istanbul,Fenerbahce,24309,Devon Hall,SG,35,25:09,1509.3,109.8,-9.7,,,,,,62,,,,,,119.6,34.1,3.1,788,51.6,-5.6,559,41.5,0.3,35.4,-2.7,28.7,1.6,22.5,-1.2,16.9,2.1,,,,,,,,,,,,,,,,,,
euroleague,25,2025,defensive,584,Fenerbahce Beko Istanbul,Fenerbahce,24309,Devon Hall,SG,35,25:09,1509.3,,,109.5,-4.5,,,,,,,,,,,,,,,,,,,,,,,,,,,114.1,62,67.5,0.6,838,51.9,1.9,540,39.2,-0.3,32.2,-2.2,30.4,-3.4,22.9,0,14.6,0.7
euroleague,25,2025,total,584,Fenerbahce Beko Istanbul,Fenerbahce,19553,Khem Birch,C,43,16:32,992.6,110,-6.4,109.7,-2.9,0.3,-3.5,1244,40,1368,1406,-38,52,1.6,,,,,,,,,,,,,,,,,,,,,,,,,,,,,,,,,,,
euroleague,25,2025,offensive,584,Fenerbahce Beko Istanbul,Fenerbahce,19553,Khem Birch,C,43,16:32,992.6,110,-6.4,,,,,,40,,,,,,116.4,33.6,0.3,653,51.3,-5.2,428,39.6,-3.7,36.4,0.5,26.7,-1.9,22,-1.8,16.4,0.5,,,,,,,,,,,,,,,,,,
euroleague,25,2025,defensive,584,Fenerbahce Beko Istanbul,Fenerbahce,19553,Khem Birch,C,43,16:32,992.6,,,109.7,-2.9,,,,,,,,,,,,,,,,,,,,,,,,,,,112.5,41,68.9,1.9,687,51.5,-0.9,436,38.8,0.3,32.1,0.1,31.4,0.7,23.7,0.6,14.1,0
euroleague,25,2025,total,60,FC Barcelona,Barcelona,37642,Myles Cale,SF,34,15:10,910.4,114.8,-4,114.5,-2.2,0.3,-1.8,914,37,1049,1066,-17,50.6,0.7,,,,,,,,,,,,,,,,,,,,,,,,,,,,,,,,,,,
euroleague,25,2025,offensive,60,FC Barcelona,Barcelona,37642,Myles Cale,SF,34,15:10,910.4,114.8,-4,,,,,,37,,,,,,118.8,33.7,1.1,489,53.6,-2.8,336,40.7,-0.3,34.8,-3.5,27.1,-1.8,23.9,-1.9,13.9,-0.6,,,,,,,,,,,,,,,,,,
euroleague,25,2025,defensive,60,FC Barcelona,Barcelona,37642,Myles Cale,SF,34,15:10,910.4,,,114.5,-2.2,,,,,,,,,,,,,,,,,,,,,,,,,,,116.7,38,69.2,1,458,54.4,-4.2,304,39.9,2,37.8,3.2,28.8,1.1,23.4,-2.1,16,0.1
euroleague,25,2025,total,389,EA7 Emporio Armani Milan,EA7 Armani,34945,Armoni Brooks,PG/SG,38,22:33,1353,120.4,2.7,120.2,0.2,0.3,2.5,1546,56,1862,1852,10,50.2,1.3,,,,,,,,,,,,,,,,,,,,,,,,,,,,,,,,,,,
euroleague,25,2025,offensive,389,EA7 Emporio Armani Milan,EA7 Armani,34945,Armoni Brooks,PG/SG,38,22:33,1353,120.4,2.7,,,,,,56,,,,,,117.7,30.8,1.3,730,54.8,-0.2,623,46,8.9,39.8,1.6,28.3,-1.9,26.9,0.4,13.6,-1.2,,,,,,,,,,,,,,,,,,
euroleague,25,2025,defensive,389,EA7 Emporio Armani Milan,EA7 Armani,34945,Armoni Brooks,PG/SG,38,22:33,1353,,,120.2,0.2,,,,,,,,,,,,,,,,,,,,,,,,,,,119.9,56,69.5,2.5,819,56.7,2.6,537,39.6,1.8,36.3,-2.5,29.8,5.5,24.4,-1,12.8,0
euroleague,25,2025,total,635,Hapoel Shlomo Tel Aviv,Hapoel,35314,Tai Odiase,C,29,11:53,713.4,116.5,-0.1,116.2,2,0.2,-2.1,620,29,722,737,-15,50.7,2.9,,,,,,,,,,,,,,,,,,,,,,,,,,,,,,,,,,,
euroleague,25,2025,offensive,635,Hapoel Shlomo Tel Aviv,Hapoel,35314,Tai Odiase,C,29,11:53,713.4,116.5,-0.1,,,,,,29,,,,,,116.6,30.1,1,324,56.5,-1.5,201,38.3,1.5,37.3,2.1,31,4.1,22.8,-0.3,15,0.4,,,,,,,,,,,,,,,,,,
euroleague,25,2025,defensive,635,Hapoel Shlomo Tel Aviv,Hapoel,35314,Tai Odiase,C,29,11:53,713.4,,,116.2,2,,,,,,,,,,,,,,,,,,,,,,,,,,,114.2,30,69.1,4.2,333,56.2,-0.2,228,40.6,0,35.5,3.6,26.8,0.9,26.1,1.7,14.2,-0.1
euroleague,25,2025,total,635,Hapoel Shlomo Tel Aviv,Hapoel,19763,Levi Randolph,SF,12,10:15,615.4,116.6,-2.3,116.5,-4.6,0.1,2.3,223,25,260,276,-16,47.6,-1.3,,,,,,,,,,,,,,,,,,,,,,,,,,,,,,,,,,,
euroleague,25,2025,offensive,635,Hapoel Shlomo Tel Aviv,Hapoel,19763,Levi Randolph,SF,12,10:15,615.4,116.6,-2.3,,,,,,25,,,,,,118.9,25.9,-1.7,128,50,-11,74,36.6,1.6,43.2,9.1,28.3,-0.5,24.1,-1.4,11.1,-3.9,,,,,,,,,,,,,,,,,,
euroleague,25,2025,defensive,635,Hapoel Shlomo Tel Aviv,Hapoel,19763,Levi Randolph,SF,12,10:15,615.4,,,116.5,-4.6,,,,,,,,,,,,,,,,,,,,,,,,,,,121.1,26,69,1.2,132,56.8,-2.3,80,37.7,-6.5,32.5,-1.3,27,2.6,26.9,1,14,1.7
euroleague,25,2025,total,74,Crvena Zvezda Meridianbet Belgrade,C.Zvezda,36031,Ognjen Radosic,SG,1,00:51,51,0,-122.4,0,-137.3,0,14.9,2,3,0,0,0,0,-49.2,,,,,,,,,,,,,,,,,,,,,,,,,,,,,,,,,,,
euroleague,25,2025,offensive,74,Crvena Zvezda Meridianbet Belgrade,C.Zvezda,36031,Ognjen Radosic,SG,1,00:51,51,0,-122.4,,,,,,3,,,,,,122.4,0,-32.3,0,,,2,100,73,0,-35.3,0,-23.9,0,-28.4,0,-13,,,,,,,,,,,,,,,,,,
euroleague,25,2025,defensive,74,Crvena Zvezda Meridianbet Belgrade,C.Zvezda,36031,Ognjen Radosic,SG,1,00:51,51,,,0,-137.3,,,,,,,,,,,,,,,,,,,,,,,,,,,137.3,3,,,0,,,0,,,,,0,-31.3,,,100,85.7
euroleague,25,2025,total,635,Hapoel Shlomo Tel Aviv,Hapoel,21637,Johnathan Motley,C,35,14:38,878.4,117.2,-1.6,117.3,4.1,-0.1,-5.7,949,37,1112,1106,6,47.6,-2.4,,,,,,,,,,,,,,,,,,,,,,,,,,,,,,,,,,,
euroleague,25,2025,offensive,635,Hapoel Shlomo Tel Aviv,Hapoel,21637,Johnathan Motley,C,35,14:38,878.4,117.2,-1.6,,,,,,37,,,,,,118.8,26.5,-1.8,465,59.6,0.7,325,41.1,3.8,37.8,0.7,30.3,3.6,25.1,1.8,15.6,1.3,,,,,,,,,,,,,,,,,,
euroleague,25,2025,defensive,635,Hapoel Shlomo Tel Aviv,Hapoel,21637,Johnathan Motley,C,35,14:38,878.4,,,117.3,4.1,,,,,,,,,,,,,,,,,,,,,,,,,,,113.1,36,66,-3.7,522,56.3,0.8,331,38.8,-1,32.6,-1,27.4,1.1,23.6,-2,13.6,-1.1
euroleague,25,2025,total,389,EA7 Emporio Armani Milan,EA7 Armani,34663,Leonardo Tote,C,1,17:12,1032,144.8,53.7,145.2,2.3,-0.3,51.4,29,39,42,45,-3,48.1,10.3,,,,,,,,,,,,,,,,,,,,,,,,,,,,,,,,,,,
euroleague,25,2025,offensive,389,EA7 Emporio Armani Milan,EA7 Armani,34663,Leonardo Tote,C,1,17:12,1032,144.8,53.7,,,,,,39,,,,,,91.1,35.7,15.7,18,61.1,5.1,10,35.7,-0.2,40,32.9,27.6,-3.5,21.9,-9.9,5.9,-6.1,,,,,,,,,,,,,,,,,,
euroleague,25,2025,defensive,389,EA7 Emporio Armani Milan,EA7 Armani,34663,Leonardo Tote,C,1,17:12,1032,,,145.2,2.3,,,,,,,,,,,,,,,,,,,,,,,,,,,142.9,42,61.5,-13.5,18,66.7,-9.3,12,40,11.4,50,10,12.9,-15.7,28.1,-7.8,11.1,-2.2
euroleague,25,2025,total,2222,AS Monaco,Monaco,17917,Mike James,PG,39,29:56,1796.2,118.8,3.1,119.2,13.9,-0.4,-10.8,2185,75,2595,2605,-10,47.9,-1.9,,,,,,,,,,,,,,,,,,,,,,,,,,,,,,,,,,,
euroleague,25,2025,offensive,2222,AS Monaco,Monaco,17917,Mike James,PG,39,29:56,1796.2,118.8,3.1,,,,,,75,,,,,,115.7,29.3,-2.2,1194,57.5,4.3,707,37.2,-5.4,33.4,-0.9,29,-0.6,27.4,0.2,12.9,0.3,,,,,,,,,,,,,,,,,,
euroleague,25,2025,defensive,2222,AS Monaco,Monaco,17917,Mike James,PG,39,29:56,1796.2,,,119.2,13.9,,,,,,,,,,,,,,,,,,,,,,,,,,,105.3,75,66.7,0.2,1124,56.8,6.9,787,41.2,-2.8,38.5,4.5,25.2,-7.1,25.6,4.4,14.9,-1.8
euroleague,25,2025,total,90,Virtus Segafredo Bologna,Virtus,22738,Alessandro Pajola,PG,24,19:05,1145.1,115.6,3,116,2.2,-0.5,0.8,842,48,973,978,-5,47.9,-1.6,,,,,,,,,,,,,,,,,,,,,,,,,,,,,,,,,,,
euroleague,25,2025,offensive,90,Virtus Segafredo Bologna,Virtus,22738,Alessandro Pajola,PG,24,19:05,1145.1,115.6,3,,,,,,48,,,,,,112.6,31.4,1.6,406,58.6,2.6,305,42.9,-1.5,35.4,-2.5,29,2.5,30,2.3,16.7,-0.6,,,,,,,,,,,,,,,,,,
euroleague,25,2025,defensive,90,Virtus Segafredo Bologna,Virtus,22738,Alessandro Pajola,PG,24,19:05,1145.1,,,116,2.2,,,,,,,,,,,,,,,,,,,,,,,,,,,113.8,48,62.7,-6.4,398,51,-7.2,342,46.2,3,36.3,2.3,31.1,4.3,26.4,1,15.4,0.6
euroleague,25,2025,total,635,Hapoel Shlomo Tel Aviv,Hapoel,35551,Yam Madar,PG,16,09:46,586.1,112.5,-2.7,112.9,-9.7,-0.5,7,297,25,334,323,11,48.2,1.7,,,,,,,,,,,,,,,,,,,,,,,,,,,,,,,,,,,
euroleague,25,2025,offensive,635,Hapoel Shlomo Tel Aviv,Hapoel,35551,Yam Madar,PG,16,09:46,586.1,112.5,-2.7,,,,,,25,,,,,,115.2,30.3,3.8,161,52.8,-6.2,106,39.7,0.6,31.1,-6.6,30.6,3.3,22.7,-1.4,11.6,-4,,,,,,,,,,,,,,,,,,
euroleague,25,2025,defensive,635,Hapoel Shlomo Tel Aviv,Hapoel,35551,Yam Madar,PG,16,09:46,586.1,,,112.9,-9.7,,,,,,,,,,,,,,,,,,,,,,,,,,,122.7,24,71.1,6,169,54.4,-5.6,77,31.3,-8.6,44.2,9,23.1,-4.1,27.5,0.7,17.4,3.3
euroleague,25,2025,total,265,Zalgiris Kaunas,Zalgiris,21320,Nigel Williams-Goss,PG,31,24:03,1443.7,113.1,-15,113.7,-2.1,-0.6,-12.8,1329,59,1503,1520,-17,49.9,-1,,,,,,,,,,,,,,,,,,,,,,,,,,,,,,,,,,,
euroleague,25,2025,offensive,265,Zalgiris Kaunas,Zalgiris,21320,Nigel Williams-Goss,PG,31,24:03,1443.7,113.1,-15,,,,,,59,,,,,,128.1,32.2,-4.4,784,52.9,-3.5,395,33.5,-10.3,34.4,-8.6,28.3,0.5,25.8,-2.8,13.5,-0.4,,,,,,,,,,,,,,,,,,
euroleague,25,2025,defensive,265,Zalgiris Kaunas,Zalgiris,21320,Nigel Williams-Goss,PG,31,24:03,1443.7,,,113.7,-2.1,,,,,,,,,,,,,,,,,,,,,,,,,,,115.8,60,68.2,3.3,779,52.9,-0.8,418,34.9,1.3,37.8,3.3,26.5,-2.2,23.9,-1.3,14,0.8
euroleague,25,2025,total,74,Crvena Zvezda Meridianbet Belgrade,C.Zvezda,23675,Jordan Nwora,SF,34,27:07,1627.8,115.3,-0.7,115.9,0.1,-0.6,-0.8,1749,68,2017,2002,15,52.8,-2.1,,,,,,,,,,,,,,,,,,,,,,,,,,,,,,,,,,,
euroleague,25,2025,offensive,74,Crvena Zvezda Meridianbet Belgrade,C.Zvezda,23675,Jordan Nwora,SF,34,27:07,1627.8,115.3,-0.7,,,,,,68,,,,,,116,36.3,-2.7,919,56.8,3.9,583,38.8,-2.9,33.8,-3.5,27.8,-0.3,26.1,-1.5,16.1,1.2,,,,,,,,,,,,,,,,,,
euroleague,25,2025,defensive,74,Crvena Zvezda Meridianbet Belgrade,C.Zvezda,23675,Jordan Nwora,SF,34,27:07,1627.8,,,115.9,0.1,,,,,,,,,,,,,,,,,,,,,,,,,,,115.9,68,69.5,-2,854,57.7,2.5,630,42.5,-7.3,35.6,-1.5,26.1,-3.7,26.5,-0.9,15.3,0.1
euroleague,25,2025,total,583,Anadolu Efes Istanbul,Efes,34872,Saben Lee,PG,16,20:28,1228.8,114.9,10.5,115.6,-2.8,-0.7,13.3,598,52,687,682,5,45,-2.9,,,,,,,,,,,,,,,,,,,,,,,,,,,,,,,,,,,
euroleague,25,2025,offensive,583,Anadolu Efes Istanbul,Efes,34872,Saben Lee,PG,16,20:28,1228.8,114.9,10.5,,,,,,52,,,,,,104.4,24.1,-3.1,263,60.8,12,227,46.3,7.7,34.4,-2.9,28.9,4.9,27.1,2.6,14.5,-1.2,,,,,,,,,,,,,,,,,,
euroleague,25,2025,defensive,583,Anadolu Efes Istanbul,Efes,34872,Saben Lee,PG,16,20:28,1228.8,,,115.6,-2.8,,,,,,,,,,,,,,,,,,,,,,,,,,,118.4,52,65.3,-5.8,282,53.5,-0.1,206,42.2,1.3,37.9,-2.5,29.5,1.3,26.9,-2.5,16.3,1.9
euroleague,25,2025,total,2222,AS Monaco,Monaco,11213,Nemanja Nedovic,SG,35,13:26,806.4,114.9,-5.1,115.7,-3.4,-0.8,-1.7,870,33,1000,986,14,47.9,-0.5,,,,,,,,,,,,,,,,,,,,,,,,,,,,,,,,,,,
euroleague,25,2025,offensive,2222,AS Monaco,Monaco,11213,Nemanja Nedovic,SG,35,13:26,806.4,114.9,-5.1,,,,,,33,,,,,,120,30.5,1,436,56.4,-0.2,337,43.6,7.3,32.6,-2.3,27.7,-2,26.5,-1.8,13,0.7,,,,,,,,,,,,,,,,,,
euroleague,25,2025,defensive,2222,AS Monaco,Monaco,11213,Nemanja Nedovic,SG,35,13:26,806.4,,,115.7,-3.4,,,,,,,,,,,,,,,,,,,,,,,,,,,119.1,33,65.7,-1.5,427,54.8,-1.8,320,42.8,1.4,37.2,-1.1,31.3,5.9,24.4,-1.3,16,1.4
euroleague,25,2025,total,635,Hapoel Shlomo Tel Aviv,Hapoel,17091,Tyler Ennis,PG,10,08:22,502.4,117.7,-2.1,118.5,11.1,-0.8,-13.2,158,22,186,192,-6,50,-2.4,,,,,,,,,,,,,,,,,,,,,,,,,,,,,,,,,,,
euroleague,25,2025,offensive,635,Hapoel Shlomo Tel Aviv,Hapoel,17091,Tyler Ennis,PG,10,08:22,502.4,117.7,-2.1,,,,,,22,,,,,,119.8,23.9,-8.3,70,52.9,-6.4,62,47,12.5,45.2,15.3,24.7,-3.6,29.8,9,13.2,0.1,,,,,,,,,,,,,,,,,,
euroleague,25,2025,defensive,635,Hapoel Shlomo Tel Aviv,Hapoel,17091,Tyler Ennis,PG,10,08:22,502.4,,,118.5,11.1,,,,,,,,,,,,,,,,,,,,,,,,,,,107.4,22,72.2,1.4,87,57.5,4,54,38.3,3.2,20.4,-9.8,32.7,7.3,24.7,1.1,9.8,-4.8
euroleague,25,2025,total,74,Crvena Zvezda Meridianbet Belgrade,C.Zvezda,14047,Nikola Kalinic,SF,39,23:06,1386.6,114.7,-2.8,115.5,1,-0.8,-3.8,1644,56,1885,1909,-24,53.7,0.5,,,,,,,,,,,,,,,,,,,,,,,,,,,,,,,,,,,
euroleague,25,2025,offensive,74,Crvena Zvezda Meridianbet Belgrade,C.Zvezda,14047,Nikola Kalinic,SF,39,23:06,1386.6,114.7,-2.8,,,,,,56,,,,,,117.5,37.5,-0.1,875,55.8,0.1,548,38.5,-1.8,34.3,-1.7,29.3,1.9,27,0.5,16,0.5,,,,,,,,,,,,,,,,,,
euroleague,25,2025,defensive,74,Crvena Zvezda Meridianbet Belgrade,C.Zvezda,14047,Nikola Kalinic,SF,39,23:06,1386.6,,,115.5,1,,,,,,,,,,,,,,,,,,,,,,,,,,,114.5,57,69.4,-0.3,808,56.1,-1,622,43.5,-2.6,35,-1,29.2,3.1,25.2,-2.6,14.3,-2
euroleague,25,2025,total,33,Panathinaikos AKTOR Athens,Panathinaikos,20995,Konstantinos Mitoglou,PF,31,12:56,776.1,114.8,-6,115.8,1,-1,-7.1,756,33,868,864,4,46.9,-4,,,,,,,,,,,,,,,,,,,,,,,,,,,,,,,,,,,
euroleague,25,2025,offensive,33,Panathinaikos AKTOR Athens,Panathinaikos,20995,Konstantinos Mitoglou,PF,31,12:56,776.1,114.8,-6,,,,,,33,,,,,,120.8,29.8,-3.6,399,55.9,-0.8,249,38.4,0.9,34.1,-2.2,28.4,0.2,25.7,-0.5,14.7,1.7,,,,,,,,,,,,,,,,,,
euroleague,25,2025,defensive,33,Panathinaikos AKTOR Athens,Panathinaikos,20995,Konstantinos Mitoglou,PF,31,12:56,776.1,,,115.8,1,,,,,,,,,,,,,,,,,,,,,,,,,,,114.8,33,64.2,-3.9,380,57.6,1.2,259,40.5,-4.7,33.6,-0.6,28,1.3,27.6,0.8,15.7,1.2
euroleague,25,2025,total,265,Zalgiris Kaunas,Zalgiris,6815,Edgaras Ulanovas,PF,42,18:33,1113.1,116,-7.4,117.1,4.4,-1.1,-11.9,1398,46,1622,1660,-38,49.7,-1.6,,,,,,,,,,,,,,,,,,,,,,,,,,,,,,,,,,,
euroleague,25,2025,offensive,265,Zalgiris Kaunas,Zalgiris,6815,Edgaras Ulanovas,PF,42,18:33,1113.1,116,-7.4,,,,,,46,,,,,,123.5,35.7,3.7,760,51.1,-6.9,474,38.4,-0.5,37.3,-2.6,28.6,0.3,26.4,-0.6,14,0.6,,,,,,,,,,,,,,,,,,
euroleague,25,2025,defensive,265,Zalgiris Kaunas,Zalgiris,6815,Edgaras Ulanovas,PF,42,18:33,1113.1,,,117.1,4.4,,,,,,,,,,,,,,,,,,,,,,,,,,,112.7,47,64.2,-5.6,832,55.4,2.5,440,34.6,0.2,35,-0.8,27.7,0,23.7,-1,13.7,0
euroleague,25,2025,total,2222,AS Monaco,Monaco,23004,Elie Okobo,PG,42,25:34,1534,118.4,-0.6,119.5,6.8,-1.1,-7.4,1995,63,2362,2363,-1,47.6,-1.9,,,,,,,,,,,,,,,,,,,,,,,,,,,,,,,,,,,
euroleague,25,2025,offensive,2222,AS Monaco,Monaco,23004,Elie Okobo,PG,42,25:34,1534,118.4,-0.6,,,,,,63,,,,,,119,29.6,-0.3,1110,56,-1.7,644,36.7,-4.2,33.7,-1.8,28,-3.3,27.9,0.3,11.7,-2.7,,,,,,,,,,,,,,,,,,
euroleague,25,2025,defensive,2222,AS Monaco,Monaco,23004,Elie Okobo,PG,42,25:34,1534,,,119.5,6.8,,,,,,,,,,,,,,,,,,,,,,,,,,,112.8,63,65.4,-2.8,1030,55,-1.3,730,41.5,-0.1,38.5,3,28,3.2,25.6,2.3,14.4,-1.3
euroleague,25,2025,total,389,EA7 Emporio Armani Milan,EA7 Armani,36948,Quinn Ellis,SG/PG,36,25:21,1521.3,120.6,3.5,121.8,1.9,-1.2,1.7,1633,63,1969,1988,-19,49,-1,,,,,,,,,,,,,,,,,,,,,,,,,,,,,,,,,,,
euroleague,25,2025,offensive,389,EA7 Emporio Armani Milan,EA7 Armani,36948,Quinn Ellis,SG/PG,36,25:21,1521.3,120.6,3.5,,,,,,63,,,,,,117,29.5,-2.4,826,55.7,2.4,580,41.3,-3,39.8,2.6,29.1,-0.4,26.9,0.9,14,0,,,,,,,,,,,,,,,,,,
euroleague,25,2025,defensive,389,EA7 Emporio Armani Milan,EA7 Armani,36948,Quinn Ellis,SG/PG,36,25:21,1521.3,,,121.8,1.9,,,,,,,,,,,,,,,,,,,,,,,,,,,120,62,67.5,-0.9,927,55,-1.4,564,37.8,-2.4,38.7,3.2,25.7,-4.3,23.4,-3.3,12.2,-0.7
euroleague,25,2025,total,74,Crvena Zvezda Meridianbet Belgrade,C.Zvezda,20829,Semi Ojeleye,PF,39,22:55,1375.7,111.3,-10.6,112.7,-5.4,-1.4,-5.2,1650,56,1836,1862,-26,53.9,1,,,,,,,,,,,,,,,,,,,,,,,,,,,,,,,,,,,
euroleague,25,2025,offensive,74,Crvena Zvezda Meridianbet Belgrade,C.Zvezda,20829,Semi Ojeleye,PF,39,22:55,1375.7,111.3,-10.6,,,,,,56,,,,,,121.8,37.9,1.1,860,52.1,-8.2,589,40.6,3.1,33.8,-3.2,28.5,0.3,24.6,-5,15.8,0.1,,,,,,,,,,,,,,,,,,
euroleague,25,2025,defensive,74,Crvena Zvezda Meridianbet Belgrade,C.Zvezda,20829,Semi Ojeleye,PF,39,22:55,1375.7,,,112.7,-5.4,,,,,,,,,,,,,,,,,,,,,,,,,,,118.1,57,70.2,1.5,767,55.3,-2.7,648,45.8,2.8,34.1,-3.3,28.3,0.9,25.1,-2.8,14.5,-1.5
euroleague,25,2025,total,1220,FC Bayern Munich,Bayern,17140,Spencer Dinwiddie,PG/SG,11,23:03,1383.9,110.6,12.7,112.1,-6,-1.5,18.7,470,58,520,518,2,48.9,2.7,,,,,,,,,,,,,,,,,,,,,,,,,,,,,,,,,,,
euroleague,25,2025,offensive,1220,FC Bayern Munich,Bayern,17140,Spencer Dinwiddie,PG/SG,11,23:03,1383.9,110.6,12.7,,,,,,58,,,,,,97.9,29.1,2,210,51.9,2.5,188,47.2,2.2,36.2,3.3,26.4,0.3,24.2,-0.3,17.2,-1,,,,,,,,,,,,,,,,,,
euroleague,25,2025,defensive,1220,FC Bayern Munich,Bayern,17140,Spencer Dinwiddie,PG/SG,11,23:03,1383.9,,,112.1,-6,,,,,,,,,,,,,,,,,,,,,,,,,,,118.2,57,68.9,1.4,241,55.2,-5.6,151,38.5,-0.5,35.8,2.1,28.8,-2.3,26,4.3,16.4,1.3
euroleague,25,2025,total,2222,AS Monaco,Monaco,13408,Daniel Theis,C,38,20:29,1229.9,118.8,0.4,120.4,9.3,-1.7,-8.9,1440,51,1710,1709,1,48.3,-0.5,,,,,,,,,,,,,,,,,,,,,,,,,,,,,,,,,,,
euroleague,25,2025,offensive,2222,AS Monaco,Monaco,13408,Daniel Theis,C,38,20:29,1229.9,118.8,0.4,,,,,,51,,,,,,118.4,29.4,-2.1,796,57.2,1.7,447,36,-4.3,32.9,-1.5,31.1,3.1,28,2,12.7,0.2,,,,,,,,,,,,,,,,,,
euroleague,25,2025,defensive,2222,AS Monaco,Monaco,13408,Daniel Theis,C,38,20:29,1229.9,,,120.4,9.3,,,,,,,,,,,,,,,,,,,,,,,,,,,111.1,50,67.2,1.7,724,58.6,6.6,541,42.8,2.1,37.2,0.7,26.2,-2.3,25.1,2.5,14.1,-2.1
euroleague,25,2025,total,265,Zalgiris Kaunas,Zalgiris,20529,Dovydas Giedraitis,SG,20,12:26,746,115.3,-4.9,117.1,-1.2,-1.9,-3.7,425,30,490,526,-36,50.2,0.8,,,,,,,,,,,,,,,,,,,,,,,,,,,,,,,,,,,
euroleague,25,2025,offensive,265,Zalgiris Kaunas,Zalgiris,20529,Dovydas Giedraitis,SG,20,12:26,746,115.3,-4.9,,,,,,30,,,,,,120.2,33.2,-0.1,226,50.4,-6.8,137,37.7,-2.9,38.7,1.3,30.4,2.3,25.9,-1.1,14,0.4,,,,,,,,,,,,,,,,,,
euroleague,25,2025,defensive,265,Zalgiris Kaunas,Zalgiris,20529,Dovydas Giedraitis,SG,20,12:26,746,,,117.1,-1.2,,,,,,,,,,,,,,,,,,,,,,,,,,,118.3,31,66.1,0.5,263,53.6,0.6,157,37.4,3,35.7,-3.1,26.9,-1,23.9,-1.2,12.2,-1.4
euroleague,25,2025,total,2222,AS Monaco,Monaco,23301,Jaron Blossomgame,SF,43,23:45,1425.7,117.2,-3.2,119.1,5.5,-2,-8.7,1889,59,2213,2263,-50,47.8,-1.4,,,,,,,,,,,,,,,,,,,,,,,,,,,,,,,,,,,
euroleague,25,2025,offensive,2222,AS Monaco,Monaco,23301,Jaron Blossomgame,SF,43,23:45,1425.7,117.2,-3.2,,,,,,59,,,,,,120.4,28.7,-2.6,1003,58.6,4.4,617,38.1,-0.3,31.1,-7,29.6,1.2,28.3,1.2,12.9,0.3,,,,,,,,,,,,,,,,,,
euroleague,25,2025,defensive,2222,AS Monaco,Monaco,23301,Jaron Blossomgame,SF,43,23:45,1425.7,,,119.1,5.5,,,,,,,,,,,,,,,,,,,,,,,,,,,113.6,59,66.5,0,986,57.2,4.6,714,42,0.7,38,1.2,24.8,-5.1,25.3,1.5,14.5,-1
euroleague,25,2025,total,1220,FC Bayern Munich,Bayern,16936,Andreas Obst,SG,35,26:35,1595.2,114.5,5.6,116.6,4.2,-2.1,1.4,1701,67,1947,1995,-48,48.9,-0.1,,,,,,,,,,,,,,,,,,,,,,,,,,,,,,,,,,,
euroleague,25,2025,offensive,1220,FC Bayern Munich,Bayern,16936,Andreas Obst,SG,35,26:35,1595.2,114.5,5.6,,,,,,67,,,,,,108.9,30.7,1.1,831,54.3,-1.8,651,43.9,3.2,38.6,7.5,26.4,0.7,28.5,4.8,16,0.8,,,,,,,,,,,,,,,,,,
euroleague,25,2025,defensive,1220,FC Bayern Munich,Bayern,16936,Andreas Obst,SG,35,26:35,1595.2,,,116.6,4.2,,,,,,,,,,,,,,,,,,,,,,,,,,,112.4,67,67.5,-1.5,860,57.6,3.5,627,42.2,-2.3,35.2,-1.1,28.2,-4.5,26.1,-0.4,15,-1.6
euroleague,25,2025,total,583,Anadolu Efes Istanbul,Efes,24628,Nick Weiler-Babb,SG,37,28:47,1727.9,112.8,5.6,114.9,-6.7,-2.1,12.4,1866,70,2104,2129,-25,47.9,0.7,,,,,,,,,,,,,,,,,,,,,,,,,,,,,,,,,,,
euroleague,25,2025,offensive,583,Anadolu Efes Istanbul,Efes,24628,Nick Weiler-Babb,SG,37,28:47,1727.9,112.8,5.6,,,,,,70,,,,,,107.1,27.1,-4.3,941,53.8,-1.8,656,41.1,-3,37.7,6.8,27.4,-1,26.3,3,15,-1.7,,,,,,,,,,,,,,,,,,
euroleague,25,2025,defensive,583,Anadolu Efes Istanbul,Efes,24628,Nick Weiler-Babb,SG,37,28:47,1727.9,,,114.9,-6.7,,,,,,,,,,,,,,,,,,,,,,,,,,,121.6,70,69.4,6.6,914,56.3,3,664,42.1,1.2,34.9,-3.9,28.6,-0.9,27.5,-1.6,15.1,-0.1
euroleague,25,2025,total,3292,Paris Basketball,Paris,36943,Enzo Shahrvin,SF,11,08:37,517.4,107.9,-9.7,110.1,-12.9,-2.2,3.2,190,22,205,208,-3,44.8,-4.6,,,,,,,,,,,,,,,,,,,,,,,,,,,,,,,,,,,
euroleague,25,2025,offensive,3292,Paris Basketball,Paris,36943,Enzo Shahrvin,SF,11,08:37,517.4,107.9,-9.7,,,,,,22,,,,,,117.6,27.2,-10.7,78,48.7,-5.8,80,50.6,2.6,37.5,-0.8,25.8,1.2,24.6,2.6,16.7,0.5,,,,,,,,,,,,,,,,,,
euroleague,25,2025,defensive,3292,Paris Basketball,Paris,36943,Enzo Shahrvin,SF,11,08:37,517.4,,,110.1,-12.9,,,,,,,,,,,,,,,,,,,,,,,,,,,122.9,22,65,2.5,81,56.8,-3.1,68,45.6,1.5,32.4,-5.6,28,0.9,32,1.6,18,2.5
euroleague,25,2025,total,709,Kosner Baskonia Vitoria-Gasteiz,Baskonia,35185,Rafa Villar,PG,27,06:16,376.1,112.1,-3.2,114.2,-7.1,-2.2,3.9,298,15,334,353,-19,49.3,1.9,,,,,,,,,,,,,,,,,,,,,,,,,,,,,,,,,,,
euroleague,25,2025,offensive,709,Kosner Baskonia Vitoria-Gasteiz,Baskonia,35185,Rafa Villar,PG,27,06:16,376.1,112.1,-3.2,,,,,,15,,,,,,115.3,28.9,-0.1,157,60.5,0.9,103,39.6,-6.1,27.2,-6.9,29.5,1.9,25.7,-0.4,13.9,-2.1,,,,,,,,,,,,,,,,,,
euroleague,25,2025,defensive,709,Kosner Baskonia Vitoria-Gasteiz,Baskonia,35185,Rafa Villar,PG,27,06:16,376.1,,,114.2,-7.1,,,,,,,,,,,,,,,,,,,,,,,,,,,121.4,15,68.9,3.1,170,55.3,1.8,111,39.5,1.2,36,-3.9,27.5,-0.8,23.5,0,14.9,0.6
euroleague,25,2025,total,33,Panathinaikos AKTOR Athens,Panathinaikos,36152,TJ Shorts II,PG,43,16:06,966.1,114.4,-6.7,116.6,0.7,-2.2,-7.4,1284,41,1469,1463,6,47.7,-2.5,,,,,,,,,,,,,,,,,,,,,,,,,,,,,,,,,,,
euroleague,25,2025,offensive,33,Panathinaikos AKTOR Athens,Panathinaikos,36152,TJ Shorts II,PG,43,16:06,966.1,114.4,-6.7,,,,,,41,,,,,,121.1,30.3,-2.1,763,53.5,-4.7,390,33.8,-6,33.6,-2.1,26.1,-3.1,22.7,-4.7,12.3,-1.2,,,,,,,,,,,,,,,,,,
euroleague,25,2025,defensive,33,Panathinaikos AKTOR Athens,Panathinaikos,36152,TJ Shorts II,PG,43,16:06,966.1,,,116.6,0.7,,,,,,,,,,,,,,,,,,,,,,,,,,,115.9,40,66.7,-0.8,652,58.4,1.8,455,41.1,-4.8,34.7,0.2,25.1,-2.6,27.5,0.7,15.2,0.9
euroleague,25,2025,total,3292,Paris Basketball,Paris,36942,Nadir Hifi,SG,37,22:15,1335.9,115.7,0.9,117.9,4.1,-2.2,-3.3,1620,56,1875,1870,5,48.9,0,,,,,,,,,,,,,,,,,,,,,,,,,,,,,,,,,,,
euroleague,25,2025,offensive,3292,Paris Basketball,Paris,36942,Nadir Hifi,SG,37,22:15,1335.9,115.7,0.9,,,,,,56,,,,,,114.9,34.2,0.2,768,50.4,-4.4,669,46.6,-2.1,37.1,0.5,28.3,3.8,19.7,-6.3,13.9,-2.2,,,,,,,,,,,,,,,,,,
euroleague,25,2025,defensive,3292,Paris Basketball,Paris,36942,Nadir Hifi,SG,37,22:15,1335.9,,,117.9,4.1,,,,,,,,,,,,,,,,,,,,,,,,,,,113.8,55,64.8,0.2,760,54.5,-2.4,601,44.2,-3.8,36.4,1.7,27.9,-1.7,28.7,0.1,15.1,-2.5
euroleague,25,2025,total,583,Anadolu Efes Istanbul,Efes,23741,Isaia Cordinier,SG,30,24:12,1452.2,114.5,9.1,116.7,-0.8,-2.2,9.9,1289,60,1476,1518,-42,48.4,2.3,,,,,,,,,,,,,,,,,,,,,,,,,,,,,,,,,,,
euroleague,25,2025,offensive,583,Anadolu Efes Istanbul,Efes,23741,Isaia Cordinier,SG,30,24:12,1452.2,114.5,9.1,,,,,,60,,,,,,105.4,29.3,2.7,597,58.8,10.6,480,44.6,3.4,36.3,1.2,27.4,-1,25.1,1.7,16.4,2.3,,,,,,,,,,,,,,,,,,
euroleague,25,2025,defensive,583,Anadolu Efes Istanbul,Efes,23741,Isaia Cordinier,SG,30,24:12,1452.2,,,116.7,-0.8,,,,,,,,,,,,,,,,,,,,,,,,,,,117.5,60,65.7,-4.4,633,55.5,-3.1,491,43.7,2.7,33.8,-3,29.4,-0.8,28.4,1.6,14.7,-1.4
euroleague,25,2025,total,700,LDLC ASVEL Villeurbanne,ASVEL,6540,Nando de Colo,PG,13,20:43,1243.6,113,9.2,115.2,-3.5,-2.2,12.7,516,52,583,575,8,48.3,2.9,,,,,,,,,,,,,,,,,,,,,,,,,,,,,,,,,,,
euroleague,25,2025,offensive,700,LDLC ASVEL Villeurbanne,ASVEL,6540,Nando de Colo,PG,13,20:43,1243.6,113,9.2,,,,,,52,,,,,,103.8,33,4.1,244,58.6,12.4,190,43.8,2.8,33.2,0.4,27.1,-1,26.7,4.6,17.4,5.4,,,,,,,,,,,,,,,,,,
euroleague,25,2025,defensive,700,LDLC ASVEL Villeurbanne,ASVEL,6540,Nando de Colo,PG,13,20:43,1243.6,,,115.2,-3.5,,,,,,,,,,,,,,,,,,,,,,,,,,,118.7,51,63.5,-1.7,263,56.3,-0.7,169,39.1,-1.1,34.3,-2.4,28.9,-2.7,28.3,-0.3,15.9,-0.1
euroleague,25,2025,total,709,Kosner Baskonia Vitoria-Gasteiz,Baskonia,22968,Hamidou Diallo,SG,13,22:03,1323.5,114.1,0.1,116.4,-6.7,-2.3,6.8,546,56,623,626,-3,49.8,4.3,,,,,,,,,,,,,,,,,,,,,,,,,,,,,,,,,,,
euroleague,25,2025,offensive,709,Kosner Baskonia Vitoria-Gasteiz,Baskonia,22968,Hamidou Diallo,SG,13,22:03,1323.5,114.1,0.1,,,,,,56,,,,,,114,31.2,5.3,272,61.4,-0.3,186,40.6,-7.6,30.6,-5.4,29.3,6.7,27.3,-1.8,16.1,0.6,,,,,,,,,,,,,,,,,,
euroleague,25,2025,defensive,709,Kosner Baskonia Vitoria-Gasteiz,Baskonia,22968,Hamidou Diallo,SG,13,22:03,1323.5,,,116.4,-6.7,,,,,,,,,,,,,,,,,,,,,,,,,,,123.1,55,65.9,0.1,296,45.6,-12.1,197,40,-0.1,41.1,2.3,27.5,-2.8,24.6,1.5,13.2,-1.2
euroleague,25,2025,total,60,FC Barcelona,Barcelona,21547,Dario Brizuela,SG,38,15:34,934.1,113.8,-5.1,116.1,0.6,-2.3,-5.6,1063,39,1210,1204,6,51.1,2.4,,,,,,,,,,,,,,,,,,,,,,,,,,,,,,,,,,,
euroleague,25,2025,offensive,60,FC Barcelona,Barcelona,21547,Dario Brizuela,SG,38,15:34,934.1,113.8,-5.1,,,,,,39,,,,,,118.9,35.4,4.3,554,54.3,-1.1,401,42,3.1,34.2,-4.9,27.5,-1.2,24.3,-1.6,14.6,0.7,,,,,,,,,,,,,,,,,,
euroleague,25,2025,defensive,60,FC Barcelona,Barcelona,21547,Dario Brizuela,SG,38,15:34,934.1,,,116.1,0.6,,,,,,,,,,,,,,,,,,,,,,,,,,,115.5,38,69.7,3.3,523,57.9,0.6,330,38.7,0,36.7,2.9,30.2,3.6,24.3,-0.6,16.3,0.7
euroleague,25,2025,total,583,Anadolu Efes Istanbul,Efes,22863,Ercan Osmani,PF,36,24:26,1466.1,112.5,2.9,114.8,-6.1,-2.3,8.9,1551,60,1745,1765,-20,48.4,2.3,,,,,,,,,,,,,,,,,,,,,,,,,,,,,,,,,,,
euroleague,25,2025,offensive,583,Anadolu Efes Istanbul,Efes,22863,Ercan Osmani,PF,36,24:26,1466.1,112.5,2.9,,,,,,60,,,,,,109.6,29.5,2.8,754,56.4,3.9,552,42.3,0.1,37.3,4.2,27.8,0.1,27.1,4.6,16.7,2.9,,,,,,,,,,,,,,,,,,
euroleague,25,2025,defensive,583,Anadolu Efes Istanbul,Efes,22863,Ercan Osmani,PF,36,24:26,1466.1,,,114.8,-6.1,,,,,,,,,,,,,,,,,,,,,,,,,,,120.9,59,67.1,0.3,750,55.1,-0.6,556,42.6,1.4,36.5,-0.1,28.8,-0.7,26.1,-4,16.2,2.1
euroleague,25,2025,total,709,Kosner Baskonia Vitoria-Gasteiz,Baskonia,35449,Mamadi Diakite,PF/C,37,19:16,1156.6,118.1,4.9,120.4,-2,-2.4,6.9,1340,47,1582,1627,-45,48,-0.4,,,,,,,,,,,,,,,,,,,,,,,,,,,,,,,,,,,
euroleague,25,2025,offensive,709,Kosner Baskonia Vitoria-Gasteiz,Baskonia,35449,Mamadi Diakite,PF/C,37,19:16,1156.6,118.1,4.9,,,,,,47,,,,,,113.1,29.3,-0.1,666,56.9,-2,476,41.7,-2.8,35.7,2.9,29.5,2.5,26.9,2.2,14.8,-0.6,,,,,,,,,,,,,,,,,,
euroleague,25,2025,defensive,709,Kosner Baskonia Vitoria-Gasteiz,Baskonia,35449,Mamadi Diakite,PF/C,37,19:16,1156.6,,,120.4,-2,,,,,,,,,,,,,,,,,,,,,,,,,,,122.4,48,66.6,-1.1,719,54.2,0.4,457,38.9,2.2,40.7,-0.8,27.2,-2.6,23.3,-1.2,14.8,1.1
euroleague,25,2025,total,3359,Dubai Basketball,Dubai,12276,Awudu Abass,SF,31,16:22,982.7,117.4,-3.4,119.7,1.9,-2.4,-5.3,910,40,1068,1134,-66,50.5,0.7,,,,,,,,,,,,,,,,,,,,,,,,,,,,,,,,,,,
euroleague,25,2025,offensive,3359,Dubai Basketball,Dubai,12276,Awudu Abass,SF,31,16:22,982.7,117.4,-3.4,,,,,,40,,,,,,120.8,31.7,1.1,498,53,-4.5,304,37.9,1.3,34.9,0.5,27.4,-2.9,24.3,-2.4,12.5,-0.5,,,,,,,,,,,,,,,,,,
euroleague,25,2025,defensive,3359,Dubai Basketball,Dubai,12276,Awudu Abass,SF,31,16:22,982.7,,,119.7,1.9,,,,,,,,,,,,,,,,,,,,,,,,,,,117.9,42,68.7,1.2,515,54.8,2.9,330,39.1,-0.6,38.5,1.1,27.5,-3.3,25.6,1.7,12.5,-0.3
euroleague,25,2025,total,77,Partizan Mozzart Bet Belgrade,Partizan,37474,Arijan Lakic,SG,25,13:10,790.3,112.6,2.2,115,-1,-2.4,3.2,580,31,653,697,-44,47.3,-2.9,,,,,,,,,,,,,,,,,,,,,,,,,,,,,,,,,,,
euroleague,25,2025,offensive,77,Partizan Mozzart Bet Belgrade,Partizan,37474,Arijan Lakic,SG,25,13:10,790.3,112.6,2.2,,,,,,31,,,,,,110.4,27.3,-3.7,295,55.3,3.4,212,41.8,3.6,34,-2,27.2,1.8,25.2,-0.1,13.1,-2.8,,,,,,,,,,,,,,,,,,
euroleague,25,2025,defensive,77,Partizan Mozzart Bet Belgrade,Partizan,37474,Arijan Lakic,SG,25,13:10,790.3,,,115,-1,,,,,,,,,,,,,,,,,,,,,,,,,,,116,33,67.5,-3.3,321,55.8,-0.9,194,37.7,-5.7,37.6,0.5,30,3.5,26.3,-1.4,16,1.2
euroleague,25,2025,total,3292,Paris Basketball,Paris,35591,Joel Ayayi,SG,13,10:31,631.7,107.6,-10.9,110.1,-3.5,-2.4,-7.4,262,26,282,295,-13,50.4,0.4,,,,,,,,,,,,,,,,,,,,,,,,,,,,,,,,,,,
euroleague,25,2025,offensive,3292,Paris Basketball,Paris,35591,Joel Ayayi,SG,13,10:31,631.7,107.6,-10.9,,,,,,26,,,,,,118.5,41.2,6.2,128,48.4,-11.8,110,46.2,-7.9,31.8,-2.6,25.2,-2.5,21.5,-2,16.4,0.6,,,,,,,,,,,,,,,,,,
euroleague,25,2025,defensive,3292,Paris Basketball,Paris,35591,Joel Ayayi,SG,13,10:31,631.7,,,110.1,-3.5,,,,,,,,,,,,,,,,,,,,,,,,,,,113.6,26,61.1,-4.4,127,52.8,-1,91,41.7,-5.3,31.9,-3.8,30.6,1.3,31.5,3.5,18,1.3
euroleague,25,2025,total,636,Maccabi Playtika Tel Aviv,Maccabi,38471,Jimmy Clark,PG,37,19:44,1184.8,120.3,3.8,122.8,2,-2.5,1.8,1390,49,1672,1685,-13,49,-0.8,,,,,,,,,,,,,,,,,,,,,,,,,,,,,,,,,,,
euroleague,25,2025,offensive,636,Maccabi Playtika Tel Aviv,Maccabi,38471,Jimmy Clark,PG,37,19:44,1184.8,120.3,3.8,,,,,,49,,,,,,116.5,34.5,-0.2,715,53.7,0,536,42.8,0.9,36.8,2.7,27.2,-3.3,25.4,-0.6,13.1,-1,,,,,,,,,,,,,,,,,,
euroleague,25,2025,defensive,636,Maccabi Playtika Tel Aviv,Maccabi,38471,Jimmy Clark,PG,37,19:44,1184.8,,,122.8,2,,,,,,,,,,,,,,,,,,,,,,,,,,,120.8,49,65.3,0.4,658,59.6,0.1,512,43.8,-1.9,38.1,5.1,28.4,0.3,30.2,3.4,15.7,2.8
euroleague,25,2025,total,74,Crvena Zvezda Meridianbet Belgrade,C.Zvezda,21890,Dejan Davidovac,SF,21,14:14,854.3,114.3,-0.2,116.8,6.7,-2.5,-6.9,553,35,632,653,-21,51.9,-1.6,,,,,,,,,,,,,,,,,,,,,,,,,,,,,,,,,,,
euroleague,25,2025,offensive,74,Crvena Zvezda Meridianbet Belgrade,C.Zvezda,21890,Dejan Davidovac,SF,21,14:14,854.3,114.3,-0.2,,,,,,35,,,,,,114.5,37.1,1.1,298,53,-5.2,180,37.7,-1.6,36.7,2.6,30.7,2.2,23.7,-3.4,15.6,-1.5,,,,,,,,,,,,,,,,,,
euroleague,25,2025,defensive,74,Crvena Zvezda Meridianbet Belgrade,C.Zvezda,21890,Dejan Davidovac,SF,21,14:14,854.3,,,116.8,6.7,,,,,,,,,,,,,,,,,,,,,,,,,,,110.1,36,67.4,-1.9,259,55.6,-1.4,219,45.8,1.9,37.4,6,28.3,0.5,25.6,0.2,15.7,0.3
euroleague,25,2025,total,90,Virtus Segafredo Bologna,Virtus,36996,Matthew Morgan,PG,34,19:56,1196.1,114.2,2.3,116.8,-2.4,-2.6,4.7,1250,50,1428,1424,4,48,-3.1,,,,,,,,,,,,,,,,,,,,,,,,,,,,,,,,,,,
euroleague,25,2025,offensive,90,Virtus Segafredo Bologna,Virtus,36996,Matthew Morgan,PG,34,19:56,1196.1,114.2,2.3,,,,,,50,,,,,,112,30.4,-2.9,596,58.1,3.8,426,41.7,-0.6,33.6,-3,29.8,4.4,29.9,3.7,16.6,0.1,,,,,,,,,,,,,,,,,,
euroleague,25,2025,defensive,90,Virtus Segafredo Bologna,Virtus,36996,Matthew Morgan,PG,34,19:56,1196.1,,,116.8,-2.4,,,,,,,,,,,,,,,,,,,,,,,,,,,119.3,49,63.9,-6.1,589,56.2,-0.5,500,45.9,1.1,33.8,-5.9,29.2,2.3,26.9,-1.8,14.4,0
euroleague,25,2025,total,3359,Dubai Basketball,Dubai,18643,Dzanan Musa,SG/SF,18,26:41,1601.2,120.4,-2.7,123.1,14.1,-2.7,-16.8,897,66,1080,1097,-17,47.5,-6.8,,,,,,,,,,,,,,,,,,,,,,,,,,,,,,,,,,,
euroleague,25,2025,offensive,3359,Dubai Basketball,Dubai,18643,Dzanan Musa,SG/SF,18,26:41,1601.2,120.4,-2.7,,,,,,66,,,,,,123.1,29.1,-2.3,493,55,-1.9,269,35.3,-1.9,38.3,-0.8,27.6,1.9,26.7,-1.3,13,0.1,,,,,,,,,,,,,,,,,,
euroleague,25,2025,defensive,3359,Dubai Basketball,Dubai,18643,Dzanan Musa,SG/SF,18,26:41,1601.2,,,123.1,14.1,,,,,,,,,,,,,,,,,,,,,,,,,,,109,66,64.3,-8.9,511,52.4,1.3,304,37.3,-0.5,40.8,9.3,28.6,-1.9,27.3,3.7,12.2,1.1
euroleague,25,2025,total,389,EA7 Emporio Armani Milan,EA7 Armani,18642,Marko Guduric,SG,35,22:00,1320.7,115.1,-11.6,117.8,-7.2,-2.7,-4.5,1390,55,1600,1639,-39,50.4,1.4,,,,,,,,,,,,,,,,,,,,,,,,,,,,,,,,,,,
euroleague,25,2025,offensive,389,EA7 Emporio Armani Milan,EA7 Armani,18642,Marko Guduric,SG,35,22:00,1320.7,115.1,-11.6,,,,,,55,,,,,,126.7,30.1,-0.7,641,52.9,-5.1,519,44.7,5.3,37.4,-3.9,30.9,3.4,25.1,-3.3,15.3,3.4,,,,,,,,,,,,,,,,,,
euroleague,25,2025,defensive,389,EA7 Emporio Armani Milan,EA7 Armani,18642,Marko Guduric,SG,35,22:00,1320.7,,,117.8,-7.2,,,,,,,,,,,,,,,,,,,,,,,,,,,125,55,70.4,4.4,749,55.9,0.8,491,39.6,2.7,35.2,-6.4,27.7,0.4,23.7,-2.6,12.7,0
euroleague,25,2025,total,677,Valencia Basket,Valencia,36509,Sergio De Larrea,SG,31,11:09,669,117.4,-3.1,120.3,5.4,-2.9,-8.4,648,28,761,776,-15,49.1,-3.3,,,,,,,,,,,,,,,,,,,,,,,,,,,,,,,,,,,
euroleague,25,2025,offensive,677,Valencia Basket,Valencia,36509,Sergio De Larrea,SG,31,11:09,669,117.4,-3.1,,,,,,28,,,,,,120.5,30.8,-5.2,303,55.8,-3.8,249,45.1,-1.1,40.6,5.7,26.1,-0.6,31.5,4.5,16.2,3,,,,,,,,,,,,,,,,,,
euroleague,25,2025,defensive,677,Valencia Basket,Valencia,36509,Sergio De Larrea,SG,31,11:09,669,,,120.3,5.4,,,,,,,,,,,,,,,,,,,,,,,,,,,114.9,27,66.7,-2.6,339,55.5,-0.2,231,40.5,-1.4,35.9,0.8,29.1,2.7,23.8,-3.5,14.1,-0.7
euroleague,25,2025,total,583,Anadolu Efes Istanbul,Efes,20851,Vincent Poirier,C,14,18:30,1110.5,113.4,3.9,116.4,2.2,-3,1.7,448,44,508,519,-11,50.1,5.5,,,,,,,,,,,,,,,,,,,,,,,,,,,,,,,,,,,
euroleague,25,2025,offensive,583,Anadolu Efes Istanbul,Efes,20851,Vincent Poirier,C,14,18:30,1110.5,113.4,3.9,,,,,,44,,,,,,109.5,28.8,5.4,231,51.1,-5.6,161,41.1,0.9,36.6,3.3,25.7,-0.4,28.4,3.8,14.1,-1.4,,,,,,,,,,,,,,,,,,
euroleague,25,2025,defensive,583,Anadolu Efes Istanbul,Efes,20851,Vincent Poirier,C,14,18:30,1110.5,,,116.4,2.2,,,,,,,,,,,,,,,,,,,,,,,,,,,114.2,44,71.1,5,243,53.1,-2.4,164,40.3,1.3,37.2,1,26.7,-0.9,28.8,-1.4,12.3,-4
euroleague,25,2025,total,77,Partizan Mozzart Bet Belgrade,Partizan,21639,Sterling Brown,SG,37,28:09,1689.6,113.5,6.6,116.6,0.3,-3.1,6.3,1897,70,2153,2200,-47,49,0,,,,,,,,,,,,,,,,,,,,,,,,,,,,,,,,,,,
euroleague,25,2025,offensive,77,Partizan Mozzart Bet Belgrade,Partizan,21639,Sterling Brown,SG,37,28:09,1689.6,113.5,6.6,,,,,,70,,,,,,106.9,29.6,-1,1005,54.5,0.7,639,38.9,2.1,36.5,6.4,26,-0.4,24.4,-0.9,15.5,1.7,,,,,,,,,,,,,,,,,,
euroleague,25,2025,defensive,77,Partizan Mozzart Bet Belgrade,Partizan,21639,Sterling Brown,SG,37,28:09,1689.6,,,116.6,0.3,,,,,,,,,,,,,,,,,,,,,,,,,,,116.3,69,68.5,-3.1,947,56.6,-1.9,675,41.6,-1.5,36.3,-3.8,27.1,-3.5,27.6,1.6,14.7,-2.8
euroleague,25,2025,total,389,EA7 Emporio Armani Milan,EA7 Armani,19724,Shavon Shields,SF,35,26:53,1613.8,119.2,0.4,122.3,3.8,-3.1,-3.4,1698,67,2024,2090,-66,48.5,-2.8,,,,,,,,,,,,,,,,,,,,,,,,,,,,,,,,,,,
euroleague,25,2025,offensive,389,EA7 Emporio Armani Milan,EA7 Armani,19724,Shavon Shields,SF,35,26:53,1613.8,119.2,0.4,,,,,,67,,,,,,118.8,28.5,-4.7,859,55.2,1.1,590,40.7,-5.2,39.3,2,28.6,-2.4,26.2,0,14,0.2,,,,,,,,,,,,,,,,,,
euroleague,25,2025,defensive,389,EA7 Emporio Armani Milan,EA7 Armani,19724,Shavon Shields,SF,35,26:53,1613.8,,,122.3,3.8,,,,,,,,,,,,,,,,,,,,,,,,,,,118.5,67,67.4,-1.9,979,56.2,0.3,582,37.3,-4.2,38.3,3.3,25.5,-5.6,24.8,0.1,12.4,-0.4
euroleague,25,2025,total,3292,Paris Basketball,Paris,36505,Jared Rhoden,SG,26,21:20,1280,115.5,-1.1,118.6,1.3,-3.1,-2.3,1080,53,1247,1275,-28,48.6,1.3,,,,,,,,,,,,,,,,,,,,,,,,,,,,,,,,,,,
euroleague,25,2025,offensive,3292,Paris Basketball,Paris,36505,Jared Rhoden,SG,26,21:20,1280,115.5,-1.1,,,,,,53,,,,,,116.5,33.9,4.8,524,52.5,-1.8,451,46.3,-1.6,37.7,-1.5,24.3,-3.7,23.2,0.8,14.9,0.2,,,,,,,,,,,,,,,,,,
euroleague,25,2025,defensive,3292,Paris Basketball,Paris,36505,Jared Rhoden,SG,26,21:20,1280,,,118.6,1.3,,,,,,,,,,,,,,,,,,,,,,,,,,,117.3,53,64.7,-0.3,515,56.9,0.5,404,44,-1.8,36.1,0.6,28.1,-0.1,30.1,1.3,15.7,0
euroleague,25,2025,total,33,Panathinaikos AKTOR Athens,Panathinaikos,8305,Kenneth Faried,C,35,13:08,788.7,120.6,1.3,123.8,11.3,-3.2,-10,810,32,977,1009,-32,50.7,2.2,,,,,,,,,,,,,,,,,,,,,,,,,,,,,,,,,,,
euroleague,25,2025,offensive,33,Panathinaikos AKTOR Athens,Panathinaikos,8305,Kenneth Faried,C,35,13:08,788.7,120.6,1.3,,,,,,32,,,,,,119.3,35.5,6.7,484,55,-2.6,265,35.4,-3.5,37,1.1,26,-1.6,26.6,1.2,12.9,-0.2,,,,,,,,,,,,,,,,,,
euroleague,25,2025,defensive,33,Panathinaikos AKTOR Athens,Panathinaikos,8305,Kenneth Faried,C,35,13:08,788.7,,,123.8,11.3,,,,,,,,,,,,,,,,,,,,,,,,,,,112.5,32,66.1,-1.3,406,56.2,-1.7,326,44.5,-0.2,39.9,8.1,24.9,-2.5,26.7,-0.4,13.7,-1.7
euroleague,25,2025,total,368,Real Madrid,Real,4913,Sergio Llull,PG/SG,40,10:39,639.4,114,-8.3,117.2,4.6,-3.2,-12.9,788,27,898,894,4,50.7,-3.9,,,,,,,,,,,,,,,,,,,,,,,,,,,,,,,,,,,
euroleague,25,2025,offensive,368,Real Madrid,Real,4913,Sergio Llull,PG/SG,40,10:39,639.4,114,-8.3,,,,,,27,,,,,,122.3,31.8,-3.8,360,57.8,2.5,301,45.5,4.8,32.6,-6,30.6,3,27,1,15.2,1.1,,,,,,,,,,,,,,,,,,
euroleague,25,2025,defensive,368,Real Madrid,Real,4913,Sergio Llull,PG/SG,40,10:39,639.4,,,117.2,4.6,,,,,,,,,,,,,,,,,,,,,,,,,,,112.6,26,67.9,-5.2,443,54.4,3.3,287,39.3,-2.9,33.8,-4.2,25.6,-1.9,23.1,0.4,10.5,-3.2
euroleague,25,2025,total,583,Anadolu Efes Istanbul,Efes,14015,Shane Larkin,PG,12,30:16,1816.3,115.8,8.7,119,8.5,-3.2,0.2,641,74,742,752,-10,47.8,-4,,,,,,,,,,,,,,,,,,,,,,,,,,,,,,,,,,,
euroleague,25,2025,offensive,583,Anadolu Efes Istanbul,Efes,14015,Shane Larkin,PG,12,30:16,1816.3,115.8,8.7,,,,,,74,,,,,,107,29.9,-4.6,311,54.7,5.1,250,44.6,4.6,36.4,4.3,29.2,0.5,24.5,0.9,14,-1.1,,,,,,,,,,,,,,,,,,
euroleague,25,2025,defensive,583,Anadolu Efes Istanbul,Efes,14015,Shane Larkin,PG,12,30:16,1816.3,,,119,8.5,,,,,,,,,,,,,,,,,,,,,,,,,,,110.5,73,67,-1.1,297,57.2,1.2,231,43.8,-1.8,38.5,9.7,27.8,0.7,26.8,0.4,16.4,1.6
euroleague,25,2025,total,700,LDLC ASVEL Villeurbanne,ASVEL,24363,Braian Angola,SG,15,24:22,1462.3,111.3,3.3,114.8,-7.4,-3.5,10.7,679,62,756,774,-18,46.7,-4.6,,,,,,,,,,,,,,,,,,,,,,,,,,,,,,,,,,,
euroleague,25,2025,offensive,700,LDLC ASVEL Villeurbanne,ASVEL,24363,Braian Angola,SG,15,24:22,1462.3,111.3,3.3,,,,,,62,,,,,,108,27.9,-3.8,321,51.4,-1,266,45.3,-1,35.3,1.2,27.8,2.8,25.6,-1.9,13.3,-1.7,,,,,,,,,,,,,,,,,,
euroleague,25,2025,defensive,700,LDLC ASVEL Villeurbanne,ASVEL,24363,Braian Angola,SG,15,24:22,1462.3,,,114.8,-7.4,,,,,,,,,,,,,,,,,,,,,,,,,,,122.2,61,69.6,-3.6,333,58.6,-2.7,214,39.1,1.7,37.9,3.2,28.8,-3.4,29.6,2.5,18.1,6.1
euroleague,25,2025,total,3292,Paris Basketball,Paris,37789,Mouhamed Faye,C,38,17:10,1030.4,115.6,0.5,119.4,5.2,-3.8,-4.8,1253,42,1448,1490,-42,49.4,0.8,,,,,,,,,,,,,,,,,,,,,,,,,,,,,,,,,,,
euroleague,25,2025,offensive,3292,Paris Basketball,Paris,37789,Mouhamed Faye,C,38,17:10,1030.4,115.6,0.5,,,,,,42,,,,,,115.1,35.4,2,632,49.8,-4.6,496,44,-6.6,38.3,2.2,27.1,1,19,-6.2,14.5,-1,,,,,,,,,,,,,,,,,,
euroleague,25,2025,defensive,3292,Paris Basketball,Paris,37789,Mouhamed Faye,C,38,17:10,1030.4,,,119.4,5.2,,,,,,,,,,,,,,,,,,,,,,,,,,,114.2,42,63.8,-1.2,605,53.6,-2.9,495,45,-1.5,37,1.9,29.2,0.7,27.5,-2.1,14,-3.7
euroleague,25,2025,total,677,Valencia Basket,Valencia,38775,Isaac Nogues,SF,13,03:15,195.2,97.4,-26,101.3,-17.4,-3.8,-8.7,78,8,76,79,-3,52.6,-1.1,,,,,,,,,,,,,,,,,,,,,,,,,,,,,,,,,,,
euroleague,25,2025,offensive,677,Valencia Basket,Valencia,38775,Isaac Nogues,SF,13,03:15,195.2,97.4,-26,,,,,,8,,,,,,123.5,36.4,-3.4,47,51.1,-6.2,26,35.6,-9.9,19.2,-20.2,24.4,-2.8,26.6,0.7,16,1.5,,,,,,,,,,,,,,,,,,
euroleague,25,2025,defensive,677,Valencia Basket,Valencia,38775,Isaac Nogues,SF,13,03:15,195.2,,,101.3,-17.4,,,,,,,,,,,,,,,,,,,,,,,,,,,118.7,8,75,7.5,39,51.3,-6.1,22,36.1,-6.3,40.9,5.2,34.6,7.1,27.9,1.4,20.9,7
euroleague,25,2025,total,60,FC Barcelona,Barcelona,16024,Nicolas Laprovittola,PG,20,16:47,1007.1,121.7,6.5,125.6,10,-3.9,-3.5,605,42,736,736,0,47.7,-1.7,,,,,,,,,,,,,,,,,,,,,,,,,,,,,,,,,,,
euroleague,25,2025,offensive,60,FC Barcelona,Barcelona,16024,Nicolas Laprovittola,PG,20,16:47,1007.1,121.7,6.5,,,,,,42,,,,,,115.2,32.7,1.3,292,58.6,3.9,230,44.1,5.9,40.9,5.6,30.1,3.8,28.4,3.7,15.8,1.9,,,,,,,,,,,,,,,,,,
euroleague,25,2025,defensive,60,FC Barcelona,Barcelona,16024,Nicolas Laprovittola,PG,20,16:47,1007.1,,,125.6,10,,,,,,,,,,,,,,,,,,,,,,,,,,,115.6,40,63.1,-6.2,302,57,-0.8,186,38.1,1.6,40.3,3.4,32.4,6.9,25.7,0.5,15.3,-0.9
euroleague,25,2025,total,583,Anadolu Efes Istanbul,Efes,22997,Jordan Loyd,SG,34,23:30,1410.2,111,-2.6,115,-6.1,-4,3.5,1434,58,1592,1640,-48,49.1,3.8,,,,,,,,,,,,,,,,,,,,,,,,,,,,,,,,,,,
euroleague,25,2025,offensive,583,Anadolu Efes Istanbul,Efes,22997,Jordan Loyd,SG,34,23:30,1410.2,111,-2.6,,,,,,58,,,,,,113.7,30.8,6.7,697,53.1,-5.1,524,42.9,1.1,34.7,-2.7,29.1,3.7,25.3,-1.2,15.5,0.1,,,,,,,,,,,,,,,,,,
euroleague,25,2025,defensive,583,Anadolu Efes Istanbul,Efes,22997,Jordan Loyd,SG,34,23:30,1410.2,,,115,-6.1,,,,,,,,,,,,,,,,,,,,,,,,,,,121.1,58,68.1,2.6,717,53.6,-3.6,498,41,-1.2,36.9,0.7,29.3,1.6,26.8,-3.4,15.6,1
euroleague,25,2025,total,1220,FC Bayern Munich,Bayern,34625,Kamar Baldwin,PG,9,16:19,979.1,113.9,5.4,117.9,5.3,-4,0.1,259,40,295,309,-14,46.6,-4.9,,,,,,,,,,,,,,,,,,,,,,,,,,,,,,,,,,,
euroleague,25,2025,offensive,1220,FC Bayern Munich,Bayern,34625,Kamar Baldwin,PG,9,16:19,979.1,113.9,5.4,,,,,,40,,,,,,108.5,32,1.4,130,56.9,3.2,104,44.4,-2.5,32.7,-1.9,30.1,2,26.1,0.7,13,-3.6,,,,,,,,,,,,,,,,,,
euroleague,25,2025,defensive,1220,FC Bayern Munich,Bayern,34625,Kamar Baldwin,PG,9,16:19,979.1,,,117.9,5.3,,,,,,,,,,,,,,,,,,,,,,,,,,,112.6,40,61.8,-13.1,119,52.1,-4.8,101,45.9,7.2,39.6,4.6,34,3.3,27.7,4.4,18.1,3
euroleague,25,2025,total,1220,FC Bayern Munich,Bayern,15936,Stefan Jovic,PG,19,18:28,1108.6,112.4,0.6,116.5,0,-4.1,0.6,635,46,714,755,-41,50.9,2.6,,,,,,,,,,,,,,,,,,,,,,,,,,,,,,,,,,,
euroleague,25,2025,offensive,1220,FC Bayern Munich,Bayern,15936,Stefan Jovic,PG,19,18:28,1108.6,112.4,0.6,,,,,,46,,,,,,111.9,32.5,1.8,320,55.9,1.2,228,41.6,-5.6,36.4,2.4,29.6,5.2,29.9,6.2,16.6,1.1,,,,,,,,,,,,,,,,,,
euroleague,25,2025,defensive,1220,FC Bayern Munich,Bayern,15936,Stefan Jovic,PG,19,18:28,1108.6,,,116.5,0,,,,,,,,,,,,,,,,,,,,,,,,,,,116.5,47,70.5,2.7,311,60.5,3.9,216,41,-1,36.6,-0.3,29.8,-1.6,24.5,-3,16.6,0.3
euroleague,25,2025,total,90,Virtus Segafredo Bologna,Virtus,37796,Derrick Alston Jr.,PF,37,22:25,1345.8,114,4.3,118.2,-0.6,-4.2,4.9,1546,57,1762,1804,-42,48.8,-0.4,,,,,,,,,,,,,,,,,,,,,,,,,,,,,,,,,,,
euroleague,25,2025,offensive,90,Virtus Segafredo Bologna,Virtus,37796,Derrick Alston Jr.,PF,37,22:25,1345.8,114,4.3,,,,,,57,,,,,,109.7,29,-4.7,777,54.7,-2.8,521,40.1,-2.6,38.4,7.3,27.6,-0.1,28.4,1.4,16.3,-1,,,,,,,,,,,,,,,,,,
euroleague,25,2025,defensive,90,Virtus Segafredo Bologna,Virtus,37796,Derrick Alston Jr.,PF,37,22:25,1345.8,,,118.2,-0.6,,,,,,,,,,,,,,,,,,,,,,,,,,,118.8,56,68.3,4.1,730,58.4,2.3,592,44.8,-0.8,37.2,1.9,28.1,-0.1,28.2,0.5,14.6,0.2
euroleague,25,2025,total,709,Kosner Baskonia Vitoria-Gasteiz,Baskonia,8704,Gytis Radzevičius,SF,25,17:43,1063.1,115.6,-1.6,119.9,-5.4,-4.3,3.8,812,42,939,993,-54,50.1,3.6,,,,,,,,,,,,,,,,,,,,,,,,,,,,,,,,,,,
euroleague,25,2025,offensive,709,Kosner Baskonia Vitoria-Gasteiz,Baskonia,8704,Gytis Radzevičius,SF,25,17:43,1063.1,115.6,-1.6,,,,,,42,,,,,,117.2,34.8,8.7,414,56,-0.4,310,42.8,-1,32.3,-4.5,26.4,-4.3,24,-1.2,14.5,-0.4,,,,,,,,,,,,,,,,,,
euroleague,25,2025,defensive,709,Kosner Baskonia Vitoria-Gasteiz,Baskonia,8704,Gytis Radzevičius,SF,25,17:43,1063.1,,,119.9,-5.4,,,,,,,,,,,,,,,,,,,,,,,,,,,125.4,43,66.8,-0.5,460,53.5,-3.8,244,34.7,-3.1,41,-0.1,29.2,1.3,23,-1.4,14.9,0.8
euroleague,25,2025,total,389,EA7 Emporio Armani Milan,EA7 Armani,19549,Devin Booker,C,36,19:59,1199.8,117.6,-3.9,121.9,5.1,-4.3,-9,1281,49,1506,1578,-72,49.1,-1.2,,,,,,,,,,,,,,,,,,,,,,,,,,,,,,,,,,,
euroleague,25,2025,offensive,389,EA7 Emporio Armani Milan,EA7 Armani,19549,Devin Booker,C,36,19:59,1199.8,117.6,-3.9,,,,,,49,,,,,,121.5,29.9,-0.5,646,53.1,-3.6,463,41.7,-1.3,40.8,1.8,29,-0.1,25.9,-1.2,14.9,1.2,,,,,,,,,,,,,,,,,,
euroleague,25,2025,defensive,389,EA7 Emporio Armani Milan,EA7 Armani,19549,Devin Booker,C,36,19:59,1199.8,,,121.9,5.1,,,,,,,,,,,,,,,,,,,,,,,,,,,116.8,50,67.3,-1.6,704,55.3,1,477,40.4,2.4,38.4,2.6,28.5,1.8,25.5,1.7,12.5,-0.7
euroleague,25,2025,total,90,Virtus Segafredo Bologna,Virtus,36112,Mouhamet Diouf,C,33,18:32,1112.1,112,0,116.5,-1.5,-4.5,1.5,1114,46,1248,1293,-45,50.1,0.7,,,,,,,,,,,,,,,,,,,,,,,,,,,,,,,,,,,
euroleague,25,2025,offensive,90,Virtus Segafredo Bologna,Virtus,36112,Mouhamet Diouf,C,33,18:32,1112.1,112,0,,,,,,46,,,,,,112,31.4,-0.6,596,53.7,-3,348,36.9,-8.4,35.9,1.3,28.8,2.2,28,0.7,16.3,-0.5,,,,,,,,,,,,,,,,,,
euroleague,25,2025,defensive,90,Virtus Segafredo Bologna,Virtus,36112,Mouhamet Diouf,C,33,18:32,1112.1,,,116.5,-1.5,,,,,,,,,,,,,,,,,,,,,,,,,,,118,46,67.6,0.8,515,54.2,-3,473,47.9,3.4,37.2,1.4,27.1,-1.3,28.4,1.8,14.6,0.5
euroleague,25,2025,total,77,Partizan Mozzart Bet Belgrade,Partizan,19722,Isaac Bonga,SF,38,27:47,1667,112.2,4.1,116.7,-1.2,-4.6,5.3,1915,68,2148,2248,-100,49.6,2.7,,,,,,,,,,,,,,,,,,,,,,,,,,,,,,,,,,,
euroleague,25,2025,offensive,77,Partizan Mozzart Bet Belgrade,Partizan,19722,Isaac Bonga,SF,38,27:47,1667,112.2,4.1,,,,,,68,,,,,,108,30.5,3.2,1042,55.1,3.2,626,37.5,-2.7,33.9,-0.7,26.4,1.2,24.8,1,15.2,0.9,,,,,,,,,,,,,,,,,,
euroleague,25,2025,defensive,77,Partizan Mozzart Bet Belgrade,Partizan,19722,Isaac Bonga,SF,38,27:47,1667,,,116.7,-1.2,,,,,,,,,,,,,,,,,,,,,,,,,,,117.9,69,69.5,0.4,918,57.7,1.2,706,43.5,3.7,36.8,-2.9,26.6,-5,26.4,-3.1,15.2,-0.6
euroleague,25,2025,total,77,Partizan Mozzart Bet Belgrade,Partizan,35908,Tyrique Jones,C/PF,17,23:36,1416.4,115.1,10,119.7,-1,-4.6,11,727,59,837,869,-32,50.4,6.9,,,,,,,,,,,,,,,,,,,,,,,,,,,,,,,,,,,
euroleague,25,2025,offensive,77,Partizan Mozzart Bet Belgrade,Partizan,35908,Tyrique Jones,C/PF,17,23:36,1416.4,115.1,10,,,,,,59,,,,,,105.1,30,3.7,404,56.4,7.3,237,37,-0.7,35.4,2.5,27.2,0.4,25.1,4.9,14.3,0.8,,,,,,,,,,,,,,,,,,
euroleague,25,2025,defensive,77,Partizan Mozzart Bet Belgrade,Partizan,35908,Tyrique Jones,C/PF,17,23:36,1416.4,,,119.7,-1,,,,,,,,,,,,,,,,,,,,,,,,,,,120.7,58,72.2,8.1,317,57.7,-2.6,285,47.3,-0.7,38.9,-2.5,29.3,3.2,28,-0.9,15.1,-2
euroleague,25,2025,total,1220,FC Bayern Munich,Bayern,36259,Isiaha Mike,SF,37,22:24,1344.6,111.9,2.2,116.5,2.1,-4.6,0,1497,56,1675,1753,-78,46.9,-3.7,,,,,,,,,,,,,,,,,,,,,,,,,,,,,,,,,,,
euroleague,25,2025,offensive,1220,FC Bayern Munich,Bayern,36259,Isiaha Mike,SF,37,22:24,1344.6,111.9,2.2,,,,,,56,,,,,,109.7,28.1,-4.5,724,54.3,0.1,578,44.4,3.5,36.9,2.9,26.8,1.6,27,1.4,15.1,-1.6,,,,,,,,,,,,,,,,,,
euroleague,25,2025,defensive,1220,FC Bayern Munich,Bayern,36259,Isiaha Mike,SF,37,22:24,1344.6,,,116.5,2.1,,,,,,,,,,,,,,,,,,,,,,,,,,,114.3,56,65.8,-4.2,754,55.8,-1.1,565,42.8,-1,35.2,-2.6,28.2,-2.6,27.1,0.9,15,-1.6
euroleague,25,2025,total,60,FC Barcelona,Barcelona,23735,Joel Parra,PF,40,18:39,1119.1,111.6,-9.8,116.3,0.7,-4.6,-10.5,1340,46,1496,1559,-63,49.5,-0.9,,,,,,,,,,,,,,,,,,,,,,,,,,,,,,,,,,,
euroleague,25,2025,offensive,60,FC Barcelona,Barcelona,23735,Joel Parra,PF,40,18:39,1119.1,111.6,-9.8,,,,,,46,,,,,,121.4,32.7,-0.3,694,53.5,-2.7,483,41,1.4,34.8,-4.8,28.5,0.5,25.2,-0.1,15.3,1.7,,,,,,,,,,,,,,,,,,
euroleague,25,2025,defensive,60,FC Barcelona,Barcelona,23735,Joel Parra,PF,40,18:39,1119.1,,,116.3,0.7,,,,,,,,,,,,,,,,,,,,,,,,,,,115.6,47,67.6,-0.7,681,56.7,-1.3,433,38.9,0.3,36,1.5,30.1,4.3,24.6,-0.3,16.4,1.2
euroleague,25,2025,total,709,Kosner Baskonia Vitoria-Gasteiz,Baskonia,37319,Markquis Nowell,PG,28,14:23,863.3,114.3,-1.9,119,-1.5,-4.7,-0.3,760,36,869,913,-44,48,0.8,,,,,,,,,,,,,,,,,,,,,,,,,,,,,,,,,,,
euroleague,25,2025,offensive,709,Kosner Baskonia Vitoria-Gasteiz,Baskonia,37319,Markquis Nowell,PG,28,14:23,863.3,114.3,-1.9,,,,,,36,,,,,,116.2,28,-1,346,60.4,2,301,46.5,2.3,34.6,-0.4,26.3,-2,27.4,1,15.6,0.4,,,,,,,,,,,,,,,,,,
euroleague,25,2025,defensive,709,Kosner Baskonia Vitoria-Gasteiz,Baskonia,37319,Markquis Nowell,PG,28,14:23,863.3,,,119,-1.5,,,,,,,,,,,,,,,,,,,,,,,,,,,120.6,36,68.8,4.1,378,54.5,0.8,261,40.8,4,40.6,1.4,27.6,-1.2,26.4,3.4,15.4,0.9
euroleague,25,2025,total,389,EA7 Emporio Armani Milan,EA7 Armani,22749,Zach LeDay,PF,30,24:37,1477.4,118.4,-5.4,123.5,4.3,-5.1,-9.7,1352,62,1601,1673,-72,48.5,-3,,,,,,,,,,,,,,,,,,,,,,,,,,,,,,,,,,,
euroleague,25,2025,offensive,389,EA7 Emporio Armani Milan,EA7 Armani,22749,Zach LeDay,PF,30,24:37,1477.4,118.4,-5.4,,,,,,62,,,,,,123.8,27.4,-5.8,677,56.4,1.1,442,39.5,-6.7,38.7,-2.1,29.6,-0.6,27,1.2,14.7,1.1,,,,,,,,,,,,,,,,,,
euroleague,25,2025,defensive,389,EA7 Emporio Armani Milan,EA7 Armani,22749,Zach LeDay,PF,30,24:37,1477.4,,,123.5,4.3,,,,,,,,,,,,,,,,,,,,,,,,,,,119.2,62,68.5,-0.7,791,56.9,2.2,428,35.1,-6.4,39.7,2.7,24.9,-7.6,24.7,-1.4,12.4,-0.4
euroleague,25,2025,total,709,Kosner Baskonia Vitoria-Gasteiz,Baskonia,34840,Markus Howard,PG,23,20:38,1238.7,119.5,7.2,124.8,3.1,-5.3,4.1,921,51,1101,1127,-26,47.1,-0.8,,,,,,,,,,,,,,,,,,,,,,,,,,,,,,,,,,,
euroleague,25,2025,offensive,709,Kosner Baskonia Vitoria-Gasteiz,Baskonia,34840,Markus Howard,PG,23,20:38,1238.7,119.5,7.2,,,,,,51,,,,,,112.3,31.3,2.5,436,58.5,1.4,367,45.7,3.4,35.1,3.1,26.5,-2.9,25.6,0.2,14.4,-1,,,,,,,,,,,,,,,,,,
euroleague,25,2025,defensive,709,Kosner Baskonia Vitoria-Gasteiz,Baskonia,34840,Markus Howard,PG,23,20:38,1238.7,,,124.8,3.1,,,,,,,,,,,,,,,,,,,,,,,,,,,121.7,50,63.1,-3.9,520,51.7,-4.2,285,35.4,-5,41.8,4,29.6,2.6,20.7,-4.2,12.9,-1.3
euroleague,25,2025,total,389,EA7 Emporio Armani Milan,EA7 Armani,18424,Diego Flaccadori,SG,7,05:54,354,110.4,-20.7,115.7,-1.7,-5.3,-19,77,16,85,96,-11,44.6,-8.4,,,,,,,,,,,,,,,,,,,,,,,,,,,,,,,,,,,
euroleague,25,2025,offensive,389,EA7 Emporio Armani Milan,EA7 Armani,18424,Diego Flaccadori,SG,7,05:54,354,110.4,-20.7,,,,,,16,,,,,,131.1,17.2,-12.6,27,51.9,-8.3,31,53.4,14.7,38.7,-7,28.6,-2.3,28.6,-1.5,14.6,1.5,,,,,,,,,,,,,,,,,,
euroleague,25,2025,defensive,389,EA7 Emporio Armani Milan,EA7 Armani,18424,Diego Flaccadori,SG,7,05:54,354,,,115.7,-1.7,,,,,,,,,,,,,,,,,,,,,,,,,,,117.4,17,62.2,-10.9,42,50,-1.5,40,48.8,12.2,32.5,-9.2,27.7,-1.6,22.5,-2.6,11,-1.8
euroleague,25,2025,total,90,Virtus Segafredo Bologna,Virtus,38823,Aliou Diarra,C,28,10:38,638.6,115.9,5.1,121.2,1,-5.3,4.1,529,26,613,646,-33,50.6,2.2,,,,,,,,,,,,,,,,,,,,,,,,,,,,,,,,,,,
euroleague,25,2025,offensive,90,Virtus Segafredo Bologna,Virtus,38823,Aliou Diarra,C,28,10:38,638.6,115.9,5.1,,,,,,26,,,,,,110.8,35.4,5.3,280,57.9,3.9,186,39.9,-2.1,34.4,-1.8,23.8,-4.7,29.1,1.4,16,-1,,,,,,,,,,,,,,,,,,
euroleague,25,2025,defensive,90,Virtus Segafredo Bologna,Virtus,38823,Aliou Diarra,C,28,10:38,638.6,,,121.2,1,,,,,,,,,,,,,,,,,,,,,,,,,,,120.2,26,65,-1.6,262,56.5,-1.8,221,45.8,-0.1,37.6,1,30.6,2.9,28.2,-0.7,12.9,-1.3
euroleague,25,2025,total,60,FC Barcelona,Barcelona,12318,Willy Hernangomez,C,39,13:32,812.4,114.5,-2.8,120.1,5.8,-5.6,-8.5,934,33,1069,1125,-56,51.2,2.2,,,,,,,,,,,,,,,,,,,,,,,,,,,,,,,,,,,
euroleague,25,2025,offensive,60,FC Barcelona,Barcelona,12318,Willy Hernangomez,C,39,13:32,812.4,114.5,-2.8,,,,,,33,,,,,,117.2,36.3,5.6,482,54.1,-0.8,329,40.6,0.7,35.3,-2.8,31.7,5.2,23.3,-2.6,16.2,2.6,,,,,,,,,,,,,,,,,,
euroleague,25,2025,defensive,60,FC Barcelona,Barcelona,12318,Willy Hernangomez,C,39,13:32,812.4,,,120.1,5.8,,,,,,,,,,,,,,,,,,,,,,,,,,,114.3,33,67.7,-0.1,501,56.9,-1.2,299,37.4,-2.3,40.1,7.2,27.3,-1.1,26.2,2.1,15.3,-0.7
euroleague,25,2025,total,584,Fenerbahce Beko Istanbul,Fenerbahce,12213,Metecan Birsen,PF,24,11:14,674.5,112.9,2.2,118.5,11,-5.7,-8.8,482,28,544,588,-44,51.8,1.1,,,,,,,,,,,,,,,,,,,,,,,,,,,,,,,,,,,
euroleague,25,2025,offensive,584,Fenerbahce Beko Istanbul,Fenerbahce,12213,Metecan Birsen,PF,24,11:14,674.5,112.9,2.2,,,,,,28,,,,,,110.7,36.6,4.4,238,53.4,-0.3,177,42.7,-0.2,35.6,0.7,27.4,-0.3,21.7,-1.8,17,0.1,,,,,,,,,,,,,,,,,,
euroleague,25,2025,defensive,584,Fenerbahce Beko Istanbul,Fenerbahce,12213,Metecan Birsen,PF,24,11:14,674.5,,,118.5,11,,,,,,,,,,,,,,,,,,,,,,,,,,,107.6,28,66.7,-2,276,53.3,3.3,156,36.1,-2.4,35.9,3.4,30.8,1.6,25.7,2.6,13.2,-2.2
euroleague,25,2025,total,77,Partizan Mozzart Bet Belgrade,Partizan,24744,Dylan Osetkowski,PF,35,20:04,1204.3,113.1,4.3,118.9,2.3,-5.8,2,1275,49,1442,1538,-96,49.4,1.7,,,,,,,,,,,,,,,,,,,,,,,,,,,,,,,,,,,
euroleague,25,2025,offensive,77,Partizan Mozzart Bet Belgrade,Partizan,24744,Dylan Osetkowski,PF,35,20:04,1204.3,113.1,4.3,,,,,,49,,,,,,108.8,30.2,2.1,672,55.5,1.4,432,39.1,1.2,34.3,0.4,25.2,-2.1,25.1,0.4,15.4,0.3,,,,,,,,,,,,,,,,,,
euroleague,25,2025,defensive,77,Partizan Mozzart Bet Belgrade,Partizan,24744,Dylan Osetkowski,PF,35,20:04,1204.3,,,118.9,2.3,,,,,,,,,,,,,,,,,,,,,,,,,,,116.6,50,70.3,2.8,627,60.8,5.9,441,41.3,-1.9,39.2,2.5,27.2,-1.7,29.1,2.8,16.1,1.3
euroleague,25,2025,total,709,Kosner Baskonia Vitoria-Gasteiz,Baskonia,19141,Timothe Luwawu-Cabarrot,SF,36,25:22,1522.9,116.7,2.8,122.6,2.4,-6,0.3,1722,63,2009,2114,-105,47.6,-1.3,,,,,,,,,,,,,,,,,,,,,,,,,,,,,,,,,,,
euroleague,25,2025,offensive,709,Kosner Baskonia Vitoria-Gasteiz,Baskonia,19141,Timothe Luwawu-Cabarrot,SF,36,25:22,1522.9,116.7,2.8,,,,,,63,,,,,,113.9,27.6,-4.1,792,57.7,-1.4,624,44.1,1.3,35.9,3.9,29.4,4.1,25.8,-0.3,15.1,-0.1,,,,,,,,,,,,,,,,,,
euroleague,25,2025,defensive,709,Kosner Baskonia Vitoria-Gasteiz,Baskonia,19141,Timothe Luwawu-Cabarrot,SF,36,25:22,1522.9,,,122.6,2.4,,,,,,,,,,,,,,,,,,,,,,,,,,,120.2,63,67.2,1.1,913,55.6,4.6,574,38.6,1.3,39.2,-3.2,28.8,0.2,24,0.4,13.9,-0.5
euroleague,25,2025,total,709,Kosner Baskonia Vitoria-Gasteiz,Baskonia,35840,Matteo Spagnolo,PG,37,15:29,929.9,115.4,-1.2,121.4,-0.8,-6,-0.4,1079,38,1245,1330,-85,47.8,-0.6,,,,,,,,,,,,,,,,,,,,,,,,,,,,,,,,,,,
euroleague,25,2025,offensive,709,Kosner Baskonia Vitoria-Gasteiz,Baskonia,35840,Matteo Spagnolo,PG,37,15:29,929.9,115.4,-1.2,,,,,,38,,,,,,116.6,27.6,-3,507,57,-2,393,43.7,0.6,36.4,3.3,27.8,-0.2,25.6,-0.6,15.2,0.3,,,,,,,,,,,,,,,,,,
euroleague,25,2025,defensive,709,Kosner Baskonia Vitoria-Gasteiz,Baskonia,35840,Matteo Spagnolo,PG,37,15:29,929.9,,,121.4,-0.8,,,,,,,,,,,,,,,,,,,,,,,,,,,122.1,39,67.5,1.1,586,53.4,-0.9,355,37.7,1,40,-0.9,28.8,0,24.2,0.6,13.4,-0.9
euroleague,25,2025,total,389,EA7 Emporio Armani Milan,EA7 Armani,34847,Niccolo Mannion,PG,22,11:32,692.7,114,-6.7,120.1,0.6,-6.1,-7.4,449,28,512,538,-26,48.5,-1.2,,,,,,,,,,,,,,,,,,,,,,,,,,,,,,,,,,,
euroleague,25,2025,offensive,389,EA7 Emporio Armani Milan,EA7 Armani,34847,Niccolo Mannion,PG,22,11:32,692.7,114,-6.7,,,,,,28,,,,,,120.8,30.3,1.6,220,51.8,-4.1,165,42.9,0.4,40,-0.2,28.5,0.8,28.4,0.5,15.4,2,,,,,,,,,,,,,,,,,,
euroleague,25,2025,defensive,389,EA7 Emporio Armani Milan,EA7 Armani,34847,Niccolo Mannion,PG,22,11:32,692.7,,,120.1,0.6,,,,,,,,,,,,,,,,,,,,,,,,,,,119.5,28,66.2,-3.7,254,54.7,-1.6,153,37.6,-2.8,35.9,-2.3,29.2,2.9,29.7,5.6,12.7,-0.8
euroleague,25,2025,total,3292,Paris Basketball,Paris,12220,Yakuba Ouattara,PG,34,16:50,1010.3,114.2,-2.1,120.3,4.8,-6.1,-6.9,1116,42,1275,1367,-92,50,1.4,,,,,,,,,,,,,,,,,,,,,,,,,,,,,,,,,,,
euroleague,25,2025,offensive,3292,Paris Basketball,Paris,12220,Yakuba Ouattara,PG,34,16:50,1010.3,114.2,-2.1,,,,,,42,,,,,,116.3,37.7,4.4,497,51.3,-1,472,48.7,0.9,38.3,2,25.8,-0.8,25.3,4,16.7,2.7,,,,,,,,,,,,,,,,,,
euroleague,25,2025,defensive,3292,Paris Basketball,Paris,12220,Yakuba Ouattara,PG,34,16:50,1010.3,,,120.3,4.8,,,,,,,,,,,,,,,,,,,,,,,,,,,115.5,43,63.1,-2.6,529,56.7,2.4,451,46,0.6,38.1,2.4,26.2,-4.8,30.9,2.4,15.9,-0.3
euroleague,25,2025,total,709,Kosner Baskonia Vitoria-Gasteiz,Baskonia,16906,Rodions Kurucs,SF/PF,26,21:11,1271.5,113.8,-4.7,120,-0.5,-6.1,-4.2,1020,52,1161,1220,-59,50.8,3.1,,,,,,,,,,,,,,,,,,,,,,,,,,,,,,,,,,,
euroleague,25,2025,offensive,709,Kosner Baskonia Vitoria-Gasteiz,Baskonia,16906,Rodions Kurucs,SF/PF,26,21:11,1271.5,113.8,-4.7,,,,,,52,,,,,,118.6,31.6,3.8,518,57.9,-0.8,353,40.5,-1.4,33.4,-1.6,27.2,-1.7,23.4,-4.7,15.4,1.6,,,,,,,,,,,,,,,,,,
euroleague,25,2025,defensive,709,Kosner Baskonia Vitoria-Gasteiz,Baskonia,16906,Rodions Kurucs,SF/PF,26,21:11,1271.5,,,120,-0.5,,,,,,,,,,,,,,,,,,,,,,,,,,,120.5,52,70.3,2.5,565,54.7,3,299,34.6,-5.7,39.1,-4.7,28.9,-1.1,22.3,-2.7,14,-1.2
euroleague,25,2025,total,700,LDLC ASVEL Villeurbanne,ASVEL,37773,Zac Seljaas,SF,36,20:10,1210.9,108.7,2.9,114.9,-4.8,-6.2,7.7,1328,50,1443,1508,-65,48.4,0.8,,,,,,,,,,,,,,,,,,,,,,,,,,,,,,,,,,,
euroleague,25,2025,offensive,700,LDLC ASVEL Villeurbanne,ASVEL,37773,Zac Seljaas,SF,36,20:10,1210.9,108.7,2.9,,,,,,50,,,,,,105.7,31.5,1.1,638,52.4,2.3,542,45.9,4.5,32.5,-1.4,26.8,-0.5,23.9,-0.5,14.3,-1.3,,,,,,,,,,,,,,,,,,
euroleague,25,2025,defensive,700,LDLC ASVEL Villeurbanne,ASVEL,37773,Zac Seljaas,SF,36,20:10,1210.9,,,114.9,-4.8,,,,,,,,,,,,,,,,,,,,,,,,,,,119.6,50,68.7,1.7,656,59.6,1.7,407,38.3,-2.5,33.9,-3,30.2,0,27.4,-1.5,16.8,2
euroleague,25,2025,total,90,Virtus Segafredo Bologna,Virtus,36950,Saliou Niang,SF,38,21:38,1298.7,110,-4.4,116.3,-4,-6.3,-0.4,1484,53,1633,1769,-136,50.7,3.2,,,,,,,,,,,,,,,,,,,,,,,,,,,,,,,,,,,
euroleague,25,2025,offensive,90,Virtus Segafredo Bologna,Virtus,36950,Saliou Niang,SF,38,21:38,1298.7,110,-4.4,,,,,,53,,,,,,114.4,34,5.8,731,55.8,0.3,516,41.4,-0.3,33.1,-4.1,28,1,28.4,1.4,17.9,2.7,,,,,,,,,,,,,,,,,,
euroleague,25,2025,defensive,90,Virtus Segafredo Bologna,Virtus,36950,Saliou Niang,SF,38,21:38,1298.7,,,116.3,-4,,,,,,,,,,,,,,,,,,,,,,,,,,,120.3,55,66.6,-0.4,717,57.7,2.2,623,46.5,3.1,34,-5.6,28.4,0.5,28.2,0.6,14.5,0.2
euroleague,25,2025,total,90,Virtus Segafredo Bologna,Virtus,35207,Nicola Akele,PF,27,09:54,594,107.9,-6.1,114.4,-5.5,-6.5,-0.6,471,24,508,556,-48,47.4,-2.6,,,,,,,,,,,,,,,,,,,,,,,,,,,,,,,,,,,
euroleague,25,2025,offensive,90,Virtus Segafredo Bologna,Virtus,35207,Nicola Akele,PF,27,09:54,594,107.9,-6.1,,,,,,24,,,,,,113.9,28.5,-3.8,237,52.3,-3.2,178,42.9,2.1,33.7,-1,25.7,-3.1,25.8,-1.5,14.9,-1.3,,,,,,,,,,,,,,,,,,
euroleague,25,2025,defensive,90,Virtus Segafredo Bologna,Virtus,35207,Nicola Akele,PF,27,09:54,594,,,114.4,-5.5,,,,,,,,,,,,,,,,,,,,,,,,,,,119.9,25,65.8,-2,240,48.3,-10.2,189,44.1,-1.5,40.7,4.6,28.4,0.7,27.8,-1.4,14.4,0.4
euroleague,25,2025,total,2222,AS Monaco,Monaco,35892,Juhann Begarin,SG,23,13:28,808.4,115.7,-1.3,122.4,6.5,-6.7,-7.7,579,34,670,721,-51,47.8,-1.1,,,,,,,,,,,,,,,,,,,,,,,,,,,,,,,,,,,
euroleague,25,2025,offensive,2222,AS Monaco,Monaco,35892,Juhann Begarin,SG,23,13:28,808.4,115.7,-1.3,,,,,,34,,,,,,117,30,1.5,312,58,-0.4,185,37.2,-1,30.3,-3.1,25.4,-4.5,26.7,-2.9,13.5,-0.1,,,,,,,,,,,,,,,,,,
euroleague,25,2025,defensive,2222,AS Monaco,Monaco,35892,Juhann Begarin,SG,23,13:28,808.4,,,122.4,6.5,,,,,,,,,,,,,,,,,,,,,,,,,,,115.9,35,63.5,-4.5,302,54,-1.6,246,44.9,2.4,39,1.1,27.3,1.4,22.8,-3.6,12.5,-3
euroleague,25,2025,total,636,Maccabi Playtika Tel Aviv,Maccabi,35087,Roman Sorkin,C,38,22:54,1374.4,115.9,-5.1,122.6,2.3,-6.7,-7.4,1649,57,1911,2005,-94,49,-0.9,,,,,,,,,,,,,,,,,,,,,,,,,,,,,,,,,,,
euroleague,25,2025,offensive,636,Maccabi Playtika Tel Aviv,Maccabi,35087,Roman Sorkin,C,38,22:54,1374.4,115.9,-5.1,,,,,,57,,,,,,121,32.1,-5.7,855,51.8,-4.7,603,41.4,-2.3,37.3,4.5,26.4,-5.4,25.8,-0.2,14.2,1,,,,,,,,,,,,,,,,,,
euroleague,25,2025,defensive,636,Maccabi Playtika Tel Aviv,Maccabi,35087,Roman Sorkin,C,38,22:54,1374.4,,,122.6,2.3,,,,,,,,,,,,,,,,,,,,,,,,,,,120.3,56,67,4,850,59.2,-1.3,617,42.1,-5.8,36.5,2.5,26.2,-4.5,29,1.2,13.4,-2.4
euroleague,25,2025,total,60,FC Barcelona,Barcelona,37042,Juani Marcos,SG,31,08:35,515.5,108.3,-9.1,115.1,0.8,-6.8,-10,469,21,508,526,-18,49.8,-0.6,,,,,,,,,,,,,,,,,,,,,,,,,,,,,,,,,,,
euroleague,25,2025,offensive,60,FC Barcelona,Barcelona,37042,Juani Marcos,SG,31,08:35,515.5,108.3,-9.1,,,,,,21,,,,,,117.4,30.7,-1.9,223,51.1,-4.4,200,47.3,9.3,33,-5.3,28.1,-0.3,22,-2.9,14.7,-0.1,,,,,,,,,,,,,,,,,,
euroleague,25,2025,defensive,60,FC Barcelona,Barcelona,37042,Juani Marcos,SG,31,08:35,515.5,,,115.1,0.8,,,,,,,,,,,,,,,,,,,,,,,,,,,114.3,20,73.7,6.1,215,61.9,6.3,159,42.5,3.9,35.2,1.1,30.9,4.5,25.1,1.1,16.1,1.1
euroleague,25,2025,total,700,LDLC ASVEL Villeurbanne,ASVEL,36608,Mbaye Ndiaye,SF,32,23:39,1419,109.1,4.8,116.1,-5.3,-7,10,1390,59,1517,1600,-83,48,0.5,,,,,,,,,,,,,,,,,,,,,,,,,,,,,,,,,,,
euroleague,25,2025,offensive,700,LDLC ASVEL Villeurbanne,ASVEL,36608,Mbaye Ndiaye,SF,32,23:39,1419,109.1,4.8,,,,,,59,,,,,,104.4,31.8,0.9,707,52.8,2.5,508,41.8,-3.3,31.5,-3.1,28,2.4,23.2,-2.1,14.1,-3.2,,,,,,,,,,,,,,,,,,
euroleague,25,2025,defensive,700,LDLC ASVEL Villeurbanne,ASVEL,36608,Mbaye Ndiaye,SF,32,23:39,1419,,,116.1,-5.3,,,,,,,,,,,,,,,,,,,,,,,,,,,121.4,59,65.4,-3,678,54.4,-8.8,495,42.2,6,36,-0.9,29.7,-2.3,25.8,-6.1,15.3,-1.2
euroleague,25,2025,total,1220,FC Bayern Munich,Bayern,35518,Justus Hollatz,SG,26,16:37,997.9,108.8,-0.9,115.9,1.4,-7,-2.3,772,41,840,899,-59,48.8,1.2,,,,,,,,,,,,,,,,,,,,,,,,,,,,,,,,,,,
euroleague,25,2025,offensive,1220,FC Bayern Munich,Bayern,35518,Justus Hollatz,SG,26,16:37,997.9,108.8,-0.9,,,,,,41,,,,,,109.7,29.7,1.3,390,54.6,0.5,312,44.4,3.7,32.7,-1.2,21.5,-7.5,27.2,2,15.4,0.5,,,,,,,,,,,,,,,,,,
euroleague,25,2025,defensive,1220,FC Bayern Munich,Bayern,35518,Justus Hollatz,SG,26,16:37,997.9,,,115.9,1.4,,,,,,,,,,,,,,,,,,,,,,,,,,,114.5,41,70.3,3.5,354,52.8,-4.5,305,46.3,4,40.3,6.4,30.7,2.5,28.3,3,16.6,1.7
euroleague,25,2025,total,3359,Dubai Basketball,Dubai,19603,Aleksa Avramovic,PG,22,17:01,1021.3,115.4,-9.6,122.6,6.3,-7.3,-16,703,43,811,851,-40,45.8,-7.6,,,,,,,,,,,,,,,,,,,,,,,,,,,,,,,,,,,
euroleague,25,2025,offensive,3359,Dubai Basketball,Dubai,19603,Aleksa Avramovic,PG,22,17:01,1021.3,115.4,-9.6,,,,,,43,,,,,,125,29.2,-2.5,349,51.9,-5.9,261,42.8,11,35.6,-1.3,28.4,1.7,25.8,-1.8,12.1,-0.1,,,,,,,,,,,,,,,,,,
euroleague,25,2025,defensive,3359,Dubai Basketball,Dubai,19603,Aleksa Avramovic,PG,22,17:01,1021.3,,,122.6,6.3,,,,,,,,,,,,,,,,,,,,,,,,,,,116.3,43,62.8,-9.2,392,55.6,2.7,234,37.4,-1.9,36.8,0.3,31.7,5.1,25.7,0.4,13.7,2.7
euroleague,25,2025,total,583,Anadolu Efes Istanbul,Efes,18607,Erkan Yilmaz,SF,23,08:51,531.7,104.2,-8,111.5,-6.3,-7.3,-1.7,355,21,370,406,-36,48.9,1.1,,,,,,,,,,,,,,,,,,,,,,,,,,,,,,,,,,,
euroleague,25,2025,offensive,583,Anadolu Efes Istanbul,Efes,18607,Erkan Yilmaz,SF,23,08:51,531.7,104.2,-8,,,,,,21,,,,,,112.2,30.1,2.8,165,53.3,-0.2,121,42.3,1,29.8,-7.8,30.1,3.3,23.8,-2.4,18,3.1,,,,,,,,,,,,,,,,,,
euroleague,25,2025,defensive,583,Anadolu Efes Istanbul,Efes,18607,Erkan Yilmaz,SF,23,08:51,531.7,,,111.5,-6.3,,,,,,,,,,,,,,,,,,,,,,,,,,,117.9,22,67.9,-0.7,186,51.1,-3.9,118,38.8,-2.7,36.4,-1.6,30.5,2.4,26.4,-2.1,16.3,1.9
euroleague,25,2025,total,60,FC Barcelona,Barcelona,37284,Miles Norris,PF,36,12:02,722.3,111.7,-6.5,119.1,6.1,-7.4,-12.6,762,29,851,912,-61,48.9,-1.6,,,,,,,,,,,,,,,,,,,,,,,,,,,,,,,,,,,
euroleague,25,2025,offensive,60,FC Barcelona,Barcelona,37284,Miles Norris,PF,36,12:02,722.3,111.7,-6.5,,,,,,29,,,,,,118.1,33.3,0.6,389,58.6,5,288,42.5,3.5,33.3,-4.8,25.7,-3.7,23.9,-1.7,16.1,2.4,,,,,,,,,,,,,,,,,,
euroleague,25,2025,defensive,60,FC Barcelona,Barcelona,37284,Miles Norris,PF,36,12:02,722.3,,,119.1,6.1,,,,,,,,,,,,,,,,,,,,,,,,,,,112.9,29,64.9,-4.2,415,55.9,-1.9,249,37.5,-1.6,37.8,5.1,29,1.4,25.1,0.4,15.1,-0.9
euroleague,25,2025,total,1220,FC Bayern Munich,Bayern,14073,Niels Giffey,SF,32,13:15,795,112.2,0.9,119.6,4.6,-7.4,-3.7,756,33,848,898,-50,48.7,0.4,,,,,,,,,,,,,,,,,,,,,,,,,,,,,,,,,,,
euroleague,25,2025,offensive,1220,FC Bayern Munich,Bayern,14073,Niels Giffey,SF,32,13:15,795,112.2,0.9,,,,,,33,,,,,,111.2,34,4.7,396,55.3,1.3,292,42.4,1.2,33.6,-2.9,24.1,-2.5,25.7,-1.1,15,-1,,,,,,,,,,,,,,,,,,
euroleague,25,2025,defensive,1220,FC Bayern Munich,Bayern,14073,Niels Giffey,SF,32,13:15,795,,,119.6,4.6,,,,,,,,,,,,,,,,,,,,,,,,,,,115,33,64.5,-3.2,359,53.2,-5.2,284,44.2,1.4,42.6,9.4,32.2,4,27.6,0.1,16.3,0.8
euroleague,25,2025,total,700,LDLC ASVEL Villeurbanne,ASVEL,36490,Glynn Watson,PG,30,25:34,1534.4,109.5,5.2,116.9,-1.9,-7.4,7.2,1393,63,1525,1604,-79,48.3,-0.5,,,,,,,,,,,,,,,,,,,,,,,,,,,,,,,,,,,
euroleague,25,2025,offensive,700,LDLC ASVEL Villeurbanne,ASVEL,36490,Glynn Watson,PG,30,25:34,1534.4,109.5,5.2,,,,,,63,,,,,,104.2,32.5,0,718,50,-3.9,531,42.5,-1.8,33,1.5,30,6.1,21.7,-4.7,13.5,-4.6,,,,,,,,,,,,,,,,,,
euroleague,25,2025,defensive,700,LDLC ASVEL Villeurbanne,ASVEL,36490,Glynn Watson,PG,30,25:34,1534.4,,,116.9,-1.9,,,,,,,,,,,,,,,,,,,,,,,,,,,118.8,62,67.5,2.1,689,60.4,4.5,447,39.3,-1.7,34.2,-3.2,30,-1.1,27.6,-1.7,16.6,1.9
euroleague,25,2025,total,90,Virtus Segafredo Bologna,Virtus,18343,Karim Jallow,SG,37,21:00,1260.7,112.9,2.5,120.5,5.9,-7.7,-3.4,1400,52,1580,1726,-146,49.2,-0.8,,,,,,,,,,,,,,,,,,,,,,,,,,,,,,,,,,,
euroleague,25,2025,offensive,90,Virtus Segafredo Bologna,Virtus,18343,Karim Jallow,SG,37,21:00,1260.7,112.9,2.5,,,,,,52,,,,,,110.4,31.5,-0.3,702,56.7,2.1,497,41.5,-0.3,36.2,3,26.1,-2.8,26.4,-2.5,17,0.3,,,,,,,,,,,,,,,,,,
euroleague,25,2025,defensive,90,Virtus Segafredo Bologna,Virtus,18343,Karim Jallow,SG,37,21:00,1260.7,,,120.5,5.9,,,,,,,,,,,,,,,,,,,,,,,,,,,114.7,53,66.5,-1.4,727,57.5,2,548,43,-4.1,36.1,-0.1,27.9,-0.3,28.2,0.7,13.9,-0.8
euroleague,25,2025,total,700,LDLC ASVEL Villeurbanne,ASVEL,36143,Bodian Massa,C,34,15:51,951.1,110,5.5,117.7,0.4,-7.7,5.1,984,39,1082,1158,-76,48.5,2,,,,,,,,,,,,,,,,,,,,,,,,,,,,,,,,,,,
euroleague,25,2025,offensive,700,LDLC ASVEL Villeurbanne,ASVEL,36143,Bodian Massa,C,34,15:51,951.1,110,5.5,,,,,,39,,,,,,104.5,32.7,3.2,500,50,-3.3,364,42.1,-1.8,37.4,8.1,27.2,0.5,23.5,-0.8,15.7,0.8,,,,,,,,,,,,,,,,,,
euroleague,25,2025,defensive,700,LDLC ASVEL Villeurbanne,ASVEL,36143,Bodian Massa,C,34,15:51,951.1,,,117.7,0.4,,,,,,,,,,,,,,,,,,,,,,,,,,,117.3,39,65.6,-0.7,524,57.1,-1.6,313,37.4,-3.7,35.8,0.4,29.8,-1.5,29.1,1.3,15.5,-0.7
euroleague,25,2025,total,3292,Paris Basketball,Paris,21386,Amath M'Baye,PF,34,17:18,1038.2,115.7,2.7,123.6,12.9,-7.9,-10.2,1139,43,1318,1393,-75,48.3,-0.8,,,,,,,,,,,,,,,,,,,,,,,,,,,,,,,,,,,
euroleague,25,2025,offensive,3292,Paris Basketball,Paris,21386,Amath M'Baye,PF,34,17:18,1038.2,115.7,2.7,,,,,,43,,,,,,113,36.4,3.1,563,52.6,1.1,452,44.5,-3.6,36.1,-0.1,27.2,0.4,18.4,-6,14.7,-0.6,,,,,,,,,,,,,,,,,,
euroleague,25,2025,defensive,3292,Paris Basketball,Paris,21386,Amath M'Baye,PF,34,17:18,1038.2,,,123.6,12.9,,,,,,,,,,,,,,,,,,,,,,,,,,,110.7,42,61.5,-4,557,56.6,2.9,418,42.9,-5,39.2,5.7,29.3,1.3,30.6,3.4,15.1,-1.6
euroleague,25,2025,total,700,LDLC ASVEL Villeurbanne,ASVEL,6913,Edwin Jackson,SG,21,15:43,943.5,115.9,7.1,123.9,5.4,-7.9,1.6,596,38,691,732,-41,49,1.7,,,,,,,,,,,,,,,,,,,,,,,,,,,,,,,,,,,
euroleague,25,2025,offensive,700,LDLC ASVEL Villeurbanne,ASVEL,6913,Edwin Jackson,SG,21,15:43,943.5,115.9,7.1,,,,,,38,,,,,,108.9,32.7,3.2,281,55.2,1.5,236,45.6,4.4,38.1,6.2,28.2,1.9,28.1,5.6,15.6,1.9,,,,,,,,,,,,,,,,,,
euroleague,25,2025,defensive,700,LDLC ASVEL Villeurbanne,ASVEL,6913,Edwin Jackson,SG,21,15:43,943.5,,,123.9,5.4,,,,,,,,,,,,,,,,,,,,,,,,,,,118.4,38,66.7,-2.1,298,62.4,3.4,193,39.3,-3.5,34.7,-4.6,32.1,3,31.3,4.5,14.1,-2.9
euroleague,25,2025,total,60,FC Barcelona,Barcelona,35178,Juan Nunez,PG,1,05:16,316,77.8,-49.6,85.7,-48.1,-7.9,-1.5,9,13,7,6,1,66.7,19.7,,,,,,,,,,,,,,,,,,,,,,,,,,,,,,,,,,,
euroleague,25,2025,offensive,60,FC Barcelona,Barcelona,35178,Juan Nunez,PG,1,05:16,316,77.8,-49.6,,,,,,13,,,,,,127.4,40,14.1,7,28.6,-19.4,1,12.5,-40.3,100,46.4,11.1,-17.9,25,-7.8,27.3,11.3,,,,,,,,,,,,,,,,,,
euroleague,25,2025,defensive,60,FC Barcelona,Barcelona,35178,Juan Nunez,PG,1,05:16,316,,,85.7,-48.1,,,,,,,,,,,,,,,,,,,,,,,,,,,133.8,10,100,27.3,6,50,-13,1,14.3,-28.3,0,-45,14.3,-19.6,14.3,-15.7,0,-15.5
euroleague,25,2025,total,636,Maccabi Playtika Tel Aviv,Maccabi,35538,Jeff Dowtin Jr.,PG,19,17:12,1032,113.2,-4.8,121.2,-4.7,-8,-0.1,613,43,694,727,-33,48.1,1.1,,,,,,,,,,,,,,,,,,,,,,,,,,,,,,,,,,,
euroleague,25,2025,offensive,636,Maccabi Playtika Tel Aviv,Maccabi,35538,Jeff Dowtin Jr.,PG,19,17:12,1032,113.2,-4.8,,,,,,43,,,,,,118,38.8,7.1,319,49.8,-6.3,241,43,0.7,32.8,-1.1,30.5,2.6,21.8,-6.8,13.5,-0.5,,,,,,,,,,,,,,,,,,
euroleague,25,2025,defensive,636,Maccabi Playtika Tel Aviv,Maccabi,35538,Jeff Dowtin Jr.,PG,19,17:12,1032,,,121.2,-4.7,,,,,,,,,,,,,,,,,,,,,,,,,,,125.8,42,59.6,-3.1,269,63.2,1.5,239,47,4.3,33.1,-1.6,30,2.1,27,-2.2,16.8,3.4
euroleague,25,2025,total,77,Partizan Mozzart Bet Belgrade,Partizan,6526,Nick Calathes,PG,31,19:10,1150.1,108.3,-1.6,116.4,1.4,-8.1,-3,1063,46,1151,1252,-101,49,0.8,,,,,,,,,,,,,,,,,,,,,,,,,,,,,,,,,,,
euroleague,25,2025,offensive,77,Partizan Mozzart Bet Belgrade,Partizan,6526,Nick Calathes,PG,31,19:10,1150.1,108.3,-1.6,,,,,,46,,,,,,109.9,29.8,2.6,558,55.9,2.5,382,40.6,3,32.2,-2.3,24.7,-1.3,27,3.3,15.9,0.7,,,,,,,,,,,,,,,,,,
euroleague,25,2025,defensive,77,Partizan Mozzart Bet Belgrade,Partizan,6526,Nick Calathes,PG,31,19:10,1150.1,,,116.4,1.4,,,,,,,,,,,,,,,,,,,,,,,,,,,115,47,68.9,-0.8,548,56.8,0.5,354,39.2,-4,35.3,-1.6,31.3,4.9,25.8,-2.2,14.5,-1.1
euroleague,25,2025,total,709,Kosner Baskonia Vitoria-Gasteiz,Baskonia,23439,Khalifa Diop,C,28,16:46,1006.1,114.9,-0.7,123,3.1,-8.1,-3.9,859,41,987,1042,-55,50.1,1.7,,,,,,,,,,,,,,,,,,,,,,,,,,,,,,,,,,,
euroleague,25,2025,offensive,709,Kosner Baskonia Vitoria-Gasteiz,Baskonia,23439,Khalifa Diop,C,28,16:46,1006.1,114.9,-0.7,,,,,,41,,,,,,115.6,33.4,4.4,419,59.7,2.6,327,43.8,2.5,33.9,-0.2,24.4,-5.6,25.2,-1.6,16.1,1.6,,,,,,,,,,,,,,,,,,
euroleague,25,2025,defensive,709,Kosner Baskonia Vitoria-Gasteiz,Baskonia,23439,Khalifa Diop,C,28,16:46,1006.1,,,123,3.1,,,,,,,,,,,,,,,,,,,,,,,,,,,119.9,40,67.4,0.1,465,52.9,0,260,35.9,-3.3,43.5,3.8,32.5,5.5,24.7,1.6,13.7,-0.6
euroleague,25,2025,total,77,Partizan Mozzart Bet Belgrade,Partizan,23503,Bruno Fernando,C,32,18:23,1103.3,107.4,-3.4,115.6,-1.1,-8.1,-2.3,1075,45,1155,1254,-99,48.6,-0.1,,,,,,,,,,,,,,,,,,,,,,,,,,,,,,,,,,,
euroleague,25,2025,offensive,77,Partizan Mozzart Bet Belgrade,Partizan,23503,Bruno Fernando,C,32,18:23,1103.3,107.4,-3.4,,,,,,45,,,,,,110.8,28.6,0.3,557,53.7,-1.5,336,37.6,-2.2,35.1,2.9,26.4,1.9,25,-0.2,17.6,3.7,,,,,,,,,,,,,,,,,,
euroleague,25,2025,defensive,77,Partizan Mozzart Bet Belgrade,Partizan,23503,Bruno Fernando,C,32,18:23,1103.3,,,115.6,-1.1,,,,,,,,,,,,,,,,,,,,,,,,,,,116.6,46,67.5,-3.7,523,54.5,-4.2,413,44.1,5,36.3,-0.4,26.9,-3.4,27.2,0.4,14.6,-0.7
euroleague,25,2025,total,74,Crvena Zvezda Meridianbet Belgrade,C.Zvezda,23555,Yago dos Santos,PG,25,10:45,645.9,106.9,-12.9,115.1,1.4,-8.2,-14.4,494,26,528,564,-36,55.9,2.1,,,,,,,,,,,,,,,,,,,,,,,,,,,,,,,,,,,
euroleague,25,2025,offensive,74,Crvena Zvezda Meridianbet Belgrade,C.Zvezda,23555,Yago dos Santos,PG,25,10:45,645.9,106.9,-12.9,,,,,,26,,,,,,119.8,41.9,5.9,246,49.6,-8.1,178,42,4.2,34.3,-2.7,25.3,-4.5,28.3,0.6,18.9,3.9,,,,,,,,,,,,,,,,,,
euroleague,25,2025,defensive,74,Crvena Zvezda Meridianbet Belgrade,C.Zvezda,23555,Yago dos Santos,PG,25,10:45,645.9,,,115.1,1.4,,,,,,,,,,,,,,,,,,,,,,,,,,,113.7,26,70.9,0.2,227,58.1,3.7,180,44.2,-0.1,35.6,0.4,32.7,6.1,28,2,14.8,0.2
euroleague,25,2025,total,709,Kosner Baskonia Vitoria-Gasteiz,Baskonia,34854,Trent Forrest,PG/SG,27,23:43,1423.4,116.8,3.2,125,3.8,-8.3,-0.7,1215,58,1419,1513,-94,48.1,0.6,,,,,,,,,,,,,,,,,,,,,,,,,,,,,,,,,,,
euroleague,25,2025,offensive,709,Kosner Baskonia Vitoria-Gasteiz,Baskonia,34854,Trent Forrest,PG/SG,27,23:43,1423.4,116.8,3.2,,,,,,58,,,,,,113.6,32,3.3,576,56.1,-0.5,447,43.7,-0.2,35.1,2.2,28,-1.7,26.6,3,15.5,0.8,,,,,,,,,,,,,,,,,,
euroleague,25,2025,defensive,709,Kosner Baskonia Vitoria-Gasteiz,Baskonia,34854,Trent Forrest,PG/SG,27,23:43,1423.4,,,125,3.8,,,,,,,,,,,,,,,,,,,,,,,,,,,121.2,58,64.2,-3.3,687,55.9,1.3,382,35.7,-4,40.1,-0.7,27.6,-1.3,23.7,0.5,13.7,-1.2
euroleague,25,2025,total,700,LDLC ASVEL Villeurbanne,ASVEL,22403,Shaquille Harrison,PG/SG,29,18:53,1133,107.9,-0.1,116.3,-0.5,-8.3,0.4,984,46,1062,1179,-117,48.8,0.6,,,,,,,,,,,,,,,,,,,,,,,,,,,,,,,,,,,
euroleague,25,2025,offensive,700,LDLC ASVEL Villeurbanne,ASVEL,22403,Shaquille Harrison,PG/SG,29,18:53,1133,107.9,-0.1,,,,,,46,,,,,,108,31.3,0.3,526,51.3,-1.7,334,38.8,-6.4,34.7,2.3,26.1,-0.5,24.8,0,15.6,0.5,,,,,,,,,,,,,,,,,,
euroleague,25,2025,defensive,700,LDLC ASVEL Villeurbanne,ASVEL,22403,Shaquille Harrison,PG/SG,29,18:53,1133,,,116.3,-0.5,,,,,,,,,,,,,,,,,,,,,,,,,,,116.8,47,68.7,0.8,506,55.3,-5.8,333,39.7,0.8,39.6,10,28.5,-3.6,28.1,2,16.2,1.5
euroleague,25,2025,total,636,Maccabi Playtika Tel Aviv,Maccabi,22564,Lonnie Walker IV,SG,28,22:42,1362.3,115.8,-3.2,124.1,8.7,-8.4,-12,1248,58,1445,1517,-72,47.3,-6.1,,,,,,,,,,,,,,,,,,,,,,,,,,,,,,,,,,,
euroleague,25,2025,offensive,636,Maccabi Playtika Tel Aviv,Maccabi,22564,Lonnie Walker IV,SG,28,22:42,1362.3,115.8,-3.2,,,,,,58,,,,,,119,30.3,-9.8,610,53.3,-2.2,464,43.2,3.7,35.6,4.5,27.8,-3.9,26.4,1.8,14.1,0.4,,,,,,,,,,,,,,,,,,
euroleague,25,2025,defensive,636,Maccabi Playtika Tel Aviv,Maccabi,22564,Lonnie Walker IV,SG,28,22:42,1362.3,,,124.1,8.7,,,,,,,,,,,,,,,,,,,,,,,,,,,115.4,57,65.1,-2.5,645,58.9,-1.8,452,41.2,-5.9,34.5,2.5,27.1,-3.5,27.7,0.7,12.4,-3.9
euroleague,25,2025,total,636,Maccabi Playtika Tel Aviv,Maccabi,23518,Oshae Brissett,SF,36,24:35,1475.3,115.3,-7,123.7,5.3,-8.4,-12.4,1698,62,1958,2107,-149,47.8,-3.6,,,,,,,,,,,,,,,,,,,,,,,,,,,,,,,,,,,
euroleague,25,2025,offensive,636,Maccabi Playtika Tel Aviv,Maccabi,23518,Oshae Brissett,SF,36,24:35,1475.3,115.3,-7,,,,,,62,,,,,,122.3,31.8,-7.2,833,53.4,0,627,42.9,1.3,34.4,-3.1,28.6,-0.4,25.4,-0.4,14.2,0.8,,,,,,,,,,,,,,,,,,
euroleague,25,2025,defensive,636,Maccabi Playtika Tel Aviv,Maccabi,23518,Oshae Brissett,SF,36,24:35,1475.3,,,123.7,5.3,,,,,,,,,,,,,,,,,,,,,,,,,,,118.4,62,64.9,0.2,824,60,0.6,650,44.1,-1.1,36,1.6,27.5,-1.2,29.5,3,14.2,-1.2
euroleague,25,2025,total,60,FC Barcelona,Barcelona,38480,Sayon Keita,C,6,08:35,515.7,111.4,-5.1,119.8,8.9,-8.4,-13.9,88,19,98,109,-11,50.5,-1,,,,,,,,,,,,,,,,,,,,,,,,,,,,,,,,,,,
euroleague,25,2025,offensive,60,FC Barcelona,Barcelona,38480,Sayon Keita,C,6,08:35,515.7,111.4,-5.1,,,,,,19,,,,,,116.4,32.7,-0.9,52,50,-3.2,32,38.1,2.2,28.1,-5.8,29.5,1.2,22.8,2.6,11.5,-0.8,,,,,,,,,,,,,,,,,,
euroleague,25,2025,defensive,60,FC Barcelona,Barcelona,38480,Sayon Keita,C,6,08:35,515.7,,,119.8,8.9,,,,,,,,,,,,,,,,,,,,,,,,,,,110.9,20,71.4,1.2,51,62.7,9.2,30,37,-3,30,-5.2,26.4,-1.5,27.2,4.5,10.7,-6
euroleague,25,2025,total,636,Maccabi Playtika Tel Aviv,Maccabi,21168,Tamir Blatt,PG,38,19:25,1165.8,115.2,-5.7,123.7,3.9,-8.5,-9.6,1410,49,1624,1725,-101,48.8,-1.2,,,,,,,,,,,,,,,,,,,,,,,,,,,,,,,,,,,
euroleague,25,2025,offensive,636,Maccabi Playtika Tel Aviv,Maccabi,21168,Tamir Blatt,PG,38,19:25,1165.8,115.2,-5.7,,,,,,49,,,,,,120.9,32.7,-3.4,727,54.2,0.8,483,39.9,-4.6,34.6,-1.3,30,2.4,27.9,3.9,14.6,1.7,,,,,,,,,,,,,,,,,,
euroleague,25,2025,defensive,636,Maccabi Playtika Tel Aviv,Maccabi,21168,Tamir Blatt,PG,38,19:25,1165.8,,,123.7,3.9,,,,,,,,,,,,,,,,,,,,,,,,,,,119.7,48,64.7,-1.2,699,60.1,0.8,560,44.5,0,33.6,-3.6,27.7,-0.7,27.3,-2.4,12.4,-4
euroleague,25,2025,total,583,Anadolu Efes Istanbul,Efes,22132,Sehmus Hazer,SG,33,13:11,791.2,113.3,1.8,121.8,5.9,-8.5,-4.1,769,33,871,951,-80,47.6,0.1,,,,,,,,,,,,,,,,,,,,,,,,,,,,,,,,,,,
euroleague,25,2025,offensive,583,Anadolu Efes Istanbul,Efes,22132,Sehmus Hazer,SG,33,13:11,791.2,113.3,1.8,,,,,,33,,,,,,111.5,29.4,1.3,393,54.5,0.3,260,39.8,-3.5,35.4,-0.3,29.4,1.8,23.3,-3.3,14.4,-1.1,,,,,,,,,,,,,,,,,,
euroleague,25,2025,defensive,583,Anadolu Efes Istanbul,Efes,22132,Sehmus Hazer,SG,33,13:11,791.2,,,121.8,5.9,,,,,,,,,,,,,,,,,,,,,,,,,,,115.9,33,66.1,-1,397,58.2,3.4,276,41,0.7,35.1,-0.7,29.7,1.4,27.4,-1.9,13.8,-1.5
euroleague,25,2025,total,389,EA7 Emporio Armani Milan,EA7 Armani,18487,Stefano Tonut,SG,10,08:58,538.2,115.6,-2.3,124.2,6.5,-8.6,-8.8,147,21,170,205,-35,45.5,-3.3,,,,,,,,,,,,,,,,,,,,,,,,,,,,,,,,,,,
euroleague,25,2025,offensive,389,EA7 Emporio Armani Milan,EA7 Armani,18487,Stefano Tonut,SG,10,08:58,538.2,115.6,-2.3,,,,,,21,,,,,,117.9,33.3,3.9,77,53.2,1.3,60,43.8,4,36.7,-2.6,29.3,2.3,28.4,0.7,14.5,1.6,,,,,,,,,,,,,,,,,,
euroleague,25,2025,defensive,389,EA7 Emporio Armani Milan,EA7 Armani,18487,Stefano Tonut,SG,10,08:58,538.2,,,124.2,6.5,,,,,,,,,,,,,,,,,,,,,,,,,,,117.7,23,60,-7.2,88,61.4,6.8,48,35.3,-2.7,33.3,-0.5,33.3,9.1,32.5,9.1,14.7,3.2
euroleague,25,2025,total,74,Crvena Zvezda Meridianbet Belgrade,C.Zvezda,22957,Devonte Graham,PG,7,11:22,682.7,102.8,-13.2,111.4,-11.7,-8.6,-1.5,142,27,146,156,-10,52,1.4,,,,,,,,,,,,,,,,,,,,,,,,,,,,,,,,,,,
euroleague,25,2025,offensive,74,Crvena Zvezda Meridianbet Belgrade,C.Zvezda,22957,Devonte Graham,PG,7,11:22,682.7,102.8,-13.2,,,,,,27,,,,,,116,37.3,4.6,71,53.5,-4.4,59,45.4,-2.3,27.1,-8.8,27.5,1.4,23.6,-0.5,15.3,0,,,,,,,,,,,,,,,,,,
euroleague,25,2025,defensive,74,Crvena Zvezda Meridianbet Belgrade,C.Zvezda,22957,Devonte Graham,PG,7,11:22,682.7,,,111.4,-11.7,,,,,,,,,,,,,,,,,,,,,,,,,,,123.2,27,66.2,-4.7,58,48.3,-16.5,67,53.6,7.3,34.3,-3.9,26.4,0.6,25.7,-4.6,15.7,-0.4
euroleague,25,2025,total,1220,FC Bayern Munich,Bayern,6629,Vladimir Lucic,SF,33,23:10,1390.2,107.7,-6.9,116.3,3,-8.6,-10,1397,59,1504,1621,-117,48.8,0.6,,,,,,,,,,,,,,,,,,,,,,,,,,,,,,,,,,,
euroleague,25,2025,offensive,1220,FC Bayern Munich,Bayern,6629,Vladimir Lucic,SF,33,23:10,1390.2,107.7,-6.9,,,,,,59,,,,,,114.6,28.7,-0.8,699,52.8,-5.7,496,41.5,-1.7,34.7,0.5,27.2,2.5,25.9,-0.4,16.3,2,,,,,,,,,,,,,,,,,,
euroleague,25,2025,defensive,1220,FC Bayern Munich,Bayern,6629,Vladimir Lucic,SF,33,23:10,1390.2,,,116.3,3,,,,,,,,,,,,,,,,,,,,,,,,,,,113.2,58,70.4,4.5,690,59.1,6.5,503,42.2,-1,34.8,-2,27.3,-5.9,27,1.8,15.3,-0.7
euroleague,25,2025,total,74,Crvena Zvezda Meridianbet Belgrade,C.Zvezda,20049,Joel Bolomboy,C,15,14:27,867.1,112.3,-6.2,121,7.4,-8.6,-13.5,381,34,428,467,-39,53.7,-0.1,,,,,,,,,,,,,,,,,,,,,,,,,,,,,,,,,,,
euroleague,25,2025,offensive,74,Crvena Zvezda Meridianbet Belgrade,C.Zvezda,20049,Joel Bolomboy,C,15,14:27,867.1,112.3,-6.2,,,,,,34,,,,,,118.5,40,2.9,211,51.2,-4.1,139,39.7,1.2,36.7,2.7,30.4,3.9,28.7,3.1,16.9,3.4,,,,,,,,,,,,,,,,,,
euroleague,25,2025,defensive,74,Crvena Zvezda Meridianbet Belgrade,C.Zvezda,20049,Joel Bolomboy,C,15,14:27,867.1,,,121,7.4,,,,,,,,,,,,,,,,,,,,,,,,,,,113.6,34,70.6,-0.5,175,56.6,1.6,144,45.1,1.7,45.1,11.4,26.2,-2.7,28.3,3.9,17.1,2.7
euroleague,25,2025,total,636,Maccabi Playtika Tel Aviv,Maccabi,24315,Jaylen Hoard,PF,35,28:50,1730.4,116,-7.1,124.7,15.4,-8.7,-22.6,1913,71,2219,2415,-196,48.5,-3.1,,,,,,,,,,,,,,,,,,,,,,,,,,,,,,,,,,,
euroleague,25,2025,offensive,636,Maccabi Playtika Tel Aviv,Maccabi,24315,Jaylen Hoard,PF,35,28:50,1730.4,116,-7.1,,,,,,71,,,,,,123.1,33.1,-3.4,984,52.9,-4.6,695,41.4,-2.2,35.1,0.1,27.3,-5.3,26,0.6,14.3,1.5,,,,,,,,,,,,,,,,,,
euroleague,25,2025,defensive,636,Maccabi Playtika Tel Aviv,Maccabi,24315,Jaylen Hoard,PF,35,28:50,1730.4,,,124.7,15.4,,,,,,,,,,,,,,,,,,,,,,,,,,,109.3,72,65,-1.6,978,60.9,5.3,736,42.9,-4.3,36.3,5.4,26.5,-4.7,29.8,6,13.6,-3.4
euroleague,25,2025,total,33,Panathinaikos AKTOR Athens,Panathinaikos,35967,Alexandros Samodurov,C,13,06:10,370.8,109.4,-12.6,118.2,6.4,-8.8,-19,138,15,151,175,-24,47.2,-3.3,,,,,,,,,,,,,,,,,,,,,,,,,,,,,,,,,,,
euroleague,25,2025,offensive,33,Panathinaikos AKTOR Athens,Panathinaikos,35967,Alexandros Samodurov,C,13,06:10,370.8,109.4,-12.6,,,,,,15,,,,,,122,25,-9.9,65,61.5,4,50,43.5,6.2,30,-5.9,26.8,-1.8,31.3,7.2,16.3,4.5,,,,,,,,,,,,,,,,,,
euroleague,25,2025,defensive,33,Panathinaikos AKTOR Athens,Panathinaikos,35967,Alexandros Samodurov,C,13,06:10,370.8,,,118.2,6.4,,,,,,,,,,,,,,,,,,,,,,,,,,,111.8,16,67.7,2.4,80,60,4,48,37.5,-6.6,33.3,3.1,29.1,2,23.2,-1.6,16,1.1
euroleague,25,2025,total,709,Kosner Baskonia Vitoria-Gasteiz,Baskonia,11069,Tadas Sedekerskis,PF/SF,13,23:52,1432.8,111.5,-6.4,120.5,2.7,-9,-9.1,584,60,651,706,-55,46.6,-3.7,,,,,,,,,,,,,,,,,,,,,,,,,,,,,,,,,,,
euroleague,25,2025,offensive,709,Kosner Baskonia Vitoria-Gasteiz,Baskonia,11069,Tadas Sedekerskis,PF/SF,13,23:52,1432.8,111.5,-6.4,,,,,,60,,,,,,117.9,28.3,-1.6,276,60.5,-2.5,224,44.8,2.1,31.7,-4.1,25.5,-2.1,28.7,1.5,15.3,-1.3,,,,,,,,,,,,,,,,,,
euroleague,25,2025,defensive,709,Kosner Baskonia Vitoria-Gasteiz,Baskonia,11069,Tadas Sedekerskis,PF/SF,13,23:52,1432.8,,,120.5,2.7,,,,,,,,,,,,,,,,,,,,,,,,,,,117.8,60,64.2,-4,310,52.3,3.4,218,41.3,3.2,39,-3,27.8,-2.4,23.9,-0.1,13.8,0.1
euroleague,25,2025,total,90,Virtus Segafredo Bologna,Virtus,8354,Daniel Hackett,PG,34,14:40,880.1,108.7,-4.5,117.9,1.1,-9.2,-5.6,903,36,982,1086,-104,50.8,2.5,,,,,,,,,,,,,,,,,,,,,,,,,,,,,,,,,,,
euroleague,25,2025,offensive,90,Virtus Segafredo Bologna,Virtus,8354,Daniel Hackett,PG,34,14:40,880.1,108.7,-4.5,,,,,,36,,,,,,113.3,33.2,3.8,425,53.9,-2.3,322,43.1,1.9,34.2,-2.3,29.1,2.4,28.5,1.2,17.9,1.6,,,,,,,,,,,,,,,,,,
euroleague,25,2025,defensive,90,Virtus Segafredo Bologna,Virtus,8354,Daniel Hackett,PG,34,14:40,880.1,,,117.9,1.1,,,,,,,,,,,,,,,,,,,,,,,,,,,116.9,37,67.7,1,406,54.2,-2.8,396,49.4,6.2,36.9,1.3,29.1,1.4,26.5,-1.3,14,-0.6
euroleague,25,2025,total,77,Partizan Mozzart Bet Belgrade,Partizan,17903,Cameron Payne,PG,10,23:20,1400.1,109.2,0.2,118.4,-6.8,-9.2,7,435,59,475,509,-34,47.7,-0.2,,,,,,,,,,,,,,,,,,,,,,,,,,,,,,,,,,,
euroleague,25,2025,offensive,77,Partizan Mozzart Bet Belgrade,Partizan,17903,Cameron Payne,PG,10,23:20,1400.1,109.2,0.2,,,,,,59,,,,,,109,26.1,0.2,204,54.9,-1.6,166,44.9,2.5,34.9,0.7,23.2,-3.2,25.4,-2.6,16.8,1,,,,,,,,,,,,,,,,,,
euroleague,25,2025,defensive,77,Partizan Mozzart Bet Belgrade,Partizan,17903,Cameron Payne,PG,10,23:20,1400.1,,,118.4,-6.8,,,,,,,,,,,,,,,,,,,,,,,,,,,125.2,58,69.3,-2.2,212,58.5,-5.8,173,44.9,4,39.3,2.6,25.8,-4.8,29.2,1.7,14.9,1.9
euroleague,25,2025,total,584,Fenerbahce Beko Istanbul,Fenerbahce,38816,Armando Bacot,C,26,10:07,607,109,-6,118.4,12.3,-9.3,-18.3,476,25,519,567,-48,50.6,-1.8,,,,,,,,,,,,,,,,,,,,,,,,,,,,,,,,,,,
euroleague,25,2025,offensive,584,Fenerbahce Beko Istanbul,Fenerbahce,38816,Armando Bacot,C,26,10:07,607,109,-6,,,,,,25,,,,,,115,30.5,-5.7,226,54,1.5,175,43.6,1.6,35.4,-1.8,26.9,0,23.9,2,17.7,1.5,,,,,,,,,,,,,,,,,,
euroleague,25,2025,defensive,584,Fenerbahce Beko Istanbul,Fenerbahce,38816,Armando Bacot,C,26,10:07,607,,,118.4,12.3,,,,,,,,,,,,,,,,,,,,,,,,,,,106.1,25,69.9,1.9,244,52,2.6,177,42,4.9,34.5,3.3,31.1,0.2,22.9,0.2,12.2,-3.2
euroleague,25,2025,total,74,Crvena Zvezda Meridianbet Belgrade,C.Zvezda,38889,Stefan Miljenovic,PG,13,06:53,413.2,107.9,-9.3,117.4,1.9,-9.4,-11.2,164,17,177,196,-19,52.6,-0.6,,,,,,,,,,,,,,,,,,,,,,,,,,,,,,,,,,,
euroleague,25,2025,offensive,74,Crvena Zvezda Meridianbet Belgrade,C.Zvezda,38889,Stefan Miljenovic,PG,13,06:53,413.2,107.9,-9.3,,,,,,17,,,,,,117.2,37.3,-1.5,94,54.3,-3.2,43,31.4,-5.4,32.6,-0.1,31.7,3.8,28.4,0.9,19.3,4.7,,,,,,,,,,,,,,,,,,
euroleague,25,2025,defensive,74,Crvena Zvezda Meridianbet Belgrade,C.Zvezda,38889,Stefan Miljenovic,PG,13,06:53,413.2,,,117.4,1.9,,,,,,,,,,,,,,,,,,,,,,,,,,,115.4,17,67.5,-0.5,86,55.8,-0.9,59,40.7,-3,39,3.6,32.3,5,30.6,3.9,16.7,1.2
euroleague,25,2025,total,77,Partizan Mozzart Bet Belgrade,Partizan,22972,Shake Milton,SG,23,18:37,1117.6,106.7,-7.3,116.2,2.2,-9.4,-9.5,772,45,824,905,-81,44.9,-6.8,,,,,,,,,,,,,,,,,,,,,,,,,,,,,,,,,,,
euroleague,25,2025,offensive,77,Partizan Mozzart Bet Belgrade,Partizan,22972,Shake Milton,SG,23,18:37,1117.6,106.7,-7.3,,,,,,45,,,,,,114,25.8,-6.2,451,52.3,-3.9,232,34,-4.7,31.9,-3.9,25.9,-0.8,23.9,-0.9,13.6,-2.9,,,,,,,,,,,,,,,,,,
euroleague,25,2025,defensive,77,Partizan Mozzart Bet Belgrade,Partizan,22972,Shake Milton,SG,23,18:37,1117.6,,,116.2,2.2,,,,,,,,,,,,,,,,,,,,,,,,,,,113.9,46,66.3,-4.3,384,57.6,5.3,250,39.4,-2.1,34.4,-5.1,29,0.5,27.2,0.5,16.2,0.7
euroleague,25,2025,total,1220,FC Bayern Munich,Bayern,23011,Wenyen Gabriel,C,36,16:55,1015,108.8,-5.1,118.3,6.7,-9.4,-11.7,1097,42,1194,1300,-106,49.4,1.1,,,,,,,,,,,,,,,,,,,,,,,,,,,,,,,,,,,
euroleague,25,2025,offensive,1220,FC Bayern Munich,Bayern,23011,Wenyen Gabriel,C,36,16:55,1015,108.8,-5.1,,,,,,42,,,,,,113.9,32,3.1,531,53.1,-2.4,410,43.6,1.4,36.3,1,26.3,0.9,25.9,-1.8,17,2.4,,,,,,,,,,,,,,,,,,
euroleague,25,2025,defensive,1220,FC Bayern Munich,Bayern,23011,Wenyen Gabriel,C,36,16:55,1015,,,118.3,6.7,,,,,,,,,,,,,,,,,,,,,,,,,,,111.6,42,67.2,-1.2,539,54.5,-3.1,400,42.6,-1.4,39.8,7.2,31.7,4.1,27,0.7,15.5,-0.6
euroleague,25,2025,total,583,Anadolu Efes Istanbul,Efes,36305,Cole Swider,PF,30,09:00,540.8,112.6,3.9,122.1,5.1,-9.5,-1.2,507,24,571,597,-26,42.8,-6.1,,,,,,,,,,,,,,,,,,,,,,,,,,,,,,,,,,,
euroleague,25,2025,offensive,583,Anadolu Efes Istanbul,Efes,36305,Cole Swider,PF,30,09:00,540.8,112.6,3.9,,,,,,24,,,,,,108.7,21.9,-8.1,225,54.2,0.8,214,48.7,7,34.6,-2.1,25.2,-3.6,25.2,0.2,12,-5.4,,,,,,,,,,,,,,,,,,
euroleague,25,2025,defensive,583,Anadolu Efes Istanbul,Efes,36305,Cole Swider,PF,30,09:00,540.8,,,122.1,5.1,,,,,,,,,,,,,,,,,,,,,,,,,,,116.9,23,65.3,-3.6,263,60.5,3.5,168,39,-4,31.5,-5.8,29.7,0.5,29,0.2,13.1,-3.1
euroleague,25,2025,total,3292,Paris Basketball,Paris,34870,Lamar Stevens,SF,23,19:57,1197.6,110.7,-8.1,120.2,4.5,-9.5,-12.6,882,49,976,1071,-95,46.5,-2.1,,,,,,,,,,,,,,,,,,,,,,,,,,,,,,,,,,,
euroleague,25,2025,offensive,3292,Paris Basketball,Paris,34870,Lamar Stevens,SF,23,19:57,1197.6,110.7,-8.1,,,,,,49,,,,,,118.8,29.6,-5.1,439,51.3,-2.7,318,42,-8.2,34.6,-5.2,28.2,2.9,18.1,-8.1,14.4,-0.5,,,,,,,,,,,,,,,,,,
euroleague,25,2025,defensive,3292,Paris Basketball,Paris,34870,Lamar Stevens,SF,23,19:57,1197.6,,,120.2,4.5,,,,,,,,,,,,,,,,,,,,,,,,,,,115.7,50,63,-0.9,434,54.6,-2.6,368,45.9,1.2,36.1,1.1,27.8,-0.7,28.3,-1.2,13.3,-4.3
euroleague,25,2025,total,709,Kosner Baskonia Vitoria-Gasteiz,Baskonia,21589,Kobi Simmons,PG,31,22:16,1336.5,113.3,-7,122.8,0.7,-9.6,-7.8,1304,56,1477,1593,-116,46.5,-4,,,,,,,,,,,,,,,,,,,,,,,,,,,,,,,,,,,
euroleague,25,2025,offensive,709,Kosner Baskonia Vitoria-Gasteiz,Baskonia,21589,Kobi Simmons,PG,31,22:16,1336.5,113.3,-7,,,,,,56,,,,,,120.3,27.6,-4.4,644,57.6,-0.6,449,41.1,-3.1,31.4,-6.1,29.2,2.1,23.4,-4.5,14.5,-0.5,,,,,,,,,,,,,,,,,,
euroleague,25,2025,defensive,709,Kosner Baskonia Vitoria-Gasteiz,Baskonia,21589,Kobi Simmons,PG,31,22:16,1336.5,,,122.8,0.7,,,,,,,,,,,,,,,,,,,,,,,,,,,122.1,55,66.4,-3,674,55.3,1.8,428,38.8,3.2,41.4,-0.7,29.4,1.1,24.1,-1.1,14.8,1.4
euroleague,25,2025,total,635,Hapoel Shlomo Tel Aviv,Hapoel,16872,Bar Timor,PG/SG,10,05:46,346.9,115.6,-10.2,125.2,10.9,-9.6,-21.1,109,14,126,139,-13,45.4,-4.4,,,,,,,,,,,,,,,,,,,,,,,,,,,,,,,,,,,
euroleague,25,2025,offensive,635,Hapoel Shlomo Tel Aviv,Hapoel,16872,Bar Timor,PG/SG,10,05:46,346.9,115.6,-10.2,,,,,,14,,,,,,125.8,23.5,-4.3,59,47.5,-14.6,37,38.5,1.6,48.6,9,23.9,-4.3,32.1,5.9,12.4,-0.4,,,,,,,,,,,,,,,,,,
euroleague,25,2025,defensive,635,Hapoel Shlomo Tel Aviv,Hapoel,16872,Bar Timor,PG/SG,10,05:46,346.9,,,125.2,10.9,,,,,,,,,,,,,,,,,,,,,,,,,,,114.3,15,64.9,-4.3,67,58.2,1.7,39,36.8,-1.5,30.8,-2.4,30.6,4,25.6,0.1,10.7,-4.2
euroleague,25,2025,total,583,Anadolu Efes Istanbul,Efes,35585,Kai Jones,C,36,15:27,927.6,110.3,-2,120,3.6,-9.7,-5.6,989,38,1091,1205,-114,45.9,-2.6,,,,,,,,,,,,,,,,,,,,,,,,,,,,,,,,,,,
euroleague,25,2025,offensive,583,Anadolu Efes Istanbul,Efes,35585,Kai Jones,C,36,15:27,927.6,110.3,-2,,,,,,38,,,,,,112.4,26.3,-3.2,493,57,4.2,337,40.6,-2.1,34.4,-1.6,26.8,-0.8,24.7,-0.8,16,1.2,,,,,,,,,,,,,,,,,,
euroleague,25,2025,defensive,583,Anadolu Efes Istanbul,Efes,35585,Kai Jones,C,36,15:27,927.6,,,120,3.6,,,,,,,,,,,,,,,,,,,,,,,,,,,116.4,39,64.5,-4.2,511,51.7,-5.7,353,40.9,-0.6,39.9,5.4,28.8,-0.2,29.6,2.6,14.8,-0.1
euroleague,25,2025,total,3359,Dubai Basketball,Dubai,34639,Kosta Kondic,PG,16,11:45,705.1,111.2,-7.2,121,-1.5,-9.7,-5.7,356,30,396,421,-25,46,-4.3,,,,,,,,,,,,,,,,,,,,,,,,,,,,,,,,,,,
euroleague,25,2025,offensive,3359,Dubai Basketball,Dubai,34639,Kosta Kondic,PG,16,11:45,705.1,111.2,-7.2,,,,,,30,,,,,,118.4,27.6,-3.5,160,58.8,5.9,127,44.3,9.3,30.7,-5,27.5,-0.7,26.1,1.2,16.5,4.6,,,,,,,,,,,,,,,,,,
euroleague,25,2025,defensive,3359,Dubai Basketball,Dubai,34639,Kosta Kondic,PG,16,11:45,705.1,,,121,-1.5,,,,,,,,,,,,,,,,,,,,,,,,,,,122.5,29,63.1,-6.3,202,54.5,0.5,115,36.3,-3.2,37.4,-3.7,35.1,9.2,24.4,-2.8,12.9,0.7
euroleague,25,2025,total,77,Partizan Mozzart Bet Belgrade,Partizan,15928,Jabari Parker,PF,15,19:14,1154.5,113,3.3,123,1.2,-9.9,2.1,529,49,598,637,-39,47.4,1,,,,,,,,,,,,,,,,,,,,,,,,,,,,,,,,,,,
euroleague,25,2025,offensive,77,Partizan Mozzart Bet Belgrade,Partizan,15928,Jabari Parker,PF,15,19:14,1154.5,113,3.3,,,,,,49,,,,,,109.7,30,1.8,300,53,-1.3,179,37.4,0.2,32.4,-2.6,27.8,2.2,22.5,0.6,12.5,-2.5,,,,,,,,,,,,,,,,,,
euroleague,25,2025,defensive,77,Partizan Mozzart Bet Belgrade,Partizan,15928,Jabari Parker,PF,15,19:14,1154.5,,,123,1.2,,,,,,,,,,,,,,,,,,,,,,,,,,,121.8,47,70.4,4.9,240,59.6,-2.9,185,43.5,-2,44.3,7.2,25.7,-2.9,30.4,3.6,16.4,1.1
euroleague,25,2025,total,583,Anadolu Efes Istanbul,Efes,19569,Rolands Smits,PF,35,18:57,1137.1,109.1,-2.1,119,2.4,-9.9,-4.5,1167,46,1273,1401,-128,48.3,1,,,,,,,,,,,,,,,,,,,,,,,,,,,,,,,,,,,
euroleague,25,2025,offensive,583,Anadolu Efes Istanbul,Efes,19569,Rolands Smits,PF,35,18:57,1137.1,109.1,-2.1,,,,,,46,,,,,,111.1,29.1,1.1,585,52.8,-3.1,417,41.6,0,33.8,-1.9,28.4,0.8,24.6,-0.8,15.4,-0.8,,,,,,,,,,,,,,,,,,
euroleague,25,2025,defensive,583,Anadolu Efes Istanbul,Efes,19569,Rolands Smits,PF,35,18:57,1137.1,,,119,2.4,,,,,,,,,,,,,,,,,,,,,,,,,,,116.6,47,69.3,3.1,583,56.9,1.7,405,41,-1.8,35.8,-0.8,30.2,2.3,29.3,2,14.5,-1.1
euroleague,25,2025,total,368,Real Madrid,Real,23503,Bruno Fernando,C,5,10:25,625,108,-8.3,118,8.7,-10,-17,88,25,95,105,-10,48.3,-5.4,,,,,,,,,,,,,,,,,,,,,,,,,,,,,,,,,,,
euroleague,25,2025,offensive,368,Real Madrid,Real,23503,Bruno Fernando,C,5,10:25,625,108,-8.3,,,,,,25,,,,,,116.2,37.8,3.4,42,57.1,-4.2,37,46.8,4.6,27,-2,29.5,0.8,27.3,4.4,16.2,2.9,,,,,,,,,,,,,,,,,,
euroleague,25,2025,defensive,368,Real Madrid,Real,23503,Bruno Fernando,C,5,10:25,625,,,118,8.7,,,,,,,,,,,,,,,,,,,,,,,,,,,109.3,25,59.5,-12.9,48,52.1,2.1,30,38.5,-4,40,4.6,31.5,2.5,23.3,2.6,15.1,1.4
euroleague,25,2025,total,77,Partizan Mozzart Bet Belgrade,Partizan,35461,Duane Washington Jr.,PG,23,21:55,1315.8,110.7,4.8,120.9,-1.9,-10.1,6.8,941,56,1042,1107,-65,48.6,3.6,,,,,,,,,,,,,,,,,,,,,,,,,,,,,,,,,,,
euroleague,25,2025,offensive,77,Partizan Mozzart Bet Belgrade,Partizan,35461,Duane Washington Jr.,PG,23,21:55,1315.8,110.7,4.8,,,,,,56,,,,,,105.9,30.2,4.4,526,53.2,-2,316,37.5,0,33.5,3.6,27.7,4.2,21.6,-3.3,13.8,-1.5,,,,,,,,,,,,,,,,,,
euroleague,25,2025,defensive,77,Partizan Mozzart Bet Belgrade,Partizan,35461,Duane Washington Jr.,PG,23,21:55,1315.8,,,120.9,-1.9,,,,,,,,,,,,,,,,,,,,,,,,,,,122.8,55,70.6,6.5,415,61.4,3.9,335,44.7,-0.4,40,1.7,28.9,1,27.6,-0.8,15.6,1.4
euroleague,25,2025,total,33,Panathinaikos AKTOR Athens,Panathinaikos,6826,Marius Grigonis,SG,19,05:48,348.6,117.3,3.4,128.1,14.3,-10.8,-10.9,202,14,237,255,-18,48.4,-1.6,,,,,,,,,,,,,,,,,,,,,,,,,,,,,,,,,,,
euroleague,25,2025,offensive,33,Panathinaikos AKTOR Athens,Panathinaikos,6826,Marius Grigonis,SG,19,05:48,348.6,117.3,3.4,,,,,,14,,,,,,113.9,27.2,-2.4,100,56,-0.1,73,42.2,4.5,38.4,3.6,30.7,4.4,28.4,3.6,14.5,0.5,,,,,,,,,,,,,,,,,,
euroleague,25,2025,defensive,33,Panathinaikos AKTOR Athens,Panathinaikos,6826,Marius Grigonis,SG,19,05:48,348.6,,,128.1,14.3,,,,,,,,,,,,,,,,,,,,,,,,,,,113.9,14,68.4,-3,90,60,0.5,90,50,9.4,35.6,2.5,32.2,7,30.8,2.4,8.3,-6
euroleague,25,2025,total,584,Fenerbahce Beko Istanbul,Fenerbahce,24340,Chris Silva,C,16,08:42,522.1,105.6,-9.8,116.4,2.2,-10.9,-12.1,252,22,266,298,-32,46.9,-3.5,,,,,,,,,,,,,,,,,,,,,,,,,,,,,,,,,,,
euroleague,25,2025,offensive,584,Fenerbahce Beko Istanbul,Fenerbahce,24340,Chris Silva,C,16,08:42,522.1,105.6,-9.8,,,,,,22,,,,,,115.4,32,-2.5,152,51.3,-5.5,74,32.7,-10.2,31.1,-3.4,24.6,-3.2,19.3,-3.5,16.4,1.7,,,,,,,,,,,,,,,,,,
euroleague,25,2025,defensive,584,Fenerbahce Beko Istanbul,Fenerbahce,24340,Chris Silva,C,16,08:42,522.1,,,116.4,2.2,,,,,,,,,,,,,,,,,,,,,,,,,,,114.2,22,63.2,-2.8,140,56.4,2.9,75,34.9,-4.2,32,-0.2,32,1.4,25.5,-0.3,15.8,2.1
euroleague,25,2025,total,77,Partizan Mozzart Bet Belgrade,Partizan,23436,Aleksej Pokusevski,SF/PF,27,12:03,723.7,105.3,-8.7,116.2,2.2,-10.9,-10.9,584,29,615,687,-72,48,-2.5,,,,,,,,,,,,,,,,,,,,,,,,,,,,,,,,,,,
euroleague,25,2025,offensive,77,Partizan Mozzart Bet Belgrade,Partizan,23436,Aleksej Pokusevski,SF/PF,27,12:03,723.7,105.3,-8.7,,,,,,29,,,,,,114,27.6,-4.2,303,51.2,-2.6,219,42,4.1,34.7,0.9,22.1,-5.7,25,2.1,14.9,0.9,,,,,,,,,,,,,,,,,,
euroleague,25,2025,defensive,77,Partizan Mozzart Bet Belgrade,Partizan,23436,Aleksej Pokusevski,SF/PF,27,12:03,723.7,,,116.2,2.2,,,,,,,,,,,,,,,,,,,,,,,,,,,114,29,69.9,-1.8,294,52.7,-4.1,196,40,-2,39.8,2,33.5,7.5,25.8,-2.4,15.3,-0.9
euroleague,25,2025,total,584,Fenerbahce Beko Istanbul,Fenerbahce,18915,Scottie Wilbekin,SG,6,14:49,889.5,104.9,-0.7,115.9,5.6,-11,-6.3,164,38,172,190,-18,48.6,-2.8,,,,,,,,,,,,,,,,,,,,,,,,,,,,,,,,,,,
euroleague,25,2025,offensive,584,Fenerbahce Beko Istanbul,Fenerbahce,18915,Scottie Wilbekin,SG,6,14:49,889.5,104.9,-0.7,,,,,,38,,,,,,105.6,30.1,-3.7,76,50,-2.6,66,46.5,6.7,33.3,1.5,32.3,5.4,20.9,0.1,16.4,-1.3,,,,,,,,,,,,,,,,,,
euroleague,25,2025,defensive,584,Fenerbahce Beko Istanbul,Fenerbahce,18915,Scottie Wilbekin,SG,6,14:49,889.5,,,115.9,5.6,,,,,,,,,,,,,,,,,,,,,,,,,,,110.3,38,76.4,8.5,75,66.7,16,50,40,1.9,38,8,28,-5.3,27.8,2.1,18.6,5
euroleague,25,2025,total,709,Kosner Baskonia Vitoria-Gasteiz,Baskonia,22805,Luka Samanic,C,5,13:48,828.2,116.5,6.1,127.7,5.3,-11.2,0.8,133,34,155,175,-20,45,-2.6,,,,,,,,,,,,,,,,,,,,,,,,,,,,,,,,,,,
euroleague,25,2025,offensive,709,Kosner Baskonia Vitoria-Gasteiz,Baskonia,22805,Luka Samanic,C,5,13:48,828.2,116.5,6.1,,,,,,34,,,,,,110.4,25.5,-8.9,48,64.6,6.7,54,52.9,5.8,33.3,0.9,33.8,11.4,29.5,2.6,17,0.8,,,,,,,,,,,,,,,,,,
euroleague,25,2025,defensive,709,Kosner Baskonia Vitoria-Gasteiz,Baskonia,22805,Luka Samanic,C,5,13:48,828.2,,,127.7,5.3,,,,,,,,,,,,,,,,,,,,,,,,,,,122.4,35,59.5,-1.9,74,48.6,-8.4,57,43.5,9.2,38.6,0.1,27.7,2.5,22.1,-0.8,10.8,-3.6
euroleague,25,2025,total,90,Virtus Segafredo Bologna,Virtus,24404,Carsen Edwards,PG,36,25:12,1512.4,109.9,-3.7,121.1,7.9,-11.2,-11.7,1687,64,1854,2012,-158,49.5,1.1,,,,,,,,,,,,,,,,,,,,,,,,,,,,,,,,,,,
euroleague,25,2025,offensive,90,Virtus Segafredo Bologna,Virtus,24404,Carsen Edwards,PG,36,25:12,1512.4,109.9,-3.7,,,,,,64,,,,,,113.6,31.9,2.6,858,54.1,-3.8,618,41.9,0.8,33.5,-3.2,27.4,-0.8,25,-7.9,15.9,-2,,,,,,,,,,,,,,,,,,
euroleague,25,2025,defensive,90,Virtus Segafredo Bologna,Virtus,24404,Carsen Edwards,PG,36,25:12,1512.4,,,121.1,7.9,,,,,,,,,,,,,,,,,,,,,,,,,,,113.2,63,68.9,5.1,819,59.1,6.5,636,43.7,-3.5,38.4,4.4,26.6,-3.9,29.6,3.9,14.2,-0.6
euroleague,25,2025,total,709,Kosner Baskonia Vitoria-Gasteiz,Baskonia,38963,Stefan Joksimovic,PG,11,05:56,356.5,109.8,-2.7,121.2,-3,-11.4,0.3,122,15,134,143,-9,55.7,7.7,,,,,,,,,,,,,,,,,,,,,,,,,,,,,,,,,,,
euroleague,25,2025,offensive,709,Kosner Baskonia Vitoria-Gasteiz,Baskonia,38963,Stefan Joksimovic,PG,11,05:56,356.5,109.8,-2.7,,,,,,15,,,,,,112.5,40.4,7.1,49,65.3,10.8,52,51.5,8,36.5,4.3,23.8,-4.9,35.1,12.1,22.4,7.5,,,,,,,,,,,,,,,,,,
euroleague,25,2025,defensive,709,Kosner Baskonia Vitoria-Gasteiz,Baskonia,38963,Stefan Joksimovic,PG,11,05:56,356.5,,,121.2,-3,,,,,,,,,,,,,,,,,,,,,,,,,,,124.1,14,73.3,9.4,56,57.1,2.3,40,41.7,1.8,50,10.2,22,-7.2,27.1,5.5,17.7,3.4
euroleague,25,2025,total,709,Kosner Baskonia Vitoria-Gasteiz,Baskonia,23599,Eugene Omoruyi,C,23,20:13,1213.6,117.1,0.8,128.5,9.3,-11.4,-8.5,893,50,1046,1154,-108,45.3,-5.8,,,,,,,,,,,,,,,,,,,,,,,,,,,,,,,,,,,
euroleague,25,2025,offensive,709,Kosner Baskonia Vitoria-Gasteiz,Baskonia,23599,Eugene Omoruyi,C,23,20:13,1213.6,117.1,0.8,,,,,,50,,,,,,116.4,28.3,-4.3,428,55.8,0.1,316,42.5,-0.6,34.8,-0.2,30.5,2.7,25.9,2.7,14,-2.1,,,,,,,,,,,,,,,,,,
euroleague,25,2025,defensive,709,Kosner Baskonia Vitoria-Gasteiz,Baskonia,23599,Eugene Omoruyi,C,23,20:13,1213.6,,,128.5,9.3,,,,,,,,,,,,,,,,,,,,,,,,,,,119.2,51,64.6,-4.4,449,58.1,4.4,304,40.4,7,44.7,7.1,27.4,-1.7,27.4,6.7,15.2,2.3
euroleague,25,2025,total,635,Hapoel Shlomo Tel Aviv,Hapoel,24758,Tomer Ginat,PF,14,09:48,588.2,103.5,-15.7,114.9,9.3,-11.4,-24.9,257,25,266,300,-34,50.9,0.4,,,,,,,,,,,,,,,,,,,,,,,,,,,,,,,,,,,
euroleague,25,2025,offensive,635,Hapoel Shlomo Tel Aviv,Hapoel,24758,Tomer Ginat,PF,14,09:48,588.2,103.5,-15.7,,,,,,25,,,,,,119.2,29.5,-0.4,125,56,-3.9,84,40.2,1.5,32.1,-1.6,27.2,-0.9,26.7,5.1,18.6,4,,,,,,,,,,,,,,,,,,
euroleague,25,2025,defensive,635,Hapoel Shlomo Tel Aviv,Hapoel,24758,Tomer Ginat,PF,14,09:48,588.2,,,114.9,9.3,,,,,,,,,,,,,,,,,,,,,,,,,,,105.7,25,70.8,2.5,120,57.5,5.1,106,46.9,8.8,34.9,3.9,22.6,-4.2,28,6.1,14.2,-2
euroleague,25,2025,total,3292,Paris Basketball,Paris,35500,Daulton Hommes,SF/PF,21,13:35,815.1,111.2,-6.6,122.8,6.7,-11.6,-13.3,555,34,617,690,-73,47.9,-2.4,,,,,,,,,,,,,,,,,,,,,,,,,,,,,,,,,,,
euroleague,25,2025,offensive,3292,Paris Basketball,Paris,35500,Daulton Hommes,SF/PF,21,13:35,815.1,111.2,-6.6,,,,,,34,,,,,,117.8,32.1,-4.7,244,45.9,-6.5,243,49.9,4.3,37.4,-1.8,26.8,1.5,23,0.9,15.1,-0.1,,,,,,,,,,,,,,,,,,
euroleague,25,2025,defensive,3292,Paris Basketball,Paris,35500,Daulton Hommes,SF/PF,21,13:35,815.1,,,122.8,6.7,,,,,,,,,,,,,,,,,,,,,,,,,,,116.1,34,67.2,3,248,52.4,-2.3,193,43.8,-3.4,41.5,4.9,32,4.7,29.6,3.2,15.7,-0.3
euroleague,25,2025,total,700,LDLC ASVEL Villeurbanne,ASVEL,35048,Armel Traore,SF,36,15:53,953.7,103.6,-5.5,115.8,-3.7,-12.3,-1.9,1031,39,1068,1192,-124,47.7,-0.7,,,,,,,,,,,,,,,,,,,,,,,,,,,,,,,,,,,
euroleague,25,2025,offensive,700,LDLC ASVEL Villeurbanne,ASVEL,35048,Armel Traore,SF,36,15:53,953.7,103.6,-5.5,,,,,,39,,,,,,109.1,31.2,-0.5,484,50.6,-0.9,397,45.1,2.1,33,-0.2,25.5,-2.3,23.7,-1.1,17.1,2.6,,,,,,,,,,,,,,,,,,
euroleague,25,2025,defensive,700,LDLC ASVEL Villeurbanne,ASVEL,35048,Armel Traore,SF,36,15:53,953.7,,,115.8,-3.7,,,,,,,,,,,,,,,,,,,,,,,,,,,119.5,39,64.8,-4.3,562,57.1,-2.8,341,37.8,-2.8,32,-6.5,30.6,0.1,27.6,-2,14.5,-2
euroleague,25,2025,total,583,Anadolu Efes Istanbul,Efes,21746,P.J. Dozier,SG,26,21:58,1318.9,106.8,-8.7,119.4,8,-12.6,-16.7,1003,53,1071,1199,-128,46.6,0.4,,,,,,,,,,,,,,,,,,,,,,,,,,,,,,,,,,,
euroleague,25,2025,offensive,583,Anadolu Efes Istanbul,Efes,21746,P.J. Dozier,SG,26,21:58,1318.9,106.8,-8.7,,,,,,53,,,,,,115.5,28.4,4.2,537,49.3,-11.2,354,39.7,-6.2,35.6,-0.6,24.4,-6.2,23.6,-5.2,14.2,-1.6,,,,,,,,,,,,,,,,,,
euroleague,25,2025,defensive,583,Anadolu Efes Istanbul,Efes,21746,P.J. Dozier,SG,26,21:58,1318.9,,,119.4,8,,,,,,,,,,,,,,,,,,,,,,,,,,,111.4,53,67.4,1.4,476,53.6,0.3,361,43.1,2.2,42.7,10.1,28.3,-0.9,28.5,2.7,16.1,-0.2
euroleague,25,2025,total,90,Virtus Segafredo Bologna,Virtus,24449,Alen Smailagic,PF/C,31,16:29,989.2,109,-2.2,121.7,5.4,-12.7,-7.6,943,41,1028,1148,-120,47.1,-3.2,,,,,,,,,,,,,,,,,,,,,,,,,,,,,,,,,,,
euroleague,25,2025,offensive,90,Virtus Segafredo Bologna,Virtus,24449,Alen Smailagic,PF/C,31,16:29,989.2,109,-2.2,,,,,,41,,,,,,111.2,28.7,-3.7,427,57.1,3.9,362,45.9,8.5,35.6,1.5,26.4,-1.6,28,0.7,17.9,1.8,,,,,,,,,,,,,,,,,,
euroleague,25,2025,defensive,90,Virtus Segafredo Bologna,Virtus,24449,Alen Smailagic,PF/C,31,16:29,989.2,,,121.7,5.4,,,,,,,,,,,,,,,,,,,,,,,,,,,116.4,41,66.7,-1,476,59.9,3.6,343,41.9,-3.5,38.2,2.5,27.9,-0.5,28.2,0.1,15,0.8
euroleague,25,2025,total,677,Valencia Basket,Valencia,35909,Nathan Sestina,PF,3,09:38,578.7,121.1,-3.1,133.9,19.6,-12.8,-22.7,57,25,69,79,-10,52.7,-4.6,,,,,,,,,,,,,,,,,,,,,,,,,,,,,,,,,,,
euroleague,25,2025,offensive,677,Valencia Basket,Valencia,35909,Nathan Sestina,PF,3,09:38,578.7,121.1,-3.1,,,,,,25,,,,,,124.1,50,11.8,28,53.6,-8.2,24,46.2,-0.2,41.7,3.1,22.8,-4.8,29.3,0.7,18.3,2.5,,,,,,,,,,,,,,,,,,
euroleague,25,2025,defensive,677,Valencia Basket,Valencia,35909,Nathan Sestina,PF,3,09:38,578.7,,,133.9,19.6,,,,,,,,,,,,,,,,,,,,,,,,,,,114.3,25,55.6,-21.5,41,58.5,0.6,16,28.1,-10.8,37.5,0,28.8,2,19.4,-9.7,12.7,-2.9
euroleague,25,2025,total,700,LDLC ASVEL Villeurbanne,ASVEL,37492,Paul Eboua,PF,18,18:45,1125.7,109.6,3.8,123,10.2,-13.4,-6.4,607,46,665,750,-85,46.9,-1.8,,,,,,,,,,,,,,,,,,,,,,,,,,,,,,,,,,,
euroleague,25,2025,offensive,700,LDLC ASVEL Villeurbanne,ASVEL,37492,Paul Eboua,PF,18,18:45,1125.7,109.6,3.8,,,,,,46,,,,,,105.8,27.5,-3.4,298,52,0.9,240,44.6,0.6,34.6,1.4,25.9,-0.4,24,-2.8,13.3,-2.2,,,,,,,,,,,,,,,,,,
euroleague,25,2025,defensive,700,LDLC ASVEL Villeurbanne,ASVEL,37492,Paul Eboua,PF,18,18:45,1125.7,,,123,10.2,,,,,,,,,,,,,,,,,,,,,,,,,,,112.7,47,70.3,0,308,61.4,2,185,37.5,0.3,37.8,5.4,32.3,3.1,26.6,-2.3,15,-1.1
euroleague,25,2025,total,368,Real Madrid,Real,14004,Alex Len,C,23,09:10,550,105.2,-20.5,118.7,8.4,-13.5,-29,388,23,408,464,-56,51.5,-3.9,,,,,,,,,,,,,,,,,,,,,,,,,,,,,,,,,,,
euroleague,25,2025,offensive,368,Real Madrid,Real,14004,Alex Len,C,23,09:10,550,105.2,-20.5,,,,,,23,,,,,,125.7,32.5,-3,195,48.7,-9.8,137,41.3,-2.8,29.9,-10.7,29.9,2.4,23,-5.9,15.6,1,,,,,,,,,,,,,,,,,,
euroleague,25,2025,defensive,368,Real Madrid,Real,14004,Alex Len,C,23,09:10,550,,,118.7,8.4,,,,,,,,,,,,,,,,,,,,,,,,,,,110.2,23,72,-1.1,226,55.3,6.8,136,37.6,-3.9,36,-1.3,28.1,1.9,23.2,1,10.6,-2.8
euroleague,25,2025,total,3359,Dubai Basketball,Dubai,35913,Kenan Kamenjas,C,28,10:51,651.7,114,-5.8,127.6,13.5,-13.6,-19.2,543,26,619,688,-69,48.9,-1.5,,,,,,,,,,,,,,,,,,,,,,,,,,,,,,,,,,,
euroleague,25,2025,offensive,3359,Dubai Basketball,Dubai,35913,Kenan Kamenjas,C,28,10:51,651.7,114,-5.8,,,,,,26,,,,,,119.8,32.8,2.3,278,51.4,-5.5,194,41.1,5.6,33,-0.2,31.9,3.9,24.5,-1.2,13.4,1.1,,,,,,,,,,,,,,,,,,
euroleague,25,2025,defensive,3359,Dubai Basketball,Dubai,35913,Kenan Kamenjas,C,28,10:51,651.7,,,127.6,13.5,,,,,,,,,,,,,,,,,,,,,,,,,,,114.2,26,66.4,-2.2,293,53.9,1.1,191,39.5,0.7,42.4,6.5,31.4,3,26.6,2.6,11.9,-1.4
euroleague,25,2025,total,3292,Paris Basketball,Paris,20847,Ismael Bako,C,9,09:15,555.1,108.8,-4.1,122.7,12.7,-13.9,-16.8,159,22,173,200,-27,51.6,-0.4,,,,,,,,,,,,,,,,,,,,,,,,,,,,,,,,,,,
euroleague,25,2025,offensive,3292,Paris Basketball,Paris,20847,Ismael Bako,C,9,09:15,555.1,108.8,-4.1,,,,,,22,,,,,,112.9,40.2,2.6,69,40.6,-11.7,66,48.9,1.7,37.9,6.4,31.4,3.5,23,3.1,16.1,1.7,,,,,,,,,,,,,,,,,,
euroleague,25,2025,defensive,3292,Paris Basketball,Paris,20847,Ismael Bako,C,9,09:15,555.1,,,122.7,12.7,,,,,,,,,,,,,,,,,,,,,,,,,,,110,23,63.6,-4.5,67,50.7,1,72,51.8,2.4,41.7,6.3,27,-4.8,35.2,8.5,16.8,-0.4
euroleague,25,2025,total,460,Olympiacos Piraeus,Olympiacos,21604,Monte Morris,PG,8,11:32,692.5,115.4,-11.8,129.6,21,-14.1,-32.8,162,28,187,206,-19,55.2,-2.3,,,,,,,,,,,,,,,,,,,,,,,,,,,,,,,,,,,
euroleague,25,2025,offensive,460,Olympiacos Piraeus,Olympiacos,21604,Monte Morris,PG,8,11:32,692.5,115.4,-11.8,,,,,,28,,,,,,127.2,40.3,1,73,52.1,-13.1,58,44.3,0.2,32.8,-1.4,35.2,3.7,27,-6.6,15.5,0,,,,,,,,,,,,,,,,,,
euroleague,25,2025,defensive,460,Olympiacos Piraeus,Olympiacos,21604,Monte Morris,PG,8,11:32,692.5,,,129.6,21,,,,,,,,,,,,,,,,,,,,,,,,,,,108.5,27,70.1,-4.2,82,58.5,-3.2,71,46.4,0.1,42.3,13.2,27.7,4,31.3,4.1,10.4,-6.5
euroleague,25,2025,total,700,LDLC ASVEL Villeurbanne,ASVEL,38539,Bastien Vautier,C,38,12:45,765,105.4,-2.9,119.6,2.2,-14.2,-5.2,886,32,934,1048,-114,48.8,1.3,,,,,,,,,,,,,,,,,,,,,,,,,,,,,,,,,,,
euroleague,25,2025,offensive,700,LDLC ASVEL Villeurbanne,ASVEL,38539,Bastien Vautier,C,38,12:45,765,105.4,-2.9,,,,,,32,,,,,,108.3,30.4,-1.1,456,52.4,1.1,302,39.8,-5.1,31.1,-2.6,27.3,0.5,27,4,16,1.2,,,,,,,,,,,,,,,,,,
euroleague,25,2025,defensive,700,LDLC ASVEL Villeurbanne,ASVEL,38539,Bastien Vautier,C,38,12:45,765,,,119.6,2.2,,,,,,,,,,,,,,,,,,,,,,,,,,,117.4,31,70.5,4.8,418,59.6,1.2,314,42.9,5.1,37.9,3.3,31.5,1.5,31.3,4.4,15,-0.9
euroleague,25,2025,total,1220,FC Bayern Munich,Bayern,22416,Xavier Rathan-Mayes,SG/PG,32,15:13,913.6,103.5,-11.2,118,5.4,-14.5,-16.6,860,37,890,1023,-133,46.6,-3.9,,,,,,,,,,,,,,,,,,,,,,,,,,,,,,,,,,,
euroleague,25,2025,offensive,1220,FC Bayern Munich,Bayern,22416,Xavier Rathan-Mayes,SG/PG,32,15:13,913.6,103.5,-11.2,,,,,,37,,,,,,114.7,27.6,-4.2,426,50.7,-5.9,341,44.5,3.1,31.7,-5.8,25,-1.1,21,-8.4,14.6,-1.9,,,,,,,,,,,,,,,,,,
euroleague,25,2025,defensive,1220,FC Bayern Munich,Bayern,22416,Xavier Rathan-Mayes,SG/PG,32,15:13,913.6,,,118,5.4,,,,,,,,,,,,,,,,,,,,,,,,,,,112.6,37,68.5,-0.5,429,57.3,2,311,42,-1.5,37.3,1.2,32.1,3.7,27.7,1,14.9,-2
euroleague,25,2025,total,700,LDLC ASVEL Villeurbanne,ASVEL,37628,Melvin Ajinca,SF,31,17:41,1061.2,106.1,-3.2,121.1,3.9,-15,-7,1021,44,1083,1229,-146,46.6,-2.5,,,,,,,,,,,,,,,,,,,,,,,,,,,,,,,,,,,
euroleague,25,2025,offensive,700,LDLC ASVEL Villeurbanne,ASVEL,37628,Melvin Ajinca,SF,31,17:41,1061.2,106.1,-3.2,,,,,,44,,,,,,109.2,31.1,-0.7,489,52.1,1,394,44.6,0.8,32.5,-1.1,26.7,0,23.8,-1.2,15.9,1.3,,,,,,,,,,,,,,,,,,
euroleague,25,2025,defensive,700,LDLC ASVEL Villeurbanne,ASVEL,37628,Melvin Ajinca,SF,31,17:41,1061.2,,,121.1,3.9,,,,,,,,,,,,,,,,,,,,,,,,,,,117.2,44,64.8,-4.6,528,59.7,-0.2,325,38.1,-1.8,36.6,1.9,30.5,0.1,28.5,0.3,15.6,-0.1
euroleague,25,2025,total,583,Anadolu Efes Istanbul,Efes,38677,Brice Dessert,C,17,12:55,775.4,101.3,-5.5,116.8,-1.1,-15.4,-4.4,380,32,385,453,-68,50.6,3.5,,,,,,,,,,,,,,,,,,,,,,,,,,,,,,,,,,,
euroleague,25,2025,offensive,583,Anadolu Efes Istanbul,Efes,38677,Brice Dessert,C,17,12:55,775.4,101.3,-5.5,,,,,,32,,,,,,106.8,33.1,7.5,200,50.5,-3.4,110,35.5,-7,33.6,-1.2,32.9,5.8,24.6,-3.2,18.9,2.3,,,,,,,,,,,,,,,,,,
euroleague,25,2025,defensive,583,Anadolu Efes Istanbul,Efes,38677,Brice Dessert,C,17,12:55,775.4,,,116.8,-1.1,,,,,,,,,,,,,,,,,,,,,,,,,,,117.8,32,69.7,1,194,59.8,7,135,41,-4.2,37,-1.1,26.8,-2.8,33.1,6.7,16.4,2.1
euroleague,25,2025,total,74,Crvena Zvezda Meridianbet Belgrade,C.Zvezda,24103,Jasiel Rivero,C,9,09:49,589.7,109.1,-7.8,124.8,6.5,-15.8,-14.3,165,24,180,206,-26,47.1,-6.6,,,,,,,,,,,,,,,,,,,,,,,,,,,,,,,,,,,
euroleague,25,2025,offensive,74,Crvena Zvezda Meridianbet Belgrade,C.Zvezda,24103,Jasiel Rivero,C,9,09:49,589.7,109.1,-7.8,,,,,,24,,,,,,116.9,27,-11.3,85,51.8,-3,50,37,-1.1,38,3.2,25.5,-0.1,31.6,6.2,16.2,1.5,,,,,,,,,,,,,,,,,,
euroleague,25,2025,defensive,74,Crvena Zvezda Meridianbet Belgrade,C.Zvezda,24103,Jasiel Rivero,C,9,09:49,589.7,,,124.8,6.5,,,,,,,,,,,,,,,,,,,,,,,,,,,118.4,24,70.3,-0.6,84,63.1,7.4,49,36.8,-7.9,38.8,-0.7,28.5,-0.6,30.7,4.2,16.8,1.5
euroleague,25,2025,total,77,Partizan Mozzart Bet Belgrade,Partizan,16598,Vanja Marinkovic,SG/SF,19,20:26,1226.4,105.7,-8.2,121.5,-4.9,-15.8,-3.3,717,51,758,880,-122,46.6,0.5,,,,,,,,,,,,,,,,,,,,,,,,,,,,,,,,,,,
euroleague,25,2025,offensive,77,Partizan Mozzart Bet Belgrade,Partizan,16598,Vanja Marinkovic,SG/SF,19,20:26,1226.4,105.7,-8.2,,,,,,51,,,,,,113.9,28.5,1.2,385,53.5,-1.7,250,39.4,1.6,31.6,-2.5,25.2,-1.8,23.1,-0.3,15,1.6,,,,,,,,,,,,,,,,,,
euroleague,25,2025,defensive,77,Partizan Mozzart Bet Belgrade,Partizan,16598,Vanja Marinkovic,SG/SF,19,20:26,1226.4,,,121.5,-4.9,,,,,,,,,,,,,,,,,,,,,,,,,,,126.4,52,68.5,1.3,319,62.1,-0.1,286,47.3,1.6,41.3,0.3,27.6,1.2,29.6,0,16.6,2.5
euroleague,25,2025,total,700,LDLC ASVEL Villeurbanne,ASVEL,38819,Adam Atamna,PG/SG,17,10:24,624.3,96.2,-11.9,112.3,-13.3,-16.1,1.4,317,26,305,346,-41,48.3,0.6,,,,,,,,,,,,,,,,,,,,,,,,,,,,,,,,,,,
euroleague,25,2025,offensive,700,LDLC ASVEL Villeurbanne,ASVEL,38819,Adam Atamna,PG/SG,17,10:24,624.3,96.2,-11.9,,,,,,26,,,,,,108.1,31.8,-1.8,152,48.7,-0.5,138,47.6,3.6,26.1,-9.6,28.7,2.1,19.2,-5.6,14.7,-1.9,,,,,,,,,,,,,,,,,,
euroleague,25,2025,defensive,700,LDLC ASVEL Villeurbanne,ASVEL,38819,Adam Atamna,PG/SG,17,10:24,624.3,,,112.3,-13.3,,,,,,,,,,,,,,,,,,,,,,,,,,,125.7,25,68.5,4.3,148,58.1,-5.3,98,39.8,-0.7,29.6,-7.5,32.1,1.5,29.2,-1.3,16.4,1.4
euroleague,25,2025,total,677,Valencia Basket,Valencia,23401,Ikenna Iroegbu,PG,2,12:20,740.5,110.2,-12.7,126.5,23.7,-16.3,-36.4,49,32,54,62,-8,55.3,-5.6,,,,,,,,,,,,,,,,,,,,,,,,,,,,,,,,,,,
euroleague,25,2025,offensive,677,Valencia Basket,Valencia,23401,Ikenna Iroegbu,PG,2,12:20,740.5,110.2,-12.7,,,,,,32,,,,,,122.9,48,3.8,22,45.5,-12.2,19,46.3,-0.6,42.1,7.3,28.6,1,25.5,-2.6,23,8.9,,,,,,,,,,,,,,,,,,
euroleague,25,2025,defensive,677,Valencia Basket,Valencia,23401,Ikenna Iroegbu,PG,2,12:20,740.5,,,126.5,23.7,,,,,,,,,,,,,,,,,,,,,,,,,,,102.8,32,63.6,-13.7,29,55.2,0.8,14,32.6,-5.5,42.9,14.3,30.6,6.1,20.4,-4.6,14,-1.2
euroleague,25,2025,total,700,LDLC ASVEL Villeurbanne,ASVEL,9534,Thomas Heurtel,PG/SG,25,19:28,1168.2,104.9,-5.1,121.4,8.6,-16.5,-13.7,932,50,978,1101,-123,48.3,-1,,,,,,,,,,,,,,,,,,,,,,,,,,,,,,,,,,,
euroleague,25,2025,offensive,700,LDLC ASVEL Villeurbanne,ASVEL,9534,Thomas Heurtel,PG/SG,25,19:28,1168.2,104.9,-5.1,,,,,,50,,,,,,110.1,30.4,-1.3,456,51.5,-4.4,355,43.8,1.3,33.2,1.8,24.2,-4.5,27.1,3.4,16,0.4,,,,,,,,,,,,,,,,,,
euroleague,25,2025,defensive,700,LDLC ASVEL Villeurbanne,ASVEL,9534,Thomas Heurtel,PG/SG,25,19:28,1168.2,,,121.4,8.6,,,,,,,,,,,,,,,,,,,,,,,,,,,112.8,49,70.1,2.1,447,62,7.1,289,39.3,1.3,35.6,0.5,32.1,2.2,27.2,1,14.5,-2.2
euroleague,25,2025,total,3359,Dubai Basketball,Dubai,16636,Nemanja Dangubic,SF,14,07:40,460.1,109.6,-15,126.2,5.6,-16.5,-20.6,187,18,205,246,-41,44.8,-4.8,,,,,,,,,,,,,,,,,,,,,,,,,,,,,,,,,,,
euroleague,25,2025,offensive,3359,Dubai Basketball,Dubai,16636,Nemanja Dangubic,SF,14,07:40,460.1,109.6,-15,,,,,,18,,,,,,124.6,29.1,-0.1,119,51.3,-6,53,30.8,-7.1,26.4,-11.1,28.9,-0.7,20.8,-6.3,9.2,-3.9,,,,,,,,,,,,,,,,,,
euroleague,25,2025,defensive,3359,Dubai Basketball,Dubai,16636,Nemanja Dangubic,SF,14,07:40,460.1,,,126.2,5.6,,,,,,,,,,,,,,,,,,,,,,,,,,,120.5,19,62.6,-4.4,95,58.9,6.2,74,43.8,6.2,37.8,-0.9,39,11.1,24.2,-1,13.5,1.4
euroleague,25,2025,total,583,Anadolu Efes Istanbul,Efes,6702,Rodrigue Beaubois,SG,21,12:24,744.3,101.4,-11.6,118,1.1,-16.6,-12.7,486,32,493,550,-57,42.1,-8.3,,,,,,,,,,,,,,,,,,,,,,,,,,,,,,,,,,,
euroleague,25,2025,offensive,583,Anadolu Efes Istanbul,Efes,6702,Rodrigue Beaubois,SG,21,12:24,744.3,101.4,-11.6,,,,,,32,,,,,,113,18.6,-12.9,244,53.3,2.7,161,39.8,0.4,31.7,-5.6,22.8,-6.2,26.4,2.1,15.2,0.9,,,,,,,,,,,,,,,,,,
euroleague,25,2025,defensive,583,Anadolu Efes Istanbul,Efes,6702,Rodrigue Beaubois,SG,21,12:24,744.3,,,118,1.1,,,,,,,,,,,,,,,,,,,,,,,,,,,116.9,31,65.3,-5.2,258,55,2.4,154,37.4,-3.2,31.2,-9.1,27.5,-2.1,29.8,2.6,14,-0.4
euroleague,25,2025,total,368,Real Madrid,Real,38817,Izan Almansa,PF/C,3,03:12,192.7,93.8,-34.1,110.5,-3.1,-16.8,-31,16,7,15,21,-6,58.8,1.1,,,,,,,,,,,,,,,,,,,,,,,,,,,,,,,,,,,
euroleague,25,2025,offensive,368,Real Madrid,Real,38817,Izan Almansa,PF/C,3,03:12,192.7,93.8,-34.1,,,,,,7,,,,,,127.9,25,-18.6,4,50,-4.5,8,66.7,20.2,37.5,-0.9,31.3,1.4,23.1,-7.5,27.8,14.7,,,,,,,,,,,,,,,,,,
euroleague,25,2025,defensive,368,Real Madrid,Real,38817,Izan Almansa,PF/C,3,03:12,192.7,,,110.5,-3.1,,,,,,,,,,,,,,,,,,,,,,,,,,,113.7,8,88.9,16.9,12,75,19.3,6,33.3,-9.7,0,-35,21.1,-5.3,31.6,6.2,5,-8.7
euroleague,25,2025,total,3359,Dubai Basketball,Dubai,14046,Danilo Andjusic,SG,1,04:00,240,71.4,-25.4,88.9,-36.9,-17.5,11.5,7,10,5,8,-3,20,-20.9,,,,,,,,,,,,,,,,,,,,,,,,,,,,,,,,,,,
euroleague,25,2025,offensive,3359,Dubai Basketball,Dubai,14046,Danilo Andjusic,SG,1,04:00,240,71.4,-25.4,,,,,,10,,,,,,96.9,0,-25,1,0,-50,3,75,39.4,0,-19,71.4,48,0,-26.2,0,-11,,,,,,,,,,,,,,,,,,
euroleague,25,2025,defensive,3359,Dubai Basketball,Dubai,14046,Danilo Andjusic,SG,1,04:00,240,,,88.9,-36.9,,,,,,,,,,,,,,,,,,,,,,,,,,,125.8,13,100,40,2,100,43.8,2,50,11.5,0,-40,33.3,1.1,16.7,-7.1,33.3,18.5
euroleague,25,2025,total,700,LDLC ASVEL Villeurbanne,ASVEL,9540,David Lighty,SF,33,18:34,1114.2,103.2,-7.1,122.1,7.3,-18.9,-14.4,1125,46,1161,1375,-214,47,-1.8,,,,,,,,,,,,,,,,,,,,,,,,,,,,,,,,,,,
euroleague,25,2025,offensive,700,LDLC ASVEL Villeurbanne,ASVEL,9540,David Lighty,SF,33,18:34,1114.2,103.2,-7.1,,,,,,46,,,,,,110.3,29.8,-2.8,558,50.2,-2.7,418,42.8,-1.1,31.1,-4.1,24.9,-3.2,24.2,-0.7,15.7,-0.1,,,,,,,,,,,,,,,,,,
euroleague,25,2025,defensive,700,LDLC ASVEL Villeurbanne,ASVEL,9540,David Lighty,SF,33,18:34,1114.2,,,122.1,7.3,,,,,,,,,,,,,,,,,,,,,,,,,,,114.8,46,67.6,0.8,571,60.9,3.3,364,38.9,-1.1,37.6,3.1,31.5,1.7,29.8,2,15.1,-1.6
euroleague,25,2025,total,636,Maccabi Playtika Tel Aviv,Maccabi,22683,Uros Trifunovic,SF,1,03:10,190,166.7,62.1,185.7,73.2,-19,-11.2,6,8,10,13,-3,25,-20.6,,,,,,,,,,,,,,,,,,,,,,,,,,,,,,,,,,,
euroleague,25,2025,offensive,636,Maccabi Playtika Tel Aviv,Maccabi,22683,Uros Trifunovic,SF,1,03:10,190,166.7,62.1,,,,,,8,,,,,,104.6,50,19.4,2,100,47.2,4,66.7,27.7,50,28.3,0,-32.3,50,23.8,14.3,-0.2,,,,,,,,,,,,,,,,,,
euroleague,25,2025,defensive,636,Maccabi Playtika Tel Aviv,Maccabi,22683,Uros Trifunovic,SF,1,03:10,190,,,185.7,73.2,,,,,,,,,,,,,,,,,,,,,,,,,,,112.5,10,0,-62.5,6,83.3,25.3,1,14.3,-33.2,0,-32.1,28.6,0.4,0,-23.8,11.1,-6
euroleague,25,2025,total,460,Olympiacos Piraeus,Olympiacos,34872,Saben Lee,PG,11,11:24,684.4,107.9,-22.4,127.2,8,-19.2,-30.4,227,29,245,295,-50,48.4,-2.4,,,,,,,,,,,,,,,,,,,,,,,,,,,,,,,,,,,
euroleague,25,2025,offensive,460,Olympiacos Piraeus,Olympiacos,34872,Saben Lee,PG,11,11:24,684.4,107.9,-22.4,,,,,,29,,,,,,130.3,31.5,-7.3,101,52.5,-9.9,83,45.1,3.2,32.5,-3.7,28.6,-3.8,25.9,-2,16,2.6,,,,,,,,,,,,,,,,,,
euroleague,25,2025,defensive,460,Olympiacos Piraeus,Olympiacos,34872,Saben Lee,PG,11,11:24,684.4,,,127.2,8,,,,,,,,,,,,,,,,,,,,,,,,,,,119.2,29,65.5,4.8,132,54.5,2.5,80,37.7,-7.4,38.8,0.7,28,4,26.8,2.2,11.5,-2
euroleague,25,2025,total,90,Virtus Segafredo Bologna,Virtus,37036,Brandon Taylor,PG,11,07:30,450.5,93.8,-18.5,114,-0.4,-20.2,-18.1,146,18,137,163,-26,48.4,-0.8,,,,,,,,,,,,,,,,,,,,,,,,,,,,,,,,,,,
euroleague,25,2025,offensive,90,Virtus Segafredo Bologna,Virtus,37036,Brandon Taylor,PG,11,07:30,450.5,93.8,-18.5,,,,,,18,,,,,,112.3,26.9,-5.1,58,53.4,-2.4,56,49.1,9.1,32.1,-3.4,30.1,3.9,31.7,5.5,23.2,5.7,,,,,,,,,,,,,,,,,,
euroleague,25,2025,defensive,90,Virtus Segafredo Bologna,Virtus,37036,Brandon Taylor,PG,11,07:30,450.5,,,114,-0.4,,,,,,,,,,,,,,,,,,,,,,,,,,,114.4,18,72.1,6.7,73,64.4,10,50,40.7,-3.1,28,-5.2,25.2,-5.9,25.5,0.6,14.4,-1.1
euroleague,25,2025,total,90,Virtus Segafredo Bologna,Virtus,38702,Francesco Ferrari,PF,12,09:35,575.5,98.6,-11.7,121.1,-2.6,-22.5,-9.1,214,24,211,264,-53,51.2,1.2,,,,,,,,,,,,,,,,,,,,,,,,,,,,,,,,,,,
euroleague,25,2025,offensive,90,Virtus Segafredo Bologna,Virtus,38702,Francesco Ferrari,PF,12,09:35,575.5,98.6,-11.7,,,,,,24,,,,,,110.3,34.5,2.8,120,50.8,-0.3,63,34.4,-5.3,20.6,-16,29.4,2.3,21.4,-4.4,16.7,0.3,,,,,,,,,,,,,,,,,,
euroleague,25,2025,defensive,90,Virtus Segafredo Bologna,Virtus,38702,Francesco Ferrari,PF,12,09:35,575.5,,,121.1,-2.6,,,,,,,,,,,,,,,,,,,,,,,,,,,123.7,25,69.3,0.9,112,57.1,-2.7,86,43.4,-4.4,38.4,0.6,25.7,-2,30,-0.3,11.6,-1.3
euroleague,25,2025,total,77,Partizan Mozzart Bet Belgrade,Partizan,23803,Mario Nakic,SF,1,06:13,373,100,-23.4,127.3,25.7,-27.3,-49.1,12,16,12,14,-2,50,-7.4,,,,,,,,,,,,,,,,,,,,,,,,,,,,,,,,,,,
euroleague,25,2025,offensive,77,Partizan Mozzart Bet Belgrade,Partizan,23803,Mario Nakic,SF,1,06:13,373,100,-23.4,,,,,,16,,,,,,123.4,33.3,-3.3,12,50,-4.1,0,0,-32.7,,,0,-29.7,16.7,-7.6,14.3,2.3,,,,,,,,,,,,,,,,,,
euroleague,25,2025,defensive,77,Partizan Mozzart Bet Belgrade,Partizan,23803,Mario Nakic,SF,1,06:13,373,,,127.3,25.7,,,,,,,,,,,,,,,,,,,,,,,,,,,101.6,15,62.5,-14.9,3,66.7,13.5,10,76.9,37.3,30,6.2,18.2,-6.8,30.8,2.9,7.1,-6.9
euroleague,25,2025,total,460,Olympiacos Piraeus,Olympiacos,19687,Giannoulis Larentzakis,SG,7,02:59,179.4,105.3,-25.1,133.3,19,-28.1,-44.1,38,8,40,56,-16,54.8,2.1,,,,,,,,,,,,,,,,,,,,,,,,,,,,,,,,,,,
euroleague,25,2025,offensive,460,Olympiacos Piraeus,Olympiacos,19687,Giannoulis Larentzakis,SG,7,02:59,179.4,105.3,-25.1,,,,,,8,,,,,,130.4,31.8,-3.4,18,55.6,-10.5,18,50,8.1,27.8,-7.2,18.4,-14.6,30.8,-0.7,13.3,-0.3,,,,,,,,,,,,,,,,,,
euroleague,25,2025,defensive,460,Olympiacos Piraeus,Olympiacos,19687,Giannoulis Larentzakis,SG,7,02:59,179.4,,,133.3,19,,,,,,,,,,,,,,,,,,,,,,,,,,,114.3,8,80,12.8,21,71.4,18,18,46.2,4.9,27.8,-5.9,21.4,-3.6,22.7,0.7,4.3,-9.1
euroleague,25,2025,total,460,Olympiacos Piraeus,Olympiacos,22666,Moustapha Fall,C,2,06:43,403,112.5,-4.2,140.9,36.1,-28.4,-40.2,24,16,27,31,-4,64,11.5,,,,,,,,,,,,,,,,,,,,,,,,,,,,,,,,,,,
euroleague,25,2025,offensive,460,Olympiacos Piraeus,Olympiacos,22666,Moustapha Fall,C,2,06:43,403,112.5,-4.2,,,,,,16,,,,,,116.7,40,13.7,13,69.2,11.9,14,51.9,12.6,14.3,-19.8,29.2,4.6,25,-7,6.7,-6.8,,,,,,,,,,,,,,,,,,
euroleague,25,2025,defensive,460,Olympiacos Piraeus,Olympiacos,22666,Moustapha Fall,C,2,06:43,403,,,140.9,36.1,,,,,,,,,,,,,,,,,,,,,,,,,,,104.8,15,100,24.6,11,45.5,-6,9,45,3.1,66.7,29.9,22.7,1.8,36.4,8.3,0,-13.6
euroleague,25,2025,total,77,Partizan Mozzart Bet Belgrade,Partizan,37625,Mitar Bosnjakovic,SG,3,03:08,188,100,-11,128.6,5.3,-28.6,-16.3,16,7,16,27,-11,46.7,-2.8,,,,,,,,,,,,,,,,,,,,,,,,,,,,,,,,,,,
euroleague,25,2025,offensive,77,Partizan Mozzart Bet Belgrade,Partizan,37625,Mitar Bosnjakovic,SG,3,03:08,188,100,-11,,,,,,7,,,,,,111,25,-7.3,9,55.6,6.1,6,40,-4.1,16.7,-19.2,12.5,-19.1,0,-20.1,11.1,-4.2,,,,,,,,,,,,,,,,,,
euroleague,25,2025,defensive,77,Partizan Mozzart Bet Belgrade,Partizan,37625,Mitar Bosnjakovic,SG,3,03:08,188,,,128.6,5.3,,,,,,,,,,,,,,,,,,,,,,,,,,,123.3,9,71.4,1.1,11,54.5,-1.8,7,38.9,-7.1,57.1,12.5,23.8,-6.4,31.6,3.2,17.4,0.1
euroleague,25,2025,total,368,Real Madrid,Real,35875,Gabriele Procida,SF,8,04:59,299.3,98.7,-25.5,127.8,17.3,-29.2,-42.8,75,13,74,101,-27,49.3,-7.8,,,,,,,,,,,,,,,,,,,,,,,,,,,,,,,,,,,
euroleague,25,2025,offensive,368,Real Madrid,Real,35875,Gabriele Procida,SF,8,04:59,299.3,98.7,-25.5,,,,,,13,,,,,,124.2,26.5,-14.2,32,56.3,1.2,28,46.7,3.8,25,-12.2,30.7,2.5,25,0.2,19,5.7,,,,,,,,,,,,,,,,,,
euroleague,25,2025,defensive,368,Real Madrid,Real,35875,Gabriele Procida,SF,8,04:59,299.3,,,127.8,17.3,,,,,,,,,,,,,,,,,,,,,,,,,,,110.5,13,68.3,-4.6,45,48.9,-2.5,32,41.6,4.2,40.6,7.1,27.8,0.2,20,-1.3,7.6,-4.9
euroleague,25,2025,total,460,Olympiacos Piraeus,Olympiacos,22987,Kostas Antetokounmpo,C,4,05:40,340.3,97.6,-18.1,126.8,14.5,-29.3,-32.6,41,14,40,52,-12,52.2,-0.5,,,,,,,,,,,,,,,,,,,,,,,,,,,,,,,,,,,
euroleague,25,2025,offensive,460,Olympiacos Piraeus,Olympiacos,22987,Kostas Antetokounmpo,C,4,05:40,340.3,97.6,-18.1,,,,,,14,,,,,,115.6,36.4,2.7,21,66.7,15.4,16,43.2,2,18.8,-14.2,24.4,-9.4,24.4,1.7,16.3,2.1,,,,,,,,,,,,,,,,,,
euroleague,25,2025,defensive,460,Olympiacos Piraeus,Olympiacos,22987,Kostas Antetokounmpo,C,4,05:40,340.3,,,126.8,14.5,,,,,,,,,,,,,,,,,,,,,,,,,,,112.3,14,66.7,-3.1,18,50,-1.7,18,50,11.6,22.2,-13.7,48.8,25,23.9,1.2,6.1,-5.2
euroleague,25,2025,total,700,LDLC ASVEL Villeurbanne,ASVEL,24482,Mehdy Ngouama,PG,12,10:45,645.3,89.6,-18.6,119.7,-1.4,-30,-17.2,231,27,207,274,-67,46.1,-0.2,,,,,,,,,,,,,,,,,,,,,,,,,,,,,,,,,,,
euroleague,25,2025,offensive,700,LDLC ASVEL Villeurbanne,ASVEL,24482,Mehdy Ngouama,PG,12,10:45,645.3,89.6,-18.6,,,,,,27,,,,,,108.2,32.5,-0.9,102,47.1,-2.2,85,45.5,2.3,23.5,-8.3,27.3,-2,20.7,-0.9,19,4.5,,,,,,,,,,,,,,,,,,
euroleague,25,2025,defensive,700,LDLC ASVEL Villeurbanne,ASVEL,24482,Mehdy Ngouama,PG,12,10:45,645.3,,,119.7,-1.4,,,,,,,,,,,,,,,,,,,,,,,,,,,121.1,27,59.5,-2.4,116,56.9,-2.7,93,44.5,6,32.3,-3.2,32.8,2.2,28.6,-1.1,13.8,-1.9
euroleague,25,2025,total,3359,Dubai Basketball,Dubai,39134,Taran Armstrong,PG,7,05:42,342.9,88.6,-33.8,119.4,9.8,-30.9,-43.6,70,14,62,86,-24,48.1,-4.8,,,,,,,,,,,,,,,,,,,,,,,,,,,,,,,,,,,
euroleague,25,2025,offensive,3359,Dubai Basketball,Dubai,39134,Taran Armstrong,PG,7,05:42,342.9,88.6,-33.8,,,,,,14,,,,,,122.3,36.2,2.7,37,48.6,-6.2,32,46.4,9.3,15.6,-19.7,27.1,-6.8,13.2,-14.6,12.6,-1.4,,,,,,,,,,,,,,,,,,
euroleague,25,2025,defensive,3359,Dubai Basketball,Dubai,39134,Taran Armstrong,PG,7,05:42,342.9,,,119.4,9.8,,,,,,,,,,,,,,,,,,,,,,,,,,,109.6,14,64.7,-4.2,41,53.7,7.3,20,32.8,-10.8,30,-7.1,33.3,4.1,25.3,3.3,10.7,-3.1
euroleague,25,2025,total,636,Maccabi Playtika Tel Aviv,Maccabi,38820,Clifford Omoruyi,C,3,05:22,322,125.9,6,157.1,25.2,-31.2,-19.2,27,12,34,44,-10,46.7,0.3,,,,,,,,,,,,,,,,,,,,,,,,,,,,,,,,,,,
euroleague,25,2025,offensive,636,Maccabi Playtika Tel Aviv,Maccabi,38820,Clifford Omoruyi,C,3,05:22,322,125.9,6,,,,,,12,,,,,,119.9,52.9,16,15,40,-7.3,14,48.3,1.7,28.6,-10.9,33.3,1.2,17.6,-8.8,5.6,-7.3,,,,,,,,,,,,,,,,,,
euroleague,25,2025,defensive,636,Maccabi Playtika Tel Aviv,Maccabi,38820,Clifford Omoruyi,C,3,05:22,322,,,157.1,25.2,,,,,,,,,,,,,,,,,,,,,,,,,,,132,13,38.5,-18.7,13,69.2,9,13,50,1.5,38.5,-1.3,32.1,0.2,41.9,13.6,13.9,0.2
euroleague,25,2025,total,583,Anadolu Efes Istanbul,Efes,35489,David Mutaf,SG,8,06:13,373.3,107.2,-4.1,140.7,20.4,-33.5,-24.5,83,15,89,121,-32,47.4,-0.3,,,,,,,,,,,,,,,,,,,,,,,,,,,,,,,,,,,
euroleague,25,2025,offensive,583,Anadolu Efes Istanbul,Efes,35489,David Mutaf,SG,8,06:13,373.3,107.2,-4.1,,,,,,15,,,,,,111.3,34.2,5.6,45,55.6,-1.2,25,35.7,-5.1,32,-1.7,24.1,-3.9,22.1,-5.5,19.8,2.8,,,,,,,,,,,,,,,,,,
euroleague,25,2025,defensive,583,Anadolu Efes Istanbul,Efes,35489,David Mutaf,SG,8,06:13,373.3,,,140.7,20.4,,,,,,,,,,,,,,,,,,,,,,,,,,,120.3,15,60,-6.2,56,53.6,-2.6,28,33.3,-8.2,46.4,10.3,25.6,-3.6,33.3,2.7,5.9,-7.7
euroleague,25,2025,total,1220,FC Bayern Munich,Bayern,18611,Leon Kratzer,C,9,06:26,386.6,87.4,-26.6,121.6,5,-34.2,-31.6,103,16,90,124,-34,49,0.4,,,,,,,,,,,,,,,,,,,,,,,,,,,,,,,,,,,
euroleague,25,2025,offensive,1220,FC Bayern Munich,Bayern,18611,Leon Kratzer,C,9,06:26,386.6,87.4,-26.6,,,,,,16,,,,,,114,23.1,-7.5,54,46.3,-13.3,39,41.9,-3.3,30.8,0,18.4,-12.7,21.1,-5.6,17.4,3.7,,,,,,,,,,,,,,,,,,
euroleague,25,2025,defensive,1220,FC Bayern Munich,Bayern,18611,Leon Kratzer,C,9,06:26,386.6,,,121.6,5,,,,,,,,,,,,,,,,,,,,,,,,,,,116.6,16,77.1,9.3,52,48.1,-10.9,35,40.2,-3.4,42.9,6.5,41.2,11.2,29,2.3,11.5,-5.3
euroleague,25,2025,total,74,Crvena Zvezda Meridianbet Belgrade,C.Zvezda,37475,Uros Plavsic,C,7,05:04,304.7,95.5,-24.4,130.9,25.8,-35.4,-50.2,67,13,64,89,-25,53.1,-0.9,,,,,,,,,,,,,,,,,,,,,,,,,,,,,,,,,,,
euroleague,25,2025,offensive,74,Crvena Zvezda Meridianbet Belgrade,C.Zvezda,37475,Uros Plavsic,C,7,05:04,304.7,95.5,-24.4,,,,,,13,,,,,,120,36.1,-3.9,35,34.3,-23.3,20,36.4,-3.3,50,13.9,19.4,-11.9,22.2,-5.8,21.3,5.7,,,,,,,,,,,,,,,,,,
euroleague,25,2025,defensive,74,Crvena Zvezda Meridianbet Belgrade,C.Zvezda,37475,Uros Plavsic,C,7,05:04,304.7,,,130.9,25.8,,,,,,,,,,,,,,,,,,,,,,,,,,,105.1,13,75,8.5,32,59.4,7.2,26,44.8,-1.3,42.3,11,30.9,1.5,26.5,2.3,9.3,-6.8
euroleague,25,2025,total,584,Fenerbahce Beko Istanbul,Fenerbahce,14693,Melih Mahmutoglu,SG,7,05:58,358.1,112.3,0.2,149.3,42.8,-37,-42.6,73,14,82,109,-27,45.5,-5.5,,,,,,,,,,,,,,,,,,,,,,,,,,,,,,,,,,,
euroleague,25,2025,offensive,584,Fenerbahce Beko Istanbul,Fenerbahce,14693,Melih Mahmutoglu,SG,7,05:58,358.1,112.3,0.2,,,,,,14,,,,,,112.2,40.5,12.7,29,44.8,-13.1,34,54,11.2,38.2,3.8,27.4,-3,19.2,-2.3,17,-0.5,,,,,,,,,,,,,,,,,,
euroleague,25,2025,defensive,584,Fenerbahce Beko Istanbul,Fenerbahce,14693,Melih Mahmutoglu,SG,7,05:58,358.1,,,149.3,42.8,,,,,,,,,,,,,,,,,,,,,,,,,,,106.5,14,51.7,-18.5,39,59,6.7,21,35,-0.9,47.6,22.8,42.5,8.8,20.5,-1.4,10.3,-3.6
euroleague,25,2025,total,389,EA7 Emporio Armani Milan,EA7 Armani,35352,Ousmane Diop,PF,2,06:39,399.5,79.2,-31.6,117.4,13.8,-38.2,-45.4,24,18,19,27,-8,40,-13.7,,,,,,,,,,,,,,,,,,,,,,,,,,,,,,,,,,,
euroleague,25,2025,offensive,389,EA7 Emporio Armani Milan,EA7 Armani,35352,Ousmane Diop,PF,2,06:39,399.5,79.2,-31.6,,,,,,18,,,,,,110.8,11.1,-25,9,44.4,2.2,4,30.8,-2.9,0,-41.7,33.3,7.2,15.8,-6.8,24,10.5,,,,,,,,,,,,,,,,,,
euroleague,25,2025,defensive,389,EA7 Emporio Armani Milan,EA7 Armani,35352,Ousmane Diop,PF,2,06:39,399.5,,,117.4,13.8,,,,,,,,,,,,,,,,,,,,,,,,,,,103.6,17,56.3,-14.7,10,30,-19.2,13,56.5,13.8,38.5,8.9,21.7,-3.5,11.5,-15,13.3,0.9
euroleague,25,2025,total,635,Hapoel Shlomo Tel Aviv,Hapoel,23364,Guy Palatin,PG,10,02:10,130,81.1,-44.1,122.2,4.1,-41.1,-48.2,37,5,30,55,-25,40,-11.3,,,,,,,,,,,,,,,,,,,,,,,,,,,,,,,,,,,
euroleague,25,2025,offensive,635,Hapoel Shlomo Tel Aviv,Hapoel,23364,Guy Palatin,PG,10,02:10,130,81.1,-44.1,,,,,,5,,,,,,125.2,30,-2.5,15,26.7,-32.8,16,51.6,14.4,37.5,-2.6,18.9,-9.9,23.5,-0.7,20.9,7,,,,,,,,,,,,,,,,,,
euroleague,25,2025,defensive,635,Hapoel Shlomo Tel Aviv,Hapoel,23364,Guy Palatin,PG,10,02:10,130,,,122.2,4.1,,,,,,,,,,,,,,,,,,,,,,,,,,,118.1,6,48,-20.7,22,63.6,5.7,22,50,15.3,18.2,-13.9,33.3,5.4,23.5,-1.3,12.1,-1.4
euroleague,25,2025,total,77,Partizan Mozzart Bet Belgrade,Partizan,22650,Aleksa Radanov,SG,10,06:48,408.4,77.9,-42,126.4,22.7,-48.5,-64.7,122,16,95,163,-68,42.6,-10.7,,,,,,,,,,,,,,,,,,,,,,,,,,,,,,,,,,,
euroleague,25,2025,offensive,77,Partizan Mozzart Bet Belgrade,Partizan,22650,Aleksa Radanov,SG,10,06:48,408.4,77.9,-42,,,,,,16,,,,,,119.9,21.3,-11.9,61,45.9,-8,38,38.4,1.8,26.3,-10,22.1,-3.3,19,-7.4,22.2,10.2,,,,,,,,,,,,,,,,,,
euroleague,25,2025,defensive,77,Partizan Mozzart Bet Belgrade,Partizan,22650,Aleksa Radanov,SG,10,06:48,408.4,,,126.4,22.7,,,,,,,,,,,,,,,,,,,,,,,,,,,103.7,17,70.2,-3.9,66,57.6,3.8,37,35.9,-2.2,48.6,19.2,32.6,6.2,33.3,7.4,16.1,0
euroleague,25,2025,total,33,Panathinaikos AKTOR Athens,Panathinaikos,16597,Ioannis Kouzeloglou,SF/PF,3,05:38,338.3,78.8,-31.3,130.3,25.7,-51.5,-57,33,15,26,43,-17,38.9,-12.9,,,,,,,,,,,,,,,,,,,,,,,,,,,,,,,,,,,
euroleague,25,2025,offensive,33,Panathinaikos AKTOR Athens,Panathinaikos,16597,Ioannis Kouzeloglou,SF/PF,3,05:38,338.3,78.8,-31.3,,,,,,15,,,,,,110.1,26.3,-4.5,15,40,-16.1,12,44.4,6.1,16.7,-12.8,30.3,-0.9,12.1,-12.2,13.2,-1.6,,,,,,,,,,,,,,,,,,
euroleague,25,2025,defensive,33,Panathinaikos AKTOR Athens,Panathinaikos,16597,Ioannis Kouzeloglou,SF/PF,3,05:38,338.3,,,130.3,25.7,,,,,,,,,,,,,,,,,,,,,,,,,,,104.6,14,52.9,-22.4,18,72.2,13.7,14,43.8,11,21.4,-2.6,30.3,4.1,24.3,-2,9.8,-5.6
euroleague,25,2025,total,3359,Dubai Basketball,Dubai,35776,Matt Ryan,SF,2,06:23,383.5,73.9,-29.4,150,23,-76.1,-52.3,23,16,17,33,-16,43.5,2.3,,,,,,,,,,,,,,,,,,,,,,,,,,,,,,,,,,,
euroleague,25,2025,offensive,3359,Dubai Basketball,Dubai,35776,Matt Ryan,SF,2,06:23,383.5,73.9,-29.4,,,,,,16,,,,,,103.3,30.8,3.6,10,50,-1.3,10,50,20.4,20,1.3,13,-13.4,28.6,5.6,22.2,9.4,,,,,,,,,,,,,,,,,,
euroleague,25,2025,defensive,3359,Dubai Basketball,Dubai,35776,Matt Ryan,SF,2,06:23,383.5,,,150,23,,,,,,,,,,,,,,,,,,,,,,,,,,,127,15,60,-1.2,14,64.3,-2.4,9,39.1,4.2,44.4,14.7,22.7,-5.1,20.8,-2.1,7.7,-5.8
euroleague,25,2025,total,77,Partizan Mozzart Bet Belgrade,Partizan,37526,Miikka Muurinen,PF/SF,6,01:49,109.5,88.9,-28.2,166.7,43.2,-77.8,-71.4,18,4,16,35,-19,50,4.3,,,,,,,,,,,,,,,,,,,,,,,,,,,,,,,,,,,
euroleague,25,2025,offensive,77,Partizan Mozzart Bet Belgrade,Partizan,37526,Miikka Muurinen,PF/SF,6,01:49,109.5,88.9,-28.2,,,,,,4,,,,,,117.1,45.5,17.3,14,35.7,-22,4,22.2,-19.1,25,-8.3,33.3,3.5,20,-0.9,13,0.5,,,,,,,,,,,,,,,,,,
euroleague,25,2025,defensive,77,Partizan Mozzart Bet Belgrade,Partizan,37526,Miikka Muurinen,PF/SF,6,01:49,109.5,,,166.7,43.2,,,,,,,,,,,,,,,,,,,,,,,,,,,123.4,5,55.6,-10.5,6,100,38.9,12,66.7,25,41.7,-0.4,47.6,22.5,40.9,12.5,12,-4.9
euroleague,25,2025,total,635,Hapoel Shlomo Tel Aviv,Hapoel,12194,Itay Segev,PF,1,02:59,179,33.3,-120.4,112.5,0.4,-79.2,-120.8,6,8,2,9,-7,33.3,-28.5,,,,,,,,,,,,,,,,,,,,,,,,,,,,,,,,,,,
euroleague,25,2025,offensive,635,Hapoel Shlomo Tel Aviv,Hapoel,12194,Itay Segev,PF,1,02:59,179,33.3,-120.4,,,,,,8,,,,,,153.7,0,-38.1,4,25,-51.9,1,20,-15,0,-47.6,16.7,-5.7,0,-34.8,16.7,4.7,,,,,,,,,,,,,,,,,,
euroleague,25,2025,defensive,635,Hapoel Shlomo Tel Aviv,Hapoel,12194,Itay Segev,PF,1,02:59,179,,,112.5,0.4,,,,,,,,,,,,,,,,,,,,,,,,,,,112.1,11,60,-16.5,3,100,45,5,62.5,30.3,0,-26.3,62.5,36.7,22.2,-6.1,10,0.5
euroleague,25,2025,total,709,Kosner Baskonia Vitoria-Gasteiz,Baskonia,37417,Vit Hrabar,SF,4,02:33,153.3,76.2,-54.7,163.6,50.3,-87.4,-105,21,7,16,36,-20,21.1,-30,,,,,,,,,,,,,,,,,,,,,,,,,,,,,,,,,,,
euroleague,25,2025,offensive,709,Kosner Baskonia Vitoria-Gasteiz,Baskonia,37417,Vit Hrabar,SF,4,02:33,153.3,76.2,-54.7,,,,,,7,,,,,,130.9,18.2,-11.4,7,57.1,-9,9,56.3,14.4,11.1,-26.9,23.8,-6.3,21.1,-7.4,17.4,4.1,,,,,,,,,,,,,,,,,,
euroleague,25,2025,defensive,709,Kosner Baskonia Vitoria-Gasteiz,Baskonia,37417,Vit Hrabar,SF,4,02:33,153.3,,,163.6,50.3,,,,,,,,,,,,,,,,,,,,,,,,,,,113.3,7,25,-45,15,73.3,20.5,7,31.8,-8,42.9,4.6,22.7,-6.3,19.2,-4.3,7.1,-9.2
euroleague,25,2025,total,77,Partizan Mozzart Bet Belgrade,Partizan,39296,Uros Mijailovic,SF,5,02:23,143.8,60.9,-54.9,153.8,37.1,-93,-92,23,6,14,40,-26,41.7,-6.8,,,,,,,,,,,,,,,,,,,,,,,,,,,,,,,,,,,
euroleague,25,2025,offensive,77,Partizan Mozzart Bet Belgrade,Partizan,39296,Uros Mijailovic,SF,5,02:23,143.8,60.9,-54.9,,,,,,6,,,,,,115.7,22.2,-7.2,8,25,-36.7,7,46.7,2.5,28.6,-4,17.4,-10.6,22.2,-1.6,28,12.3,,,,,,,,,,,,,,,,,,
euroleague,25,2025,defensive,77,Partizan Mozzart Bet Belgrade,Partizan,39296,Uros Mijailovic,SF,5,02:23,143.8,,,153.8,37.1,,,,,,,,,,,,,,,,,,,,,,,,,,,116.8,7,100,31.3,8,62.5,4.2,7,46.7,8.1,85.7,43.9,34.6,8.1,50,24.6,23.1,4.9
euroleague,25,2025,total,368,Real Madrid,Real,39004,Gunars Grinvalds,SF,1,00:48,48,0,-123.2,200,100,-200,-223.2,1,1,0,2,-2,0,-49.3,,,,,,,,,,,,,,,,,,,,,,,,,,,,,,,,,,,
euroleague,25,2025,offensive,368,Real Madrid,Real,39004,Gunars Grinvalds,SF,1,00:48,48,0,-123.2,,,,,,1,,,,,,123.2,0,-32.3,0,,,1,100,42.9,0,-34.4,0,-33.3,0,-35.8,0,-15.2,,,,,,,,,,,,,,,,,,
euroleague,25,2025,defensive,368,Real Madrid,Real,39004,Gunars Grinvalds,SF,1,00:48,48,,,200,100,,,,,,,,,,,,,,,,,,,,,,,,,,,100,1,,,1,100,57.1,0,0,-49.3,,,0,-24.3,0,-15.1,0,-16.1
euroleague,25,2025,total,60,FC Barcelona,Barcelona,39343,Nikola Kusturica,SF,1,01:08,68,0,-118.1,200,107.1,-200,-225.2,2,3,0,4,-4,0,-55.6,,,,,,,,,,,,,,,,,,,,,,,,,,,,,,,,,,,
euroleague,25,2025,offensive,60,FC Barcelona,Barcelona,39343,Nikola Kusturica,SF,1,01:08,68,0,-118.1,,,,,,3,,,,,,118.1,0,-36.7,1,0,-61.5,1,50,12.9,0,-30.4,0,-30.6,0,-25.7,0,-15.7,,,,,,,,,,,,,,,,,,
euroleague,25,2025,defensive,60,FC Barcelona,Barcelona,39343,Nikola Kusturica,SF,1,01:08,68,,,200,107.1,,,,,,,,,,,,,,,,,,,,,,,,,,,92.9,3,,,2,100,52.4,0,0,-34.4,,,50,24.3,0,-17.1,0,-15.7
