player_id,player_name,team_name,position,season,games_played,bnadv_offensive_rating_lineup,bnadv_offensive_rating_ind,bnadv_points,bnadv_3p_percentage,bnadv_2p_percentage,bnadv_ft_percentage,bnadv_ts_percentage,bnadv_3p_attempted,bnadv_2p_attempted,bnadv_ft_attempted,bnadv_3p_attempted_rate,bnadv_created_points,bnadv_assists,bnadv_assist_percentage,bnadv_turnovers,bnadv_turnover_percentage,bnadv_offensive_rebounds,bnadv_offensive_rebound_percentage,bnadv_fouls_received,bnadv_blocks_received,bnadv_usage_percentage,bnadv_defensive_rating_lineup,bnadv_defensive_rating_ind,bnadv_stops,bnadv_stop_percentage,bnadv_defensive_rebounds,bnadv_defensive_rebound_percentage,bnadv_steals,bnadv_steal_percentage,bnadv_blocks,bnadv_block_percentage,bnadv_foul_stops,bnoo_2p_attempted_lineup_off,bnoo_2p_attempted_opponent_lineup_def,bnoo_2p_percentage_lineup_off,bnoo_2p_percentage_lineup_diff_off,bnoo_2p_percentage_opponent_lineup_def,bnoo_2p_percentage_opponent_lineup_diff_def,bnoo_3p_attempted_lineup_off,bnoo_3p_attempted_opponent_lineup_def,bnoo_3p_attempted_rate_lineup_off,bnoo_3p_attempted_rate_lineup_diff_off,bnoo_3p_attempted_rate_opponent_lineup_def,bnoo_3p_attempted_rate_opponent_lineup_diff_def,bnoo_3p_percentage_lineup_off,bnoo_3p_percentage_lineup_diff_off,bnoo_3p_percentage_opponent_lineup_def,bnoo_3p_percentage_opponent_lineup_diff_def,bnoo_assist_percentage_lineup_off,bnoo_assist_percentage_lineup_diff_off,bnoo_assist_percentage_opponent_lineup_def,bnoo_assist_percentage_opponent_lineup_diff_def,bnoo_defensive_rating_lineup_def,bnoo_defensive_rating_lineup_tot,bnoo_defensive_rating_lineup_diff_def,bnoo_defensive_rating_lineup_diff_tot,bnoo_defensive_rating_lineup_wo_def,bnoo_defensive_rebound_percentage_lineup_def,bnoo_defensive_rebound_percentage_lineup_diff_def,bnoo_fouls_rate_lineup_def,bnoo_fouls_rate_lineup_diff_def,bnoo_fouls_received_rate_lineup_off,bnoo_fouls_received_rate_lineup_diff_off,bnoo_net_points_lineup_tot,bnoo_net_rating_lineup_tot,bnoo_net_rating_lineup_diff_tot,bnoo_offensive_rating_lineup_off,bnoo_offensive_rating_lineup_tot,bnoo_offensive_rating_lineup_diff_off,bnoo_offensive_rating_lineup_diff_tot,bnoo_offensive_rating_lineup_wo_off,bnoo_offensive_rebound_percentage_lineup_off,bnoo_offensive_rebound_percentage_lineup_diff_off,bnoo_points_lineup_tot,bnoo_points_opponent_lineup_tot,bnoo_possession_percentage_lineup_off,bnoo_possession_percentage_lineup_tot,bnoo_possession_percentage_opponent_lineup_def,bnoo_possessions_lineup_tot,bnoo_rebound_percentage_lineup_tot,bnoo_rebound_percentage_lineup_diff_tot,bnoo_turnover_percentage_lineup_off,bnoo_turnover_percentage_lineup_diff_off,bnoo_turnover_percentage_opponent_lineup_def,bnoo_turnover_percentage_opponent_lineup_diff_def,dunk_cr,dunk_pdk,dunk_min,dunk_starter,dunk_pts,dunk_ast,dunk_reb,dunk_stl,dunk_blk,dunk_blka,dunk_fgm,dunk_fgm_tot,dunk_fga,dunk_fga_tot,dunk_tpm,dunk_tpm_tot,dunk_tpa,dunk_tpa_tot,dunk_ftm,dunk_ftm_tot,dunk_fta,dunk_fta_tot,dunk_oreb,dunk_dreb,dunk_tov,dunk_pf,dunk_fouls_received,dunk_plus_minus,dunk_fgp,dunk_tpp,dunk_ftp,dunk_slug,price,price_rank
,AJ Lawson,Baskonia,G,,,,,,,,,,,,,,,,,,,,,,,,,,,,,,,,,,,,,,,,,,,,,,,,,,,,,,,,,,,,,,,,,,,,,,,,,,,,,,,,,,,,,,,,,,,,,,,,,,,,,,,,,,,,,,,,,,,,,,,,8.8,141.0
38819.0,Adam Atamna,LDLC ASVEL Villeurbanne,"PG,SG",2025.0,17.0,96.2,70.4,1.6,13.0,15.0,75.0,22.0,2.2,1.2,0.5,65.5,4.5,1.2,8.0,0.6,14.0,0.5,5.0,0.9,0.2,19.3,112.3,113.2,1.75,48.0,0.7,8.0,0.5,2.9,0.1,0.7,0.1,152.0,148.0,48.7,-0.5,58.1,-5.3,138.0,98.0,47.6,3.6,39.8,-0.7,26.1,-9.6,29.6,-7.5,19.2,-5.6,29.2,-1.3,112.3,112.3,-13.3,-13.3,125.7,68.5,4.3,32.1,1.5,28.7,2.1,-41.0,-16.1,1.4,96.2,96.2,-11.9,-11.9,108.1,31.8,-1.8,305.0,346.0,26.0,26.0,25.0,317.0,48.3,0.6,14.7,-1.9,16.4,1.4,0.0,0.5,10.4,1.0,1.6,1.2,1.2,0.5,0.1,0.2,0.5,8.0,3.4,58.0,0.3,5.0,2.2,38.0,0.4,6.0,0.5,8.0,0.5,0.7,0.6,1.2,0.9,-4.1,13.8,13.2,75.0,adam-atamna,,
,Agustin Ubal,Barcelona,G,,,,,,,,,,,,,,,,,,,,,,,,,,,,,,,,,,,,,,,,,,,,,,,,,,,,,,,,,,,,,,,,,,,,,,,,,,,,,,,,,,,,,,,,,,,,,,,,,,,,,,,,,,,,,,,,,,,,,,,,6.1,250.0
37156.0,Alan Dokossi,Paris Basketball,PF,2025.0,34.0,115.4,107.5,5.0,,72.0,41.0,67.0,0.0,3.1,1.3,0.0,9.0,1.6,6.0,1.8,33.0,2.0,13.0,1.3,0.2,14.8,112.3,105.1,4.32,67.0,3.5,24.0,1.2,3.8,0.1,0.5,0.2,467.0,474.0,56.3,6.0,57.6,5.0,477.0,430.0,50.5,4.6,47.6,2.4,36.3,-0.1,33.7,-2.6,26.9,6.9,29.4,2.1,112.3,112.3,-4.9,-4.9,117.2,66.1,3.2,28.5,-0.1,25.5,-2.0,19.0,3.1,6.6,115.4,115.4,1.7,1.7,113.7,33.9,-0.6,1248.0,1229.0,41.0,41.0,41.0,1081.0,49.5,1.0,16.2,1.3,17.9,2.9,0.0,8.9,16.2,14.0,5.0,1.6,5.5,1.2,0.1,0.2,2.2,76.0,3.1,106.0,0.0,0.0,0.0,0.0,0.5,18.0,1.3,44.0,2.0,3.5,1.8,2.4,1.3,0.4,71.7,0.0,40.9,allan-dokossi,8.0,179.0
21026.0,Alberto Abalde,Real Madrid,SF,2025.0,42.0,119.5,123.3,4.6,47.0,46.0,80.0,60.0,1.9,1.7,0.4,52.9,7.6,1.3,5.0,0.6,14.0,0.5,4.0,0.6,0.1,13.9,115.4,120.4,2.25,40.0,1.0,7.0,0.4,1.5,0.0,0.1,0.0,586.0,658.0,54.9,-0.8,52.6,0.1,444.0,423.0,43.1,3.1,39.1,-3.2,39.9,3.2,39.0,3.8,25.3,-1.5,23.6,0.9,115.4,115.4,2.4,2.4,113.0,73.6,3.0,25.2,-2.8,27.0,-2.7,23.0,4.1,-4.0,119.5,119.5,-1.6,-1.6,121.1,32.5,-4.0,1395.0,1372.0,38.0,38.0,39.0,1167.0,53.7,-0.2,15.1,1.0,12.4,-0.9,0.0,4.1,15.6,40.0,4.6,1.3,1.6,0.4,0.0,0.1,1.7,71.0,3.6,153.0,0.9,38.0,1.9,81.0,0.3,12.0,0.4,15.0,0.5,1.0,0.6,1.9,0.6,1.4,46.4,46.9,80.0,alberto-abalde,4.5,292.0
21642.0,Alec Peters,Olympiacos Piraeus,PF,2025.0,43.0,123.0,126.6,7.5,42.0,67.0,84.0,70.0,2.3,2.3,1.8,49.5,10.1,1.0,5.0,0.8,13.0,0.6,5.0,1.8,0.1,19.5,110.1,109.0,3.03,55.0,2.3,17.0,0.5,1.7,0.0,0.1,0.2,552.0,544.0,59.6,0.4,56.1,1.4,450.0,471.0,44.9,1.6,46.4,2.9,36.0,-0.2,31.6,-4.9,30.4,1.8,25.9,-0.5,110.1,110.1,-3.1,-3.1,113.2,70.7,0.1,28.9,6.2,31.4,1.7,149.0,12.9,3.4,123.0,123.0,0.2,0.2,122.8,35.5,0.3,1443.0,1294.0,37.0,37.0,37.0,1173.0,54.2,0.7,14.7,0.3,15.1,0.8,0.0,9.1,15.2,4.0,7.5,1.0,2.8,0.5,0.0,0.1,2.5,108.0,4.6,198.0,1.0,41.0,2.3,98.0,1.5,66.0,1.8,79.0,0.6,2.3,0.8,1.9,1.8,3.7,54.5,41.8,83.5,alec-peters,11.7,50.0
19603.0,Aleksa Avramovic,Dubai Basketball,PG,2025.0,22.0,115.4,121.0,9.3,34.0,54.0,78.0,57.0,4.2,3.0,2.3,57.9,16.3,3.0,12.0,1.3,14.0,0.6,4.0,2.2,0.2,26.2,122.6,118.5,3.55,56.0,1.4,9.0,1.3,4.0,0.1,0.4,0.1,349.0,392.0,51.9,-5.9,55.6,2.7,261.0,234.0,42.8,11.0,37.4,-1.9,35.6,-1.3,36.8,0.3,25.8,-1.8,25.7,0.4,122.6,122.6,6.3,6.3,116.3,62.8,-9.2,31.7,5.1,28.4,1.7,-40.0,-7.3,-16.0,115.4,115.4,-9.6,-9.6,125.0,29.2,-2.5,811.0,851.0,43.0,43.0,43.0,703.0,45.8,-7.6,12.1,-0.1,13.7,2.7,0.0,10.5,17.0,1.0,9.3,3.0,2.0,1.3,0.1,0.2,3.0,67.0,7.2,159.0,1.4,31.0,4.2,92.0,1.8,40.0,2.3,51.0,0.6,1.4,1.3,1.7,2.2,-1.7,42.1,33.7,78.4,aleksa-avramovic,,
22650.0,Aleksa Radanov,Partizan Mozzart Bet Belgrade,SG,2025.0,10.0,77.9,80.7,1.2,29.0,50.0,,46.0,0.7,0.6,0.0,53.8,2.2,0.4,4.0,0.5,28.0,0.3,5.0,0.5,0.0,13.3,126.4,130.3,0.94,36.0,0.6,13.0,0.1,0.8,0.0,,0.0,61.0,66.0,45.9,-8.0,57.6,3.8,38.0,37.0,38.4,1.8,35.9,-2.2,26.3,-10.0,48.6,19.2,19.0,-7.4,33.3,7.4,126.4,126.4,22.7,22.7,103.7,70.2,-3.9,32.6,6.2,22.1,-3.3,-68.0,-48.5,-64.7,77.9,77.9,-42.0,-42.0,119.9,21.3,-11.9,95.0,163.0,16.0,16.0,17.0,122.0,42.6,-10.7,22.2,10.2,16.1,0.0,0.0,0.3,6.8,1.0,1.2,0.4,0.9,0.1,0.0,0.0,0.5,5.0,1.3,13.0,0.2,2.0,0.7,7.0,0.0,0.0,0.0,0.0,0.3,0.6,0.5,1.6,0.5,-6.2,38.5,28.6,0.0,aleksa-radanov,,
,Aleksander Balcerowski,Barcelona,C,,,,,,,,,,,,,,,,,,,,,,,,,,,,,,,,,,,,,,,,,,,,,,,,,,,,,,,,,,,,,,,,,,,,,,,,,,,,,,,,,,,,,,,,,,,,,,,,,,,,,,,,,,,,,,,,,,,,,,,,8.0,177.0
10026.0,Aleksandr Vezenkov,Olympiacos Piraeus,PF,2025.0,39.0,123.6,138.4,19.0,40.0,62.0,89.0,68.0,4.4,7.8,4.4,36.3,22.3,1.2,3.0,1.1,8.0,1.4,6.0,3.1,0.2,25.1,113.3,114.1,5.15,50.0,5.0,20.0,0.6,1.1,0.1,0.2,0.1,982.0,1031.0,59.0,-4.4,54.4,-1.4,748.0,787.0,43.2,-1.8,43.3,-4.0,36.4,2.1,36.5,5.6,28.6,-3.3,26.0,-0.6,113.3,113.3,5.0,5.0,108.3,70.0,-2.0,22.5,-7.3,30.4,-0.3,222.0,10.4,-4.2,123.6,123.6,0.8,0.8,122.8,34.8,-1.2,2489.0,2267.0,70.0,70.0,70.0,2013.0,52.9,-2.4,13.9,-1.4,14.1,-1.5,0.0,23.8,27.8,39.0,19.0,1.2,6.4,0.6,0.1,0.2,6.6,258.0,12.2,477.0,1.8,70.0,4.4,173.0,3.9,154.0,4.4,173.0,1.4,5.0,1.1,0.9,3.1,5.2,54.1,40.5,89.0,sasha-vezenkov,17.0,1.0
,Aleksej Nedeljkovic,Crvena Zvezda,F,,,,,,,,,,,,,,,,,,,,,,,,,,,,,,,,,,,,,,,,,,,,,,,,,,,,,,,,,,,,,,,,,,,,,,,,,,,,,,,,,,,,,,,,,,,,,,,,,,,,,,,,,,,,,,,,,,,,,,,,4.0,320.0
23436.0,Aleksej Pokusevski,Partizan Mozzart Bet Belgrade,"SF,PF",2025.0,27.0,105.3,97.8,3.7,30.0,54.0,100.0,51.0,1.9,1.8,0.1,51.0,4.7,0.5,3.0,0.4,11.0,0.4,4.0,0.2,0.1,16.7,116.2,115.8,2.23,51.0,1.7,17.0,0.4,1.9,0.3,1.4,0.1,303.0,294.0,51.2,-2.6,52.7,-4.1,219.0,196.0,42.0,4.1,40.0,-2.0,34.7,0.9,39.8,2.0,25.0,2.1,25.8,-2.4,116.2,116.2,2.2,2.2,114.0,69.9,-1.8,33.5,7.5,22.1,-5.7,-72.0,-10.9,-10.9,105.3,105.3,-8.7,-8.7,114.0,27.6,-4.2,615.0,687.0,29.0,29.0,29.0,584.0,48.0,-2.5,14.9,0.9,15.3,-0.9,0.0,3.1,12.1,6.0,3.7,0.5,2.1,0.4,0.3,0.1,1.5,41.0,3.6,98.0,0.6,15.0,1.9,50.0,0.1,3.0,0.1,3.0,0.4,1.7,0.4,1.6,0.2,-2.2,41.8,30.0,100.0,aleksej-pokusevski,,
24449.0,Alen Smailagic,Virtus Segafredo Bologna,"PF,C",2025.0,31.0,109.0,115.3,7.4,35.0,59.0,76.0,59.0,2.7,2.8,1.6,48.5,9.9,0.9,4.0,0.8,11.0,0.7,5.0,1.6,0.2,20.5,121.7,121.9,2.85,47.0,1.8,13.0,0.6,2.0,0.2,0.7,0.1,427.0,476.0,57.1,3.9,59.9,3.6,362.0,343.0,45.9,8.5,41.9,-3.5,35.6,1.5,38.2,2.5,28.0,0.7,28.2,0.1,121.7,121.7,5.4,5.4,116.4,66.7,-1.0,27.9,-0.5,26.4,-1.6,-120.0,-12.7,-7.6,109.0,109.0,-2.2,-2.2,111.2,28.7,-3.7,1028.0,1148.0,41.0,41.0,41.0,943.0,47.1,-3.2,17.9,1.8,15.0,0.8,0.0,7.6,16.5,18.0,7.5,0.9,2.6,0.6,0.2,0.2,2.7,80.0,5.5,166.0,1.0,29.0,2.7,81.0,1.2,36.0,1.5,46.0,0.8,1.8,0.8,1.9,1.5,-3.3,48.2,35.8,78.3,alen-smailagic,,
22738.0,Alessandro Pajola,Virtus Segafredo Bologna,PG,2025.0,24.0,115.6,117.6,4.0,27.0,52.0,67.0,48.0,2.5,1.2,1.1,67.0,14.4,4.2,14.0,1.2,22.0,0.4,2.0,1.5,0.0,13.4,116.0,112.9,4.03,57.0,2.3,13.0,1.1,3.1,0.3,0.7,0.1,406.0,398.0,58.6,2.6,51.0,-7.2,305.0,342.0,42.9,-1.5,46.2,3.0,35.4,-2.5,36.3,2.3,30.0,2.3,26.4,1.0,116.0,116.0,2.2,2.2,113.8,62.7,-6.4,31.1,4.3,29.0,2.5,-5.0,-0.5,0.8,115.6,115.6,3.0,3.0,112.6,31.4,1.6,973.0,978.0,48.0,48.0,48.0,842.0,47.9,-1.6,16.7,-0.6,15.4,0.6,0.0,7.3,19.1,13.0,4.0,4.2,2.7,1.1,0.3,0.0,1.3,31.0,3.7,88.0,0.7,16.0,2.5,59.0,0.8,18.0,1.1,27.0,0.4,2.3,1.2,2.9,1.5,0.0,35.2,27.1,66.7,alessandro-pajola,7.3,206.0
14004.0,Alex Len,Real Madrid,C,2025.0,23.0,105.2,106.8,3.0,0.0,52.0,77.0,59.0,0.0,1.9,1.3,2.2,3.7,0.3,2.0,0.6,19.0,1.0,11.0,1.0,0.3,15.9,118.7,117.3,1.75,51.0,1.0,12.0,0.1,0.8,0.9,5.0,0.1,195.0,226.0,48.7,-9.8,55.3,6.8,137.0,136.0,41.3,-2.8,37.6,-3.9,29.9,-10.7,36.0,-1.3,23.0,-5.9,23.2,1.0,118.7,118.7,8.4,8.4,110.2,72.0,-1.1,28.1,1.9,29.9,2.4,-56.0,-13.5,-29.0,105.2,105.2,-20.5,-20.5,125.7,32.5,-3.0,408.0,464.0,23.0,23.0,23.0,388.0,51.5,-3.9,15.6,1.0,10.6,-2.8,0.0,3.9,9.2,3.0,3.0,0.3,2.0,0.1,0.9,0.3,1.0,23.0,2.0,45.0,0.0,0.0,0.0,1.0,1.0,23.0,1.3,30.0,1.0,1.0,0.6,1.4,1.0,-2.0,51.1,0.0,76.7,alex-len,,
35967.0,Alexandros Samodurov,Panathinaikos AKTOR Athens,C,2025.0,13.0,109.4,124.4,2.6,33.0,91.0,67.0,71.0,0.9,0.8,0.2,52.2,3.2,0.3,4.0,0.2,11.0,0.2,3.0,0.2,0.1,17.6,118.2,120.0,1.04,46.0,0.5,11.0,0.1,0.7,0.5,4.2,0.0,65.0,80.0,61.5,4.0,60.0,4.0,50.0,48.0,43.5,6.2,37.5,-6.6,30.0,-5.9,33.3,3.1,31.3,7.2,23.2,-1.6,118.2,118.2,6.4,6.4,111.8,67.7,2.4,29.1,2.0,26.8,-1.8,-24.0,-8.8,-19.0,109.4,109.4,-12.6,-12.6,122.0,25.0,-9.9,151.0,175.0,15.0,15.0,16.0,138.0,47.2,-3.3,16.3,4.5,16.0,1.1,0.0,3.1,6.2,0.0,2.6,0.3,0.7,0.1,0.5,0.1,1.1,14.0,1.8,23.0,0.3,4.0,0.9,12.0,0.2,2.0,0.2,3.0,0.2,0.5,0.2,0.5,0.2,-1.1,60.9,33.3,66.7,alexandros-samodurov,,
38823.0,Aliou Diarra,Virtus Segafredo Bologna,C,2025.0,28.0,115.9,134.9,4.5,,69.0,55.0,69.0,0.0,2.9,1.0,0.0,6.2,0.7,5.0,0.6,15.0,1.3,15.0,1.2,0.1,17.4,121.2,116.9,2.16,57.0,1.8,20.0,0.3,1.3,0.6,3.1,0.1,280.0,262.0,57.9,3.9,56.5,-1.8,186.0,221.0,39.9,-2.1,45.8,-0.1,34.4,-1.8,37.6,1.0,29.1,1.4,28.2,-0.7,121.2,121.2,1.0,1.0,120.2,65.0,-1.6,30.6,2.9,23.8,-4.7,-33.0,-5.3,4.1,115.9,115.9,5.1,5.1,110.8,35.4,5.3,613.0,646.0,26.0,26.0,26.0,529.0,50.6,2.2,16.0,-1.0,12.9,-1.3,0.0,6.6,10.5,3.0,4.3,0.7,3.1,0.3,0.6,0.1,1.9,50.0,2.7,74.0,0.0,0.0,0.0,0.0,0.6,16.0,1.1,29.0,1.3,1.8,0.6,1.8,1.2,-1.9,67.6,0.0,55.2,aliou-diarra,6.5,229.0
,Alize Johnson,Paris,F,,,,,,,,,,,,,,,,,,,,,,,,,,,,,,,,,,,,,,,,,,,,,,,,,,,,,,,,,,,,,,,,,,,,,,,,,,,,,,,,,,,,,,,,,,,,,,,,,,,,,,,,,,,,,,,,,,,,,,,,9.8,101.0
35085.0,Alpha Diallo,AS Monaco,SF,2025.0,42.0,120.1,120.6,11.9,31.0,59.0,80.0,59.0,3.3,5.8,2.5,36.6,14.9,1.4,3.0,1.0,9.0,1.5,6.0,3.3,0.6,18.8,116.6,114.4,5.62,54.0,2.9,12.0,1.4,2.6,0.5,0.9,0.2,1198.0,1119.0,57.8,3.9,55.7,1.3,703.0,792.0,37.0,-3.3,41.4,-0.2,33.4,-2.6,37.6,2.1,28.2,0.9,24.8,1.6,116.6,116.6,1.1,1.1,115.5,67.7,3.9,26.0,-3.0,30.4,3.8,91.0,3.5,3.6,120.1,120.1,4.7,4.7,115.4,30.5,1.7,2631.0,2540.0,70.0,70.0,69.0,2191.0,49.3,2.4,12.5,-0.6,14.9,0.0,0.0,14.4,27.9,42.0,11.9,1.4,4.4,1.4,0.5,0.6,4.5,187.0,9.1,382.0,1.0,44.0,3.3,140.0,2.0,82.0,2.5,103.0,1.5,2.9,1.0,2.4,3.3,2.3,49.0,31.4,79.6,alpha-diallo,,
,Alvaro Cardenas,Valencia,G,,,,,,,,,,,,,,,,,,,,,,,,,,,,,,,,,,,,,,,,,,,,,,,,,,,,,,,,,,,,,,,,,,,,,,,,,,,,,,,,,,,,,,,,,,,,,,,,,,,,,,,,,,,,,,,,,,,,,,,,4.5,293.0
21386.0,Amath M'Baye,Paris Basketball,PF,2025.0,34.0,115.7,111.2,7.6,35.0,53.0,80.0,58.0,2.8,2.8,2.0,50.3,9.9,1.0,4.0,1.1,14.0,0.6,4.0,1.9,0.1,19.2,123.6,127.0,2.58,39.0,0.9,6.0,0.6,1.7,0.1,0.4,0.2,563.0,557.0,52.6,1.1,56.6,2.9,452.0,418.0,44.5,-3.6,42.9,-5.0,36.1,-0.1,39.2,5.7,18.4,-6.0,30.6,3.4,123.6,123.6,12.9,12.9,110.7,61.5,-4.0,29.3,1.3,27.2,0.4,-75.0,-7.9,-10.2,115.7,115.7,2.7,2.7,113.0,36.4,3.1,1318.0,1393.0,43.0,43.0,42.0,1139.0,48.3,-0.8,14.7,-0.6,15.1,-1.6,0.0,6.5,17.3,20.0,7.6,1.0,1.6,0.6,0.1,0.1,2.5,84.0,5.6,191.0,1.0,34.0,2.8,96.0,1.6,55.0,2.0,69.0,0.6,0.9,1.1,1.9,1.9,-2.0,44.0,35.4,79.7,amath-mbaye,6.4,238.0
,Amir Coffey,Hapoel Tel Aviv,F,,,,,,,,,,,,,,,,,,,,,,,,,,,,,,,,,,,,,,,,,,,,,,,,,,,,,,,,,,,,,,,,,,,,,,,,,,,,,,,,,,,,,,,,,,,,,,,,,,,,,,,,,,,,,,,,,,,,,,,,12.5,37.0
,Amit Ebo,Maccabi Tel Aviv,G,,,,,,,,,,,,,,,,,,,,,,,,,,,,,,,,,,,,,,,,,,,,,,,,,,,,,,,,,,,,,,,,,,,,,,,,,,,,,,,,,,,,,,,,,,,,,,,,,,,,,,,,,,,,,,,,,,,,,,,,4.5,294.0
16936.0,Andreas Obst,FC Bayern Munich,SG,2025.0,35.0,114.5,117.6,14.5,38.0,49.0,89.0,59.0,7.6,3.8,2.4,66.8,19.3,2.0,6.0,1.5,11.0,0.3,1.0,2.8,0.4,24.9,116.6,121.8,3.68,38.0,1.8,8.0,0.4,0.8,0.1,0.1,0.0,831.0,860.0,54.3,-1.8,57.6,3.5,651.0,627.0,43.9,3.2,42.2,-2.3,38.6,7.5,35.2,-1.1,28.5,4.8,26.1,-0.4,116.6,116.6,4.2,4.2,112.4,67.5,-1.5,28.2,-4.5,26.4,0.7,-48.0,-2.1,1.4,114.5,114.5,5.6,5.6,108.9,30.7,1.1,1947.0,1995.0,67.0,67.0,67.0,1701.0,48.9,-0.1,16.0,0.8,15.0,-1.6,0.0,12.8,26.6,24.0,14.5,2.0,2.1,0.4,0.1,0.4,4.7,166.0,11.4,400.0,2.9,101.0,7.6,267.0,2.2,76.0,2.4,85.0,0.3,1.8,1.5,1.0,2.8,-1.5,41.5,37.8,89.4,andreas-obst,10.2,81.0
,Andrej Bjelic,Crvena Zvezda,G,,,,,,,,,,,,,,,,,,,,,,,,,,,,,,,,,,,,,,,,,,,,,,,,,,,,,,,,,,,,,,,,,,,,,,,,,,,,,,,,,,,,,,,,,,,,,,,,,,,,,,,,,,,,,,,,,,,,,,,,4.0,321.0
35024.0,Andres Feliz,Real Madrid,PG,2025.0,39.0,124.6,127.4,6.9,41.0,53.0,73.0,59.0,2.2,3.3,0.9,39.7,11.6,2.0,8.0,0.9,14.0,0.9,7.0,1.1,0.4,19.1,114.0,116.1,2.87,47.0,1.7,11.0,0.6,1.9,0.0,0.1,0.1,635.0,585.0,57.2,1.8,52.8,1.5,391.0,447.0,38.1,-5.9,43.3,3.1,39.4,3.3,35.6,-1.7,28.1,2.8,21.6,-1.3,114.0,114.0,1.5,1.5,112.6,69.5,-4.3,28.9,3.1,27.7,-1.7,115.0,10.6,5.1,124.6,124.6,6.6,6.6,118.1,38.0,5.2,1482.0,1367.0,42.0,42.0,42.0,1189.0,54.5,0.7,14.8,0.6,14.2,2.2,0.0,7.2,16.7,6.0,6.9,2.0,2.5,0.6,0.0,0.4,2.6,103.0,5.5,214.0,0.9,35.0,2.2,85.0,0.7,27.0,0.9,37.0,0.9,1.7,0.9,2.0,1.1,2.6,48.1,41.2,73.0,andres-feliz,6.2,248.0
,Ante Zizic,Besiktas,C,,,,,,,,,,,,,,,,,,,,,,,,,,,,,,,,,,,,,,,,,,,,,,,,,,,,,,,,,,,,,,,,,,,,,,,,,,,,,,,,,,,,,,,,,,,,,,,,,,,,,,,,,,,,,,,,,,,,,,,,12.0,47.0
,Anthony Brown,Besiktas,F,,,,,,,,,,,,,,,,,,,,,,,,,,,,,,,,,,,,,,,,,,,,,,,,,,,,,,,,,,,,,,,,,,,,,,,,,,,,,,,,,,,,,,,,,,,,,,,,,,,,,,,,,,,,,,,,,,,,,,,,9.7,104.0
21597.0,Antonio Blakeney,Hapoel Shlomo Tel Aviv,SG,2025.0,41.0,119.3,126.0,13.2,40.0,54.0,84.0,63.0,5.5,4.2,2.5,56.8,15.4,1.0,3.0,1.0,9.0,0.5,3.0,1.9,0.5,24.9,115.4,120.9,3.09,37.0,1.8,9.0,0.4,0.9,0.3,0.6,0.1,854.0,922.0,59.7,0.7,55.3,-1.4,597.0,617.0,41.1,5.7,40.1,-0.8,37.2,0.8,32.6,-1.6,23.2,-2.5,22.8,-4.5,115.4,115.4,0.5,0.5,114.9,66.7,-2.7,26.3,0.6,28.2,0.3,70.0,3.9,2.2,119.3,119.3,2.7,2.7,116.6,26.1,-3.6,2033.0,1963.0,56.0,56.0,56.0,1704.0,47.9,-2.5,13.8,-1.9,13.2,-1.8,0.0,11.1,22.6,3.0,13.2,1.0,2.3,0.4,0.3,0.5,4.4,182.0,9.7,396.0,2.2,90.0,5.5,225.0,2.1,87.0,2.5,103.0,0.5,1.8,1.0,1.3,1.9,1.4,46.0,40.0,84.5,antonio-blakeney,9.6,108.0
,Antonis Karagiannidis,Olympiacos,C,,,,,,,,,,,,,,,,,,,,,,,,,,,,,,,,,,,,,,,,,,,,,,,,,,,,,,,,,,,,,,,,,,,,,,,,,,,,,,,,,,,,,,,,,,,,,,,,,,,,,,,,,,,,,,,,,,,,,,,,6.5,230.0
37474.0,Arijan Lakic,Partizan Mozzart Bet Belgrade,SG,2025.0,25.0,112.6,123.6,2.8,35.0,50.0,75.0,54.0,1.7,0.7,0.3,70.5,4.2,0.6,3.0,0.3,10.0,0.5,4.0,0.6,0.0,10.9,115.0,113.6,2.55,53.0,1.2,11.0,0.6,2.5,0.1,0.3,0.1,295.0,321.0,55.3,3.4,55.8,-0.9,212.0,194.0,41.8,3.6,37.7,-5.7,34.0,-2.0,37.6,0.5,25.2,-0.1,26.3,-1.4,115.0,115.0,-1.0,-1.0,116.0,67.5,-3.3,30.0,3.5,27.2,1.8,-44.0,-2.4,3.2,112.6,112.6,2.2,2.2,110.4,27.3,-3.7,653.0,697.0,31.0,31.0,33.0,580.0,47.3,-2.9,13.1,-2.8,16.0,1.2,0.0,2.9,13.1,4.0,2.8,0.6,1.7,0.6,0.1,0.0,1.0,24.0,2.4,61.0,0.6,15.0,1.7,43.0,0.2,6.0,0.3,8.0,0.5,1.2,0.3,1.6,0.6,-1.2,39.3,34.9,75.0,arijan-lakic,4.0,322.0
38816.0,Armando Bacot,Fenerbahce Beko Istanbul,C,2025.0,26.0,109.0,92.4,2.4,31.0,44.0,81.0,50.0,0.6,1.5,0.6,29.1,4.0,0.6,4.0,1.0,29.0,0.8,9.0,0.7,0.3,16.0,118.4,119.0,1.78,48.0,1.0,12.0,0.3,1.5,0.3,1.7,0.1,226.0,244.0,54.0,1.5,52.0,2.6,175.0,177.0,43.6,1.6,42.0,4.9,35.4,-1.8,34.5,3.3,23.9,2.0,22.9,0.2,118.4,118.4,12.3,12.3,106.1,69.9,1.9,31.1,0.2,26.9,0.0,-48.0,-9.3,-18.3,109.0,109.0,-6.0,-6.0,115.0,30.5,-5.7,519.0,567.0,25.0,25.0,25.0,476.0,50.6,-1.8,17.7,1.5,12.2,-3.2,,,,,,,,,,,,,,,,,,,,,,,,,,,,,,,,,7.2,209.0
,Armando Bacot Jr.,Fenerbahce Beko Istanbul,C,,26.0,,,,,,,,,,,,,,,,,,,,,,,,,,,,,,,,,,,,,,,,,,,,,,,,,,,,,,,,,,,,,,,,,,,,,,,,,,,,,,,,,,,,,,0.0,1.6,10.1,2.0,2.4,0.6,1.8,0.3,0.3,0.3,0.8,22.0,2.1,55.0,0.2,5.0,0.6,16.0,0.5,13.0,0.6,16.0,0.8,1.0,1.0,2.0,0.7,-1.5,40.0,31.3,81.3,armando-bacot-jr,,
35048.0,Armel Traore,LDLC ASVEL Villeurbanne,SF,2025.0,36.0,103.6,114.4,5.8,35.0,70.0,67.0,64.0,1.7,2.6,0.7,39.2,7.0,0.5,2.0,1.0,18.0,1.3,10.0,0.8,0.2,16.9,115.8,116.1,2.76,48.0,2.2,16.0,0.4,1.6,0.4,1.3,0.1,484.0,562.0,50.6,-0.9,57.1,-2.8,397.0,341.0,45.1,2.1,37.8,-2.8,33.0,-0.2,32.0,-6.5,23.7,-1.1,27.6,-2.0,115.8,115.8,-3.7,-3.7,119.5,64.8,-4.3,30.6,0.1,25.5,-2.3,-124.0,-12.3,-1.9,103.6,103.6,-5.5,-5.5,109.1,31.2,-0.5,1068.0,1192.0,39.0,39.0,39.0,1031.0,47.7,-0.7,17.1,2.6,14.5,-2.0,0.0,6.4,15.6,7.0,5.8,0.5,3.5,0.4,0.4,0.2,2.4,83.0,4.2,146.0,0.6,21.0,1.7,58.0,0.5,16.0,0.7,24.0,1.3,2.2,1.0,1.8,0.8,-3.5,56.8,36.2,66.7,armel-traore,,
34945.0,Armoni Brooks,EA7 Emporio Armani Milan,"PG,SG",2025.0,38.0,120.4,129.9,13.1,42.0,51.0,82.0,61.0,6.4,3.8,1.3,63.0,16.5,1.4,5.0,0.9,8.0,0.7,4.0,1.3,0.4,25.1,120.2,120.6,3.81,47.0,2.8,15.0,0.6,1.5,0.3,0.7,0.2,730.0,819.0,54.8,-0.2,56.7,2.6,623.0,537.0,46.0,8.9,39.6,1.8,39.8,1.6,36.3,-2.5,26.9,0.4,24.4,-1.0,120.2,120.2,0.2,0.2,119.9,69.5,2.5,29.8,5.5,28.3,-1.9,10.0,0.3,2.5,120.4,120.4,2.7,2.7,117.7,30.8,1.3,1862.0,1852.0,56.0,56.0,56.0,1546.0,50.2,1.3,13.6,-1.2,12.8,0.0,0.0,11.1,22.6,13.0,13.1,1.4,3.5,0.6,0.3,0.4,4.6,176.0,10.2,389.0,2.7,102.0,6.4,245.0,1.1,42.0,1.3,51.0,0.7,2.8,0.9,2.4,1.3,0.3,45.2,41.6,82.4,armoni-brooks,10.3,77.0
6943.0,Arnas Butkevičius,Zalgiris Kaunas,SF,2025.0,38.0,122.7,139.3,5.3,51.0,63.0,83.0,72.0,2.0,1.3,0.6,60.2,8.0,1.2,4.0,0.4,10.0,0.6,4.0,1.4,0.1,11.1,115.6,112.9,3.62,54.0,2.0,13.0,0.9,2.7,0.2,0.7,0.1,654.0,729.0,56.7,2.6,54.2,-0.1,407.0,386.0,38.4,-1.4,34.6,1.6,42.3,6.8,37.8,5.1,28.0,2.7,25.2,2.4,115.6,115.6,2.0,2.0,113.6,68.0,1.9,29.1,2.4,27.1,-2.2,24.0,7.1,1.6,122.7,122.7,3.6,3.6,119.1,31.4,-5.0,1487.0,1463.0,44.0,44.0,46.0,1212.0,50.3,-0.7,14.3,1.1,14.3,1.0,0.0,8.1,18.0,24.0,5.3,1.2,2.6,0.9,0.2,0.1,1.9,71.0,3.4,128.0,1.0,39.0,2.0,77.0,0.5,19.0,0.6,23.0,0.6,2.0,0.4,1.9,1.4,1.7,55.5,50.6,82.6,arnas-butkevicius,7.0,214.0
23736.0,Arturs Zagars,Fenerbahce Beko Istanbul,PG,2025.0,5.0,123.4,109.8,3.4,25.0,43.0,80.0,53.0,0.8,1.4,2.0,36.4,7.4,1.6,11.0,1.0,24.0,0.0,,2.2,0.2,19.6,120.6,125.2,1.4,36.0,0.2,2.0,0.6,3.1,0.0,,0.1,48.0,59.0,64.6,10.8,47.5,-10.0,25.0,38.0,34.2,-15.8,39.2,0.6,40.0,1.3,26.3,-13.0,23.3,-2.5,17.7,-12.0,120.6,120.6,-2.1,-2.1,122.7,52.5,-17.8,30.9,0.9,35.1,12.0,-1.0,2.8,19.0,123.4,123.4,17.0,17.0,106.4,41.9,11.7,116.0,117.0,26.0,26.0,27.0,94.0,48.9,-1.3,19.6,-1.9,9.6,-5.1,0.0,4.5,11.3,0.0,3.4,1.6,0.2,0.6,0.0,0.2,0.8,4.0,2.2,11.0,0.2,1.0,0.8,4.0,1.6,8.0,2.0,10.0,0.0,0.2,1.0,0.8,2.2,0.6,36.4,25.0,80.0,arturs-zagars,,
,Austin Wiley,Bayern Munich,C,,,,,,,,,,,,,,,,,,,,,,,,,,,,,,,,,,,,,,,,,,,,,,,,,,,,,,,,,,,,,,,,,,,,,,,,,,,,,,,,,,,,,,,,,,,,,,,,,,,,,,,,,,,,,,,,,,,,,,,,11.0,60.0
12276.0,Awudu Abass,Dubai Basketball,SF,2025.0,31.0,117.4,125.8,3.2,33.0,54.0,64.0,53.0,1.5,1.3,0.5,55.2,4.5,0.5,2.0,0.3,8.0,0.7,5.0,0.4,0.1,9.6,119.7,125.7,2.19,36.0,0.8,5.0,0.3,1.1,0.1,0.4,0.1,498.0,515.0,53.0,-4.5,54.8,2.9,304.0,330.0,37.9,1.3,39.1,-0.6,34.9,0.5,38.5,1.1,24.3,-2.4,25.6,1.7,119.7,119.7,1.9,1.9,117.9,68.7,1.2,27.5,-3.3,27.4,-2.9,-66.0,-2.4,-5.3,117.4,117.4,-3.4,-3.4,120.8,31.7,1.1,1068.0,1134.0,40.0,40.0,42.0,910.0,50.5,0.7,12.5,-0.5,12.5,-0.3,0.0,2.6,16.4,14.0,3.2,0.5,1.5,0.3,0.1,0.1,1.2,37.0,2.8,87.0,0.5,16.0,1.5,48.0,0.3,9.0,0.5,14.0,0.7,0.8,0.3,1.6,0.4,-0.9,42.5,33.3,64.3,awudu-abass,4.2,314.0
16872.0,Bar Timor,Hapoel Shlomo Tel Aviv,"PG,SG",2025.0,10.0,115.6,137.9,2.0,60.0,50.0,100.0,67.0,0.5,1.0,0.1,33.3,3.5,0.6,7.0,0.2,12.0,0.0,,0.1,0.2,14.0,125.2,123.3,1.13,51.0,0.5,9.0,0.5,4.5,0.0,,0.0,59.0,67.0,47.5,-14.6,58.2,1.7,37.0,39.0,38.5,1.6,36.8,-1.5,48.6,9.0,30.8,-2.4,32.1,5.9,25.6,0.1,125.2,125.2,10.9,10.9,114.3,64.9,-4.3,30.6,4.0,23.9,-4.3,-13.0,-9.6,-21.1,115.6,115.6,-10.2,-10.2,125.8,23.5,-4.3,126.0,139.0,14.0,14.0,15.0,109.0,45.4,-4.4,12.4,-0.4,10.7,-4.2,0.0,1.9,5.8,2.0,2.0,0.6,0.5,0.5,0.0,0.2,0.8,8.0,1.5,15.0,0.3,3.0,0.5,5.0,0.1,1.0,0.1,1.0,0.0,0.5,0.2,0.8,0.1,-0.9,53.3,60.0,100.0,bar-timor,4.0,323.0
38539.0,Bastien Vautier,LDLC ASVEL Villeurbanne,C,2025.0,38.0,105.4,113.1,5.7,,52.0,67.0,56.0,0.0,4.1,2.2,0.0,7.9,0.7,4.0,0.9,16.0,1.2,10.0,1.9,0.3,22.2,119.6,117.9,2.38,52.0,1.5,15.0,0.4,1.9,0.2,0.8,0.4,456.0,418.0,52.4,1.1,59.6,1.2,302.0,314.0,39.8,-5.1,42.9,5.1,31.1,-2.6,37.9,3.3,27.0,4.0,31.3,4.4,119.6,119.6,2.2,2.2,117.4,70.5,4.8,31.5,1.5,27.3,0.5,-114.0,-14.2,-5.2,105.4,105.4,-2.9,-2.9,108.3,30.4,-1.1,934.0,1048.0,32.0,32.0,31.0,886.0,48.8,1.3,16.0,1.2,15.0,-0.9,0.0,5.2,12.6,18.0,5.6,0.8,2.6,0.5,0.2,0.3,2.1,77.0,4.0,149.0,0.0,0.0,0.0,0.0,1.5,55.0,2.1,79.0,1.2,1.5,0.9,2.6,1.8,-2.6,51.7,0.0,69.6,bastien-vautier,,
,Berk Ugurlu,Besiktas,G,,,,,,,,,,,,,,,,,,,,,,,,,,,,,,,,,,,,,,,,,,,,,,,,,,,,,,,,,,,,,,,,,,,,,,,,,,,,,,,,,,,,,,,,,,,,,,,,,,,,,,,,,,,,,,,,,,,,,,,,4.4,306.0
,Bobi Klintman,Virtus Bologna,C,,,,,,,,,,,,,,,,,,,,,,,,,,,,,,,,,,,,,,,,,,,,,,,,,,,,,,,,,,,,,,,,,,,,,,,,,,,,,,,,,,,,,,,,,,,,,,,,,,,,,,,,,,,,,,,,,,,,,,,,9.9,96.0
36143.0,Bodian Massa,LDLC ASVEL Villeurbanne,C,2025.0,34.0,110.0,91.9,4.4,50.0,50.0,54.0,51.0,0.1,3.9,0.7,1.5,6.0,0.6,3.0,1.2,22.0,1.4,10.0,1.4,0.1,16.3,117.7,116.6,2.9,50.0,2.4,18.0,0.4,1.5,0.4,1.6,0.2,500.0,524.0,50.0,-3.3,57.1,-1.6,364.0,313.0,42.1,-1.8,37.4,-3.7,37.4,8.1,35.8,0.4,23.5,-0.8,29.1,1.3,117.7,117.7,0.4,0.4,117.3,65.6,-0.7,29.8,-1.5,27.2,0.5,-76.0,-7.7,5.1,110.0,110.0,5.5,5.5,104.5,32.7,3.2,1082.0,1158.0,39.0,39.0,39.0,984.0,48.5,2.0,15.7,0.8,15.5,-0.7,0.0,4.5,15.9,14.0,4.4,0.6,3.8,0.4,0.4,0.1,2.0,67.0,4.0,135.0,0.0,1.0,0.1,2.0,0.4,13.0,0.7,24.0,1.4,2.4,1.2,2.9,1.4,-2.8,49.6,50.0,54.2,bodian-massa,6.3,242.0
22945.0,Bonzie Colson,Fenerbahce Beko Istanbul,SF,2025.0,40.0,115.4,135.4,7.1,49.0,49.0,90.0,66.0,2.5,2.3,1.2,52.1,9.1,0.8,3.0,0.5,9.0,0.8,6.0,1.3,0.1,16.4,113.5,113.6,3.05,49.0,2.2,15.0,0.6,1.9,0.4,1.2,0.1,613.0,663.0,55.8,3.1,54.1,3.0,452.0,374.0,42.4,1.4,36.1,-4.0,35.6,-0.5,32.4,0.2,23.1,-0.3,24.9,2.3,113.5,113.5,2.8,2.8,110.6,67.8,-0.3,31.0,-0.1,26.8,-1.6,23.0,2.0,0.1,115.4,115.4,2.9,2.9,112.5,33.0,-0.9,1423.0,1400.0,43.0,43.0,43.0,1233.0,50.3,-1.2,15.4,-0.7,15.0,1.6,0.0,9.2,16.9,14.0,7.1,0.8,3.0,0.6,0.4,0.1,2.4,95.0,4.9,194.0,1.2,49.0,2.5,101.0,1.1,44.0,1.2,49.0,0.8,2.2,0.5,1.2,1.3,0.2,49.0,48.5,89.8,bonzie-colson,11.3,55.0
38101.0,Boogie Ellis,Dubai Basketball,"PG,SG",2025.0,5.0,127.1,141.7,10.4,38.0,48.0,81.0,60.0,2.6,4.2,4.2,38.2,13.4,1.2,5.0,0.6,7.0,0.8,5.0,3.2,0.8,24.1,123.7,120.5,3.61,53.0,1.2,8.0,0.6,1.8,0.0,,0.2,96.0,87.0,60.4,7.7,57.5,0.1,50.0,59.0,34.2,-11.4,40.4,-0.6,30.0,-3.3,40.7,0.7,22.4,-5.3,27.7,2.9,123.7,123.7,-1.6,-1.6,125.2,63.0,-0.8,30.2,-0.4,31.3,-0.4,2.0,3.4,14.3,127.1,127.1,12.7,12.7,114.4,31.3,-1.4,211.0,209.0,44.0,44.0,45.0,166.0,46.4,-1.5,11.0,-3.2,15.3,2.8,,,,,,,,,,,,,,,,,,,,,,,,,,,,,,,,,,
,Both Gach,ASVEL,F,,,,,,,,,,,,,,,,,,,,,,,,,,,,,,,,,,,,,,,,,,,,,,,,,,,,,,,,,,,,,,,,,,,,,,,,,,,,,,,,,,,,,,,,,,,,,,,,,,,,,,,,,,,,,,,,,,,,,,,,8.7,149.0
24363.0,Braian Angola,LDLC ASVEL Villeurbanne,SG,2025.0,15.0,111.3,126.7,15.3,32.0,54.0,85.0,62.0,5.0,4.7,6.4,51.7,24.6,3.9,12.0,1.8,13.0,0.3,1.0,5.6,0.5,27.5,114.8,114.3,4.6,51.0,2.7,14.0,1.0,2.2,0.0,,0.1,321.0,333.0,51.4,-1.0,58.6,-2.7,266.0,214.0,45.3,-1.0,39.1,1.7,35.3,1.2,37.9,3.2,25.6,-1.9,29.6,2.5,114.8,114.8,-7.4,-7.4,122.2,69.6,-3.6,28.8,-3.4,27.8,2.8,-18.0,-3.5,10.7,111.3,111.3,3.3,3.3,108.0,27.9,-3.8,756.0,774.0,62.0,62.0,61.0,679.0,46.7,-4.6,13.3,-1.7,18.1,6.1,0.0,17.9,24.2,13.0,15.4,3.8,2.8,0.9,0.0,0.6,4.1,57.0,9.4,132.0,1.6,22.0,4.7,66.0,5.6,79.0,6.6,92.0,0.3,2.5,1.8,2.1,5.6,-1.6,43.2,33.3,85.9,braian-angola,,
23525.0,Brancou Badio,Valencia Basket,SG,2025.0,40.0,118.5,120.6,11.2,34.0,55.0,86.0,56.0,5.3,3.9,1.8,57.7,16.5,2.3,8.0,1.6,13.0,0.8,4.0,2.2,0.2,25.5,113.7,114.5,3.78,49.0,1.8,9.0,0.6,1.6,0.2,0.5,0.2,714.0,768.0,57.3,-1.7,53.1,-2.3,694.0,562.0,49.3,4.0,42.3,0.9,35.0,-2.2,34.5,-1.2,26.0,-3.7,26.0,-0.3,113.7,113.7,-0.7,-0.7,114.4,68.9,-0.2,27.6,2.0,26.3,-0.8,66.0,4.8,0.2,118.5,118.5,-0.6,-0.6,119.1,34.9,1.4,1814.0,1748.0,50.0,50.0,51.0,1531.0,51.5,0.2,12.9,-2.1,14.8,-0.4,0.0,10.3,20.5,23.0,11.2,2.3,2.6,0.6,0.2,0.2,3.9,156.0,9.2,366.0,1.8,71.0,5.3,211.0,1.6,63.0,1.8,73.0,0.8,1.8,1.6,2.1,2.2,2.2,42.6,33.6,86.3,brancou-badio,8.3,166.0
35544.0,Brandon Boston Jr.,Fenerbahce Beko Istanbul,SG,2025.0,28.0,116.0,120.4,4.8,33.0,55.0,77.0,55.0,1.6,2.3,0.9,41.8,5.5,0.3,2.0,0.4,8.0,0.7,7.0,0.7,0.2,18.9,111.5,113.0,2.11,47.0,0.9,9.0,0.5,2.1,0.2,0.8,0.1,317.0,321.0,54.6,-1.8,55.1,5.8,204.0,193.0,39.2,-2.2,37.5,-0.5,38.2,1.4,28.0,-6.1,22.1,-2.1,23.8,1.9,111.5,111.5,-1.2,-1.2,112.7,72.5,7.3,32.4,2.3,24.6,-4.2,1.0,4.4,-1.3,116.0,116.0,-2.5,-2.5,118.4,36.7,2.7,697.0,696.0,30.0,30.0,31.0,601.0,54.5,4.1,17.0,1.8,14.3,0.8,0.0,4.2,11.8,2.0,4.8,0.3,1.6,0.5,0.2,0.2,1.8,50.0,3.9,110.0,0.5,15.0,1.6,46.0,0.7,20.0,0.9,26.0,0.7,0.9,0.4,1.3,0.7,0.7,45.5,32.6,76.9,brandon-boston-jr,,
37036.0,Brandon Taylor,Virtus Segafredo Bologna,PG,2025.0,11.0,93.8,102.3,2.5,47.0,20.0,100.0,61.0,1.5,0.5,0.1,77.3,5.7,1.5,15.0,0.9,31.0,0.0,,0.3,0.1,19.5,114.0,118.7,1.0,38.0,0.5,8.0,0.2,1.4,0.0,,0.0,58.0,73.0,53.4,-2.4,64.4,10.0,56.0,50.0,49.1,9.1,40.7,-3.1,32.1,-3.4,28.0,-5.2,31.7,5.5,25.5,0.6,114.0,114.0,-0.4,-0.4,114.4,72.1,6.7,25.2,-5.9,30.1,3.9,-26.0,-20.2,-18.1,93.8,93.8,-18.5,-18.5,112.3,26.9,-5.1,137.0,163.0,18.0,18.0,18.0,146.0,48.4,-0.8,23.2,5.7,14.4,-1.1,,,,,,,,,,,,,,,,,,,,,,,,,,,,,,,,,,
35726.0,Braxton Key,Valencia Basket,SF,2025.0,34.0,116.4,105.5,6.3,25.0,57.0,65.0,53.0,1.6,3.5,1.8,30.8,8.9,1.1,4.0,1.0,14.0,1.1,7.0,1.7,0.3,18.3,111.7,107.6,3.89,60.0,2.4,15.0,0.7,2.3,0.5,1.6,0.3,532.0,535.0,57.0,-0.8,51.6,-4.2,429.0,412.0,44.6,-1.7,43.5,1.4,34.5,-2.2,34.0,-1.3,27.3,-0.5,25.7,-1.0,111.7,111.7,-3.4,-3.4,115.1,68.9,1.0,28.7,3.7,27.7,0.9,37.0,4.7,-0.4,116.4,116.4,-3.8,-3.8,120.2,34.8,1.0,1271.0,1234.0,42.0,42.0,43.0,1092.0,51.7,1.1,14.2,1.3,14.3,-1.3,0.0,7.1,17.0,1.0,6.3,1.1,3.5,0.7,0.5,0.3,2.4,81.0,5.1,172.0,0.4,13.0,1.6,53.0,1.2,40.0,1.8,62.0,1.1,2.4,1.0,2.6,1.7,0.5,47.1,24.5,64.5,braxton-key,8.0,180.0
38677.0,Brice Dessert,Anadolu Efes Istanbul,C,2025.0,17.0,101.3,116.2,5.3,,68.0,53.0,67.0,0.0,3.5,0.9,0.0,6.1,0.4,2.0,0.9,18.0,1.4,13.0,0.8,0.4,18.6,116.8,116.0,2.3,50.0,1.2,12.0,0.4,1.8,0.5,2.5,0.1,200.0,194.0,50.5,-3.4,59.8,7.0,110.0,135.0,35.5,-7.0,41.0,-4.2,33.6,-1.2,37.0,-1.1,24.6,-3.2,33.1,6.7,116.8,116.8,-1.1,-1.1,117.8,69.7,1.0,26.8,-2.8,32.9,5.8,-68.0,-15.4,-4.4,101.3,101.3,-5.5,-5.5,106.8,33.1,7.5,385.0,453.0,32.0,32.0,32.0,380.0,50.6,3.5,18.9,2.3,16.4,2.1,0.0,5.7,12.9,8.0,5.3,0.4,2.5,0.4,0.5,0.4,2.4,41.0,3.5,60.0,0.0,0.0,0.0,0.0,0.5,8.0,0.9,15.0,1.4,1.2,0.9,1.6,0.8,-3.4,68.3,0.0,53.3,brice-dessert,5.5,260.0
17121.0,Bruno Caboclo,Dubai Basketball,C,2025.0,11.0,121.8,146.4,6.3,80.0,72.0,69.0,84.0,0.9,2.3,1.2,28.6,7.4,0.5,2.0,0.5,11.0,1.1,9.0,1.1,0.1,15.3,120.9,119.0,2.47,52.0,2.0,16.0,0.0,0.0,0.7,2.9,0.3,143.0,164.0,55.2,0.6,54.9,5.7,90.0,87.0,38.6,6.6,34.7,-4.1,37.8,1.5,32.2,-6.0,24.9,-1.1,25.6,0.7,120.9,120.9,5.3,5.3,115.6,60.6,-10.2,31.6,2.7,27.5,-0.7,1.0,0.8,-4.8,121.8,121.8,0.5,0.5,121.2,29.9,0.0,319.0,318.0,32.0,32.0,32.0,262.0,45.8,-5.6,11.7,0.0,12.6,1.1,0.0,7.6,12.7,0.0,6.3,0.5,3.1,0.0,0.7,0.1,2.4,26.0,3.2,35.0,0.7,8.0,0.9,10.0,0.8,9.0,1.2,13.0,1.1,2.0,0.5,2.9,1.1,1.1,74.3,80.0,69.2,bruno-caboclo,,
23503.0,Bruno Fernando,Partizan Mozzart Bet Belgrade,C,2025.0,32.0,107.4,110.3,8.4,50.0,63.0,74.0,66.0,0.1,5.0,2.7,1.2,10.0,0.7,3.0,1.6,20.0,1.7,11.0,2.8,0.2,21.0,115.6,114.6,3.52,52.0,2.8,17.0,0.6,1.7,0.6,1.8,0.2,557.0,523.0,53.7,-1.5,54.5,-4.2,336.0,413.0,37.6,-2.2,44.1,5.0,35.1,2.9,36.3,-0.4,25.0,-0.2,27.2,0.4,115.6,115.6,-1.1,-1.1,116.6,67.5,-3.7,26.9,-3.4,26.4,1.9,-99.0,-8.1,-2.3,107.4,107.4,-3.4,-3.4,110.8,28.6,0.3,1155.0,1254.0,45.0,45.0,46.0,1075.0,48.6,-0.1,17.6,3.7,14.6,-0.7,0.0,10.2,17.3,22.0,7.8,0.7,4.3,0.5,0.5,0.1,3.0,112.0,4.8,178.0,0.0,1.0,0.1,2.0,1.8,65.0,2.4,88.0,1.6,2.7,1.6,2.6,2.6,-1.8,62.9,50.0,73.9,bruno-fernando,10.3,78.0
14020.0,Bryant Dunston,EA7 Emporio Armani Milan,C,2025.0,17.0,112.8,144.1,2.9,0.0,64.0,74.0,66.0,0.1,1.5,1.4,3.8,3.9,0.4,2.0,0.2,8.0,0.9,9.0,1.1,0.1,10.8,108.3,106.6,2.13,55.0,1.2,12.0,0.3,1.5,0.7,3.6,0.1,161.0,188.0,50.9,-3.4,52.7,-4.5,135.0,104.0,45.6,3.6,35.6,-6.4,32.6,-7.3,25.0,-15.1,25.7,-2.4,21.8,-3.4,108.3,108.3,-16.8,-16.8,125.1,65.9,-3.6,30.6,5.4,28.3,-0.3,8.0,4.5,9.3,112.8,112.8,-7.5,-7.5,120.2,29.5,-1.4,362.0,354.0,27.0,27.0,27.0,321.0,47.7,-2.3,10.2,-3.7,14.2,2.6,0.0,4.9,10.9,1.0,2.9,0.4,2.1,0.3,0.7,0.1,0.9,16.0,1.5,26.0,0.0,0.0,0.1,1.0,1.0,17.0,1.4,23.0,0.9,1.2,0.2,1.6,1.1,0.6,61.5,0.0,73.9,bryant-dunston,,
,Burakcan Yildizli,Anadolu Efes,F,,,,,,,,,,,,,,,,,,,,,,,,,,,,,,,,,,,,,,,,,,,,,,,,,,,,,,,,,,,,,,,,,,,,,,,,,,,,,,,,,,,,,,,,,,,,,,,,,,,,,,,,,,,,,,,,,,,,,,,,4.0,324.0
17903.0,Cameron Payne,Partizan Mozzart Bet Belgrade,PG,2025.0,10.0,109.2,117.0,12.4,33.0,53.0,86.0,58.0,6.3,3.4,2.9,64.9,21.4,3.9,13.0,2.2,17.0,0.4,2.0,2.8,0.5,26.5,118.4,117.2,4.49,52.0,1.9,10.0,1.2,2.8,0.0,,0.3,204.0,212.0,54.9,-1.6,58.5,-5.8,166.0,173.0,44.9,2.5,44.9,4.0,34.9,0.7,39.3,2.6,25.4,-2.6,29.2,1.7,118.4,118.4,-6.8,-6.8,125.2,69.3,-2.2,25.8,-4.8,23.2,-3.2,-34.0,-9.2,7.0,109.2,109.2,0.2,0.2,109.0,26.1,0.2,475.0,509.0,59.0,59.0,58.0,435.0,47.7,-0.2,16.8,1.0,14.9,1.9,,,,,,,,,,,,,,,,,,,,,,,,,,,,,,,,,,
35695.0,Carlik Jones,Partizan Mozzart Bet Belgrade,PG,2025.0,15.0,120.3,125.5,15.4,29.0,52.0,90.0,57.0,2.8,9.0,4.1,23.7,26.3,4.6,12.0,1.8,12.0,0.9,4.0,4.0,1.0,26.0,110.1,113.6,4.49,44.0,2.3,10.0,0.8,1.6,0.3,0.5,0.2,446.0,365.0,53.1,1.0,53.2,-2.0,235.0,263.0,34.5,-2.4,41.9,4.3,37.9,0.3,33.5,-5.6,23.8,-5.5,25.3,-3.3,110.1,110.1,-6.5,-6.5,116.7,70.4,1.5,27.9,-0.3,28.1,3.2,84.0,10.1,19.7,120.3,120.3,13.2,13.2,107.0,32.9,1.7,920.0,836.0,69.0,69.0,68.0,765.0,51.2,1.3,12.2,-5.5,15.6,0.2,0.0,18.1,28.1,13.0,15.4,4.6,3.1,0.8,0.3,1.0,5.5,82.0,11.8,177.0,0.8,12.0,2.8,42.0,3.7,55.0,4.1,61.0,0.9,2.3,1.8,1.9,4.0,5.5,46.3,28.6,90.2,carlik-jones,13.6,22.0
24404.0,Carsen Edwards,Virtus Segafredo Bologna,PG,2025.0,36.0,109.9,108.6,17.3,32.0,47.0,80.0,51.0,7.8,8.0,2.9,49.4,22.6,2.3,8.0,2.6,13.0,0.3,1.0,3.8,1.1,36.1,121.1,123.6,3.95,43.0,1.9,9.0,0.9,1.9,0.1,0.2,0.1,858.0,819.0,54.1,-3.8,59.1,6.5,618.0,636.0,41.9,0.8,43.7,-3.5,33.5,-3.2,38.4,4.4,25.0,-7.9,29.6,3.9,121.1,121.1,7.9,7.9,113.2,68.9,5.1,26.6,-3.9,27.4,-0.8,-158.0,-11.2,-11.7,109.9,109.9,-3.7,-3.7,113.6,31.9,2.6,1854.0,2012.0,64.0,64.0,63.0,1687.0,49.5,1.1,15.9,-2.0,14.2,-0.6,0.0,11.5,25.2,34.0,17.2,2.3,2.2,0.9,0.1,1.1,6.2,218.0,15.9,555.0,2.5,86.0,7.8,272.0,2.3,81.0,2.9,102.0,0.3,1.9,2.5,1.8,3.9,-4.1,39.3,31.6,79.4,carsen-edwards,11.4,53.0
15063.0,Cedi Osman,Panathinaikos AKTOR Athens,SF,2025.0,39.0,118.6,121.8,12.9,38.0,56.0,82.0,62.0,4.3,4.4,3.7,49.4,15.8,1.2,3.0,0.8,7.0,0.5,2.0,3.2,0.3,19.3,116.1,116.8,4.86,48.0,3.0,13.0,0.7,1.4,0.1,0.2,0.2,1097.0,975.0,55.9,-1.1,57.2,-1.3,648.0,744.0,37.1,-1.1,43.3,0.5,34.9,-2.5,34.9,0.4,23.8,-4.2,27.4,-0.3,116.1,116.1,-1.0,-1.0,117.0,67.0,0.9,26.9,1.7,28.2,1.3,24.0,2.5,-0.9,118.6,118.6,-1.9,-1.9,120.4,31.3,0.9,2312.0,2288.0,68.0,68.0,69.0,1950.0,49.0,1.0,12.8,-0.1,14.8,-0.3,0.0,13.6,27.3,34.0,12.9,1.2,3.5,0.7,0.1,0.3,4.1,160.0,8.7,340.0,1.6,64.0,4.3,168.0,3.0,118.0,3.7,144.0,0.5,3.0,0.8,2.5,3.2,1.3,47.1,38.1,81.9,cedi-osman,,
35325.0,Chima Moneke,Crvena Zvezda Meridianbet Belgrade,PF,2025.0,35.0,120.1,123.0,13.9,34.0,62.0,77.0,65.0,1.9,6.1,5.6,23.9,18.8,2.0,5.0,1.8,15.0,1.7,8.0,4.3,0.4,20.8,114.3,111.5,5.75,57.0,4.8,20.0,1.0,2.0,0.4,0.8,0.3,933.0,831.0,59.4,9.6,55.2,-2.0,606.0,672.0,39.4,0.6,44.7,-0.5,36.0,4.4,35.7,-0.4,28.6,4.7,26.4,0.3,114.3,114.3,-1.1,-1.1,115.3,69.7,-0.9,26.7,-2.7,27.1,-3.5,133.0,5.8,13.8,120.1,120.1,12.7,12.7,107.4,36.9,-3.0,2152.0,2019.0,68.0,68.0,67.0,1792.0,53.9,-0.5,16.0,0.4,15.2,-0.1,0.0,19.6,26.9,35.0,13.9,2.0,6.5,1.0,0.4,0.4,4.5,156.0,8.0,280.0,0.7,23.0,1.9,67.0,4.3,151.0,5.6,195.0,1.7,4.8,1.8,2.6,4.3,1.8,55.7,34.3,77.4,chima-moneke,15.5,3.0
,Chris Duarte,Baskonia,G,,,,,,,,,,,,,,,,,,,,,,,,,,,,,,,,,,,,,,,,,,,,,,,,,,,,,,,,,,,,,,,,,,,,,,,,,,,,,,,,,,,,,,,,,,,,,,,,,,,,,,,,,,,,,,,,,,,,,,,,10.0,90.0
24698.0,Chris Jones,Hapoel Shlomo Tel Aviv,PG,2025.0,42.0,118.7,127.1,10.0,42.0,52.0,88.0,61.0,3.3,4.3,1.5,43.1,19.7,4.2,15.0,1.6,16.0,0.2,1.0,2.1,0.2,23.6,115.6,116.6,3.49,47.0,1.9,10.0,0.9,2.4,0.0,0.1,0.1,810.0,828.0,59.1,0.4,58.6,5.0,525.0,584.0,39.3,1.9,41.4,2.2,36.6,-0.7,30.1,-6.6,24.6,0.6,24.2,-1.5,115.6,115.6,0.7,0.7,114.9,68.5,1.5,26.7,1.3,28.7,1.4,52.0,3.1,0.8,118.7,118.7,1.5,1.5,117.1,26.7,-2.0,1863.0,1811.0,50.0,50.0,50.0,1570.0,48.9,0.1,13.9,-1.2,12.6,-3.0,0.0,12.4,20.4,4.0,10.0,4.2,2.0,0.9,0.0,0.2,3.6,152.0,7.6,318.0,1.4,58.0,3.3,137.0,1.4,57.0,1.5,65.0,0.2,1.9,1.6,1.4,2.1,1.0,47.8,42.3,87.7,chris-jones,12.1,46.0
24340.0,Chris Silva,Fenerbahce Beko Istanbul,C,2025.0,16.0,105.6,112.6,4.4,,61.0,89.0,70.0,0.0,2.8,1.1,0.0,5.4,0.4,3.0,0.9,23.0,0.8,10.0,1.5,0.1,22.3,116.4,112.2,1.81,56.0,0.9,12.0,0.3,2.0,0.1,0.8,0.3,152.0,140.0,51.3,-5.5,56.4,2.9,74.0,75.0,32.7,-10.2,34.9,-4.2,31.1,-3.4,32.0,-0.2,19.3,-3.5,25.5,-0.3,116.4,116.4,2.2,2.2,114.2,63.2,-2.8,32.0,1.4,24.6,-3.2,-32.0,-10.9,-12.1,105.6,105.6,-9.8,-9.8,115.4,32.0,-2.5,266.0,298.0,22.0,22.0,22.0,252.0,46.9,-3.5,16.4,1.7,15.8,2.1,0.0,4.5,8.7,0.0,4.4,0.4,1.7,0.3,0.1,0.1,1.7,27.0,2.8,44.0,0.0,0.0,0.0,0.0,1.0,16.0,1.1,18.0,0.8,0.9,0.9,1.9,1.5,-1.7,61.4,0.0,88.9,chris-silva,7.9,186.0
34860.0,Chuma Okeke,Real Madrid,PF,2025.0,43.0,119.8,136.6,5.6,39.0,64.0,68.0,61.0,3.0,1.5,0.4,66.5,7.7,0.8,3.0,0.3,7.0,1.5,9.0,0.5,0.1,13.1,114.3,114.1,3.34,52.0,2.4,15.0,0.6,1.8,0.5,1.5,0.2,680.0,739.0,54.4,-2.7,50.7,-3.7,572.0,505.0,45.7,7.1,40.6,-1.3,37.4,-0.4,38.6,3.0,25.7,-1.3,21.0,-3.7,114.3,114.3,-0.5,-0.5,114.7,70.0,-3.2,26.0,-1.8,26.9,-3.0,72.0,5.6,-1.3,119.8,119.8,-1.8,-1.8,121.6,35.1,-0.2,1650.0,1578.0,44.0,44.0,44.0,1377.0,52.6,-2.3,13.6,-1.5,13.5,1.0,0.0,8.5,17.9,32.0,5.6,0.8,3.9,0.6,0.5,0.1,2.1,90.0,4.4,191.0,1.1,49.0,3.0,127.0,0.3,13.0,0.4,19.0,1.5,2.4,0.3,1.0,0.5,1.6,47.1,38.6,68.4,chuma-okeke,9.0,131.0
34680.0,Clement Frisch,Kosner Baskonia Vitoria-Gasteiz,"SF,PF",2025.0,37.0,118.4,134.4,4.3,42.0,71.0,100.0,68.0,1.8,1.3,0.2,57.9,5.4,0.5,2.0,0.3,9.0,0.5,5.0,0.4,0.1,13.2,117.5,117.7,2.3,49.0,1.9,18.0,0.3,1.4,0.1,0.5,0.2,363.0,482.0,59.2,1.4,51.9,-3.4,346.0,249.0,48.8,7.2,34.1,-5.3,36.7,3.4,40.2,-1.1,26.7,1.0,23.0,-1.5,117.5,117.5,-7.2,-7.2,124.7,69.6,4.5,29.4,1.0,28.1,0.1,11.0,0.9,10.3,118.4,118.4,3.0,3.0,115.3,26.1,-5.2,1031.0,1020.0,31.0,31.0,31.0,871.0,48.5,0.6,15.0,-0.2,14.5,0.6,0.0,5.0,12.1,3.0,4.3,0.5,2.5,0.3,0.1,0.1,1.7,62.0,3.1,114.0,0.8,28.0,1.8,66.0,0.2,6.0,0.2,6.0,0.5,1.9,0.3,1.4,0.4,-0.3,54.4,42.4,100.0,clement-frisch,5.1,268.0
38820.0,Clifford Omoruyi,Maccabi Playtika Tel Aviv,C,2025.0,3.0,125.9,104.4,0.7,,0.0,100.0,33.0,0.0,0.7,0.7,0.0,0.7,0.0,0.0,0.3,25.0,1.3,24.0,0.3,0.0,11.1,157.1,161.4,0.51,27.0,0.3,8.0,0.0,0.0,0.0,,0.0,15.0,13.0,40.0,-7.3,69.2,9.0,14.0,13.0,48.3,1.7,50.0,1.5,28.6,-10.9,38.5,-1.3,17.6,-8.8,41.9,13.6,157.1,157.1,25.2,25.2,132.0,38.5,-18.7,32.1,0.2,33.3,1.2,-10.0,-31.2,-19.2,125.9,125.9,6.0,6.0,119.9,52.9,16.0,34.0,44.0,12.0,12.0,13.0,27.0,46.7,0.3,5.6,-7.3,13.9,0.2,,,,,,,,,,,,,,,,,,,,,,,,,,,,,,,,,,
23307.0,Codi Miller-McIntyre,Crvena Zvezda Meridianbet Belgrade,PG,2025.0,39.0,118.3,118.1,12.6,33.0,52.0,60.0,53.0,5.4,5.7,2.1,48.3,29.6,7.4,16.0,2.8,19.0,0.8,3.0,2.7,0.6,21.7,115.4,117.1,5.39,47.0,3.6,13.0,1.0,1.7,0.1,0.1,0.2,1204.0,1073.0,57.3,7.0,57.3,3.7,754.0,859.0,38.5,-3.3,44.5,-0.6,35.9,3.4,35.0,-2.0,26.9,0.6,26.4,0.3,115.4,115.4,1.4,1.4,114.0,69.4,-0.4,26.3,-6.8,28.6,0.9,75.0,2.9,9.0,118.3,118.3,10.4,10.4,107.9,36.2,-5.3,2674.0,2599.0,77.0,77.0,77.0,2261.0,52.9,-2.3,15.3,-1.8,15.2,0.0,0.0,15.9,30.9,39.0,12.6,7.4,4.5,1.0,0.1,0.6,4.8,186.0,11.1,433.0,1.8,69.0,5.4,209.0,1.3,49.0,2.1,81.0,0.8,3.6,2.8,2.5,2.7,1.2,43.0,33.0,60.5,codi-miller-mcintyre,11.0,61.0
36305.0,Cole Swider,Anadolu Efes Istanbul,PF,2025.0,30.0,112.6,131.9,5.3,48.0,61.0,95.0,74.0,2.6,0.8,0.6,77.5,6.0,0.3,2.0,0.2,6.0,0.2,2.0,0.4,0.1,20.5,122.1,124.9,1.3,40.0,0.9,12.0,0.2,1.2,0.0,,0.1,225.0,263.0,54.2,0.8,60.5,3.5,214.0,168.0,48.7,7.0,39.0,-4.0,34.6,-2.1,31.5,-5.8,25.2,0.2,29.0,0.2,122.1,122.1,5.1,5.1,116.9,65.3,-3.6,29.7,0.5,25.2,-3.6,-26.0,-9.5,-1.2,112.6,112.6,3.9,3.9,108.7,21.9,-8.1,571.0,597.0,24.0,24.0,23.0,507.0,42.8,-6.1,12.0,-5.4,13.1,-3.1,0.0,4.2,9.0,3.0,5.3,0.3,1.1,0.2,0.0,0.1,1.7,52.0,3.4,102.0,1.3,38.0,2.6,79.0,0.6,18.0,0.6,19.0,0.2,0.9,0.2,1.3,0.4,-1.7,51.0,48.1,94.7,cole-swider,,
36151.0,Collin Malcolm,Hapoel Shlomo Tel Aviv,SF,2025.0,40.0,118.9,126.9,6.8,42.0,57.0,76.0,61.0,2.1,3.0,1.0,41.2,9.2,1.0,3.0,0.5,8.0,0.9,5.0,1.3,0.3,11.9,117.4,117.7,4.44,49.0,2.7,12.0,0.8,1.7,0.4,0.9,0.1,968.0,993.0,59.7,0.3,57.0,2.4,587.0,656.0,37.7,-2.9,39.8,-0.8,38.2,2.6,33.8,1.5,24.3,-1.0,25.4,1.5,117.4,117.4,4.1,4.1,113.3,66.7,-2.0,26.4,0.4,28.0,-0.1,19.0,1.6,-3.1,118.9,118.9,0.9,0.9,118.0,28.2,1.0,2166.0,2147.0,62.0,62.0,62.0,1821.0,48.7,-0.1,15.0,0.7,14.2,0.5,0.0,9.0,24.9,32.0,6.8,1.0,3.6,0.8,0.4,0.3,2.6,103.0,5.1,204.0,0.9,35.0,2.1,84.0,0.8,31.0,1.0,41.0,0.9,2.7,0.5,1.8,1.3,1.0,50.5,41.7,75.6,collin-malcolm,8.1,175.0
,Conor Morgan,Besiktas,F,,,,,,,,,,,,,,,,,,,,,,,,,,,,,,,,,,,,,,,,,,,,,,,,,,,,,,,,,,,,,,,,,,,,,,,,,,,,,,,,,,,,,,,,,,,,,,,,,,,,,,,,,,,,,,,,,,,,,,,,8.5,159.0
8318.0,Cory Joseph,Olympiacos Piraeus,"PG,SG",2025.0,16.0,128.2,116.5,5.5,34.0,55.0,81.0,59.0,2.0,1.9,1.6,50.8,11.1,2.3,10.0,1.2,20.0,0.4,3.0,2.1,0.0,17.7,106.5,107.1,3.03,54.0,1.4,10.0,0.5,1.8,0.1,0.2,0.3,220.0,192.0,60.0,3.2,55.7,-0.2,175.0,195.0,44.3,0.8,50.4,9.0,37.7,-0.6,30.3,-3.0,29.0,-0.5,25.1,-1.7,106.5,106.5,-1.8,-1.8,108.3,73.6,-3.3,26.3,1.3,32.9,6.7,100.0,21.7,10.6,128.2,128.2,8.7,8.7,119.5,37.4,7.9,577.0,477.0,37.0,37.0,37.0,450.0,56.5,2.7,13.5,-0.6,15.2,1.1,0.0,7.4,15.6,0.0,5.5,2.3,1.8,0.5,0.1,0.0,1.8,28.0,3.9,63.0,0.7,11.0,2.0,32.0,1.3,21.0,1.6,26.0,0.4,1.4,1.2,1.8,2.1,5.8,44.4,34.4,80.8,cory-joseph,7.0,215.0
,DJ Stewart,Baskonia,G,,,,,,,,,,,,,,,,,,,,,,,,,,,,,,,,,,,,,,,,,,,,,,,,,,,,,,,,,,,,,,,,,,,,,,,,,,,,,,,,,,,,,,,,,,,,,,,,,,,,,,,,,,,,,,,,,,,,,,,,8.8,142.0
,Damian Jones,Real Madrid,C,,,,,,,,,,,,,,,,,,,,,,,,,,,,,,,,,,,,,,,,,,,,,,,,,,,,,,,,,,,,,,,,,,,,,,,,,,,,,,,,,,,,,,,,,,,,,,,,,,,,,,,,,,,,,,,,,,,,,,,,9.1,126.0
,Damion Baugh,Baskonia,G,,,,,,,,,,,,,,,,,,,,,,,,,,,,,,,,,,,,,,,,,,,,,,,,,,,,,,,,,,,,,,,,,,,,,,,,,,,,,,,,,,,,,,,,,,,,,,,,,,,,,,,,,,,,,,,,,,,,,,,,8.4,163.0
8354.0,Daniel Hackett,Virtus Segafredo Bologna,PG,2025.0,34.0,108.7,115.7,3.4,40.0,42.0,75.0,56.0,1.5,1.1,0.8,59.1,6.6,1.4,6.0,0.8,21.0,0.5,4.0,1.2,0.0,12.3,117.9,117.8,2.74,51.0,1.8,14.0,0.4,1.5,0.0,0.1,0.1,425.0,406.0,53.9,-2.3,54.2,-2.8,322.0,396.0,43.1,1.9,49.4,6.2,34.2,-2.3,36.9,1.3,28.5,1.2,26.5,-1.3,117.9,117.9,1.1,1.1,116.9,67.7,1.0,29.1,1.4,29.1,2.4,-104.0,-9.2,-5.6,108.7,108.7,-4.5,-4.5,113.3,33.2,3.8,982.0,1086.0,36.0,36.0,37.0,903.0,50.8,2.5,17.9,1.6,14.0,-0.6,0.0,4.7,14.7,2.0,3.3,1.4,2.3,0.4,0.0,0.0,1.0,34.0,2.6,85.0,0.6,20.0,1.5,50.0,0.6,20.0,0.8,27.0,0.5,1.8,0.8,1.5,1.2,-2.5,40.0,40.0,74.1,daniel-hackett,4.8,282.0
34849.0,Daniel Oturu,Hapoel Shlomo Tel Aviv,C,2025.0,42.0,118.0,137.0,13.9,0.0,71.0,64.0,71.0,0.0,8.5,3.0,0.3,16.1,0.8,3.0,1.4,13.0,2.5,13.0,2.8,0.6,22.5,113.7,113.7,4.47,51.0,3.2,15.0,0.5,1.1,1.4,3.1,0.2,1016.0,967.0,59.2,0.6,54.7,-3.2,579.0,674.0,36.3,-5.1,41.1,1.9,35.9,-2.3,33.8,1.3,24.2,-0.3,25.3,1.0,113.7,113.7,-3.7,-3.7,117.4,68.5,1.8,25.7,-1.0,27.5,-1.4,83.0,4.3,4.0,118.0,118.0,0.3,0.3,117.7,28.9,3.2,2181.0,2098.0,59.0,59.0,59.0,1848.0,49.6,2.0,14.7,0.5,14.5,0.9,0.0,17.7,23.9,42.0,13.9,0.8,5.6,0.5,1.4,0.6,6.0,252.0,8.5,356.0,0.0,0.0,0.0,1.0,1.9,81.0,3.0,126.0,2.5,3.2,1.4,2.7,2.8,2.0,70.8,0.0,64.3,dan-oturu,14.2,18.0
13408.0,Daniel Theis,AS Monaco,C,2025.0,38.0,118.8,125.7,9.7,27.0,69.0,81.0,66.0,1.6,4.8,2.2,24.5,11.6,0.9,3.0,0.9,11.0,1.7,9.0,2.3,0.2,19.1,120.4,118.8,3.85,52.0,3.4,19.0,0.4,1.2,0.8,2.3,0.2,796.0,724.0,57.2,1.7,58.6,6.6,447.0,541.0,36.0,-4.3,42.8,2.1,32.9,-1.5,37.2,0.7,28.0,2.0,25.1,2.5,120.4,120.4,9.3,9.3,111.1,67.2,1.7,26.2,-2.3,31.1,3.1,1.0,-1.7,-8.9,118.8,118.8,0.4,0.4,118.4,29.4,-2.1,1710.0,1709.0,51.0,51.0,50.0,1440.0,48.3,-0.5,12.7,0.2,14.1,-2.1,0.0,13.0,20.5,36.0,9.7,0.9,5.0,0.4,0.8,0.2,3.7,142.0,6.3,241.0,0.4,16.0,1.6,59.0,1.8,67.0,2.2,83.0,1.7,3.4,0.9,2.9,2.3,-0.4,58.9,27.1,80.7,daniel-theis,12.2,43.0
14046.0,Danilo Andjusic,Dubai Basketball,SG,2025.0,1.0,71.4,66.7,2.0,0.0,,100.0,33.0,2.0,0.0,2.0,100.0,2.0,0.0,0.0,0.0,0.0,0.0,,2.0,1.0,42.9,88.9,97.8,0.6,33.0,0.0,,0.0,0.0,0.0,,0.0,1.0,2.0,0.0,-50.0,100.0,43.8,3.0,2.0,75.0,39.4,50.0,11.5,0.0,-19.0,0.0,-40.0,0.0,-26.2,16.7,-7.1,88.9,88.9,-36.9,-36.9,125.8,100.0,40.0,33.3,1.1,71.4,48.0,-3.0,-17.5,11.5,71.4,71.4,-25.4,-25.4,96.9,0.0,-25.0,5.0,8.0,10.0,10.0,13.0,7.0,20.0,-20.9,0.0,-11.0,33.3,18.5,,,,,,,,,,,,,,,,,,,,,,,,,,,,,,,,,,
21547.0,Dario Brizuela,FC Barcelona,SG,2025.0,38.0,113.8,118.2,8.9,35.0,56.0,87.0,56.0,3.9,3.7,0.8,51.0,12.3,1.4,7.0,0.9,10.0,0.2,1.0,1.1,0.2,26.9,116.1,118.9,2.37,43.0,0.9,8.0,0.6,2.2,0.0,,0.1,554.0,523.0,54.3,-1.1,57.9,0.6,401.0,330.0,42.0,3.1,38.7,0.0,34.2,-4.9,36.7,2.9,24.3,-1.6,24.3,-0.6,116.1,116.1,0.6,0.6,115.5,69.7,3.3,30.2,3.6,27.5,-1.2,6.0,-2.3,-5.6,113.8,113.8,-5.1,-5.1,118.9,35.4,4.3,1210.0,1204.0,39.0,39.0,38.0,1063.0,51.1,2.4,14.6,0.7,16.3,0.7,0.0,6.3,15.5,1.0,8.9,1.4,1.1,0.6,0.0,0.2,3.4,131.0,7.6,290.0,1.4,52.0,3.9,148.0,0.7,26.0,0.8,30.0,0.2,0.9,0.9,1.9,1.1,-0.6,45.2,35.1,86.7,dario-brizuela,6.4,239.0
,Dario Saric,Anadolu Efes,F,,,,,,,,,,,,,,,,,,,,,,,,,,,,,,,,,,,,,,,,,,,,,,,,,,,,,,,,,,,,,,,,,,,,,,,,,,,,,,,,,,,,,,,,,,,,,,,,,,,,,,,,,,,,,,,,,,,,,,,,14.5,14.0
24164.0,Darius Thompson,Valencia Basket,PG,2025.0,44.0,120.3,133.0,9.0,40.0,56.0,85.0,61.0,3.8,3.1,1.1,55.6,16.5,3.1,11.0,1.0,12.0,0.8,5.0,1.3,0.1,20.2,112.0,115.0,3.19,45.0,1.0,6.0,1.0,2.7,0.3,0.8,0.1,733.0,825.0,58.8,2.2,54.2,-0.7,684.0,541.0,48.3,3.4,39.6,-4.2,37.7,3.2,33.8,-2.0,28.3,1.6,26.3,0.5,112.0,112.0,-3.8,-3.8,115.8,69.7,1.7,27.9,2.0,24.6,-4.3,131.0,8.2,6.6,120.3,120.3,2.8,2.8,117.5,33.3,-3.2,1881.0,1750.0,47.0,47.0,47.0,1564.0,51.6,-0.3,13.6,-0.7,14.6,-0.7,0.0,10.6,18.8,20.0,9.0,3.1,1.9,1.0,0.3,0.1,3.3,143.0,6.9,304.0,1.5,68.0,3.8,169.0,0.9,41.0,1.1,48.0,0.8,1.0,1.0,1.7,1.3,3.5,47.0,40.2,85.4,darius-thompson,8.7,150.0
,Daron Russell,Anadolu Efes,G,,,,,,,,,,,,,,,,,,,,,,,,,,,,,,,,,,,,,,,,,,,,,,,,,,,,,,,,,,,,,,,,,,,,,,,,,,,,,,,,,,,,,,,,,,,,,,,,,,,,,,,,,,,,,,,,,,,,,,,,10.7,66.0
35500.0,Daulton Hommes,Paris Basketball,"SF,PF",2025.0,21.0,111.2,119.7,4.8,45.0,50.0,76.0,66.0,2.4,0.8,1.0,76.1,6.3,0.6,3.0,0.6,14.0,0.6,4.0,1.0,0.0,13.8,122.8,125.2,2.28,43.0,1.4,12.0,0.3,1.1,0.2,0.9,0.2,244.0,248.0,45.9,-6.5,52.4,-2.3,243.0,193.0,49.9,4.3,43.8,-3.4,37.4,-1.8,41.5,4.9,23.0,0.9,29.6,3.2,122.8,122.8,6.7,6.7,116.1,67.2,3.0,32.0,4.7,26.8,1.5,-73.0,-11.6,-13.3,111.2,111.2,-6.6,-6.6,117.8,32.1,-4.7,617.0,690.0,34.0,34.0,34.0,555.0,47.9,-2.4,15.1,-0.1,15.7,-0.3,0.0,4.5,13.6,7.0,4.8,0.6,2.0,0.3,0.2,0.0,1.5,31.0,3.2,67.0,1.1,23.0,2.4,51.0,0.8,16.0,1.0,21.0,0.6,1.4,0.6,2.1,1.0,-2.2,46.3,45.1,76.2,daulton-hommes,6.2,249.0
,David DeJulius,Besiktas,G,,,,,,,,,,,,,,,,,,,,,,,,,,,,,,,,,,,,,,,,,,,,,,,,,,,,,,,,,,,,,,,,,,,,,,,,,,,,,,,,,,,,,,,,,,,,,,,,,,,,,,,,,,,,,,,,,,,,,,,,9.9,97.0
18459.0,David Kraemer,Real Madrid,SG,2025.0,8.0,227.8,183.0,2.5,35.0,25.0,0.0,45.0,2.1,0.5,0.3,81.0,4.1,0.9,9.0,0.4,12.0,0.3,2.0,0.6,0.1,19.5,220.2,,2.23,106.0,1.4,11.0,0.3,2.4,0.0,,0.0,0.0,0.0,,,,,0.0,0.0,0.0,,0.0,,,,,,0.0,,0.0,,220.2,220.2,,,,78.0,,0.0,,0.0,,36.0,7.6,,227.8,227.8,,,,37.3,,221.0,185.0,100.0,100.0,100.0,97.0,59.6,,24.2,,22.6,,,,,,,,,,,,,,,,,,,,,,,,,,,,,,,,,,,
34931.0,David Kramer,Real Madrid,"SG,SF",2025.0,14.0,119.8,103.9,2.5,32.0,36.0,50.0,46.0,1.8,0.8,0.4,69.4,4.2,0.9,5.0,0.4,14.0,0.4,4.0,0.6,0.2,13.0,113.3,113.6,2.08,51.0,0.9,8.0,0.2,1.1,0.0,,0.3,143.0,134.0,60.1,1.2,52.2,0.2,108.0,116.0,43.0,-0.7,46.4,5.5,36.1,-2.0,34.5,1.4,28.9,2.6,20.5,-1.7,113.3,113.3,0.4,0.4,113.0,74.6,8.2,29.8,2.9,29.7,0.6,16.0,6.5,-1.4,119.8,119.8,-1.0,-1.0,120.8,41.7,8.5,339.0,323.0,28.0,28.0,28.0,283.0,58.8,7.3,16.0,0.5,11.8,-1.0,0.0,1.1,11.3,2.0,2.5,0.9,1.2,0.2,0.0,0.2,0.9,12.0,2.6,36.0,0.6,8.0,1.8,25.0,0.2,3.0,0.4,6.0,0.4,0.9,0.4,2.0,0.6,1.0,33.3,32.0,50.0,david-kramer,6.5,231.0
9540.0,David Lighty,LDLC ASVEL Villeurbanne,SF,2025.0,33.0,103.2,108.8,4.2,33.0,50.0,72.0,51.0,1.9,1.9,0.5,50.0,6.8,1.2,4.0,0.5,12.0,0.8,5.0,1.0,0.1,11.9,122.1,125.2,2.66,39.0,1.1,8.0,0.4,1.1,0.1,0.2,0.2,558.0,571.0,50.2,-2.7,60.9,3.3,418.0,364.0,42.8,-1.1,38.9,-1.1,31.1,-4.1,37.6,3.1,24.2,-0.7,29.8,2.0,122.1,122.1,7.3,7.3,114.8,67.6,0.8,31.5,1.7,24.9,-3.2,-214.0,-18.9,-14.4,103.2,103.2,-7.1,-7.1,110.3,29.8,-2.8,1161.0,1375.0,46.0,46.0,46.0,1125.0,47.0,-1.8,15.7,-0.1,15.1,-1.6,0.0,4.1,18.6,15.0,4.2,1.2,1.9,0.4,0.1,0.1,1.6,53.0,3.9,128.0,0.6,21.0,1.9,64.0,0.4,13.0,0.5,18.0,0.8,1.1,0.5,1.7,1.0,-5.9,41.4,32.8,72.2,david-lighty,4.8,283.0
37266.0,David McCormack,FC Bayern Munich,C,2025.0,28.0,112.9,107.3,6.9,0.0,61.0,71.0,64.0,0.1,4.6,1.7,2.3,8.8,0.8,4.0,1.3,19.0,1.0,8.0,2.2,0.1,21.2,112.6,109.5,3.24,57.0,2.1,17.0,0.8,2.8,0.2,0.7,0.1,421.0,366.0,56.1,2.2,59.3,5.4,266.0,311.0,38.7,-4.9,45.9,3.9,36.5,0.3,32.2,-8.8,29.3,4.4,26.7,-0.9,112.6,112.6,-6.3,-6.3,118.9,66.6,-0.6,28.8,-2.5,24.7,-2.1,-11.0,0.3,6.4,112.9,112.9,0.2,0.2,112.7,28.1,-4.6,876.0,887.0,39.0,39.0,39.0,776.0,47.3,-2.0,15.2,-0.4,16.7,0.8,0.0,8.1,15.5,15.0,6.9,0.8,3.2,0.8,0.2,0.1,2.8,79.0,4.8,133.0,0.0,0.0,0.1,3.0,1.2,34.0,1.7,48.0,1.0,2.1,1.3,2.6,2.2,-0.5,59.4,0.0,70.8,david-mccormack,,
24752.0,David Michineau,AS Monaco,PG,2025.0,4.0,145.0,73.9,0.5,0.0,33.0,,25.0,0.3,0.8,0.0,25.0,1.8,0.5,15.0,0.5,33.0,0.0,,0.0,0.0,28.6,85.0,94.4,0.46,46.0,0.0,,0.3,5.0,0.0,,0.0,9.0,10.0,66.7,9.2,50.0,-6.9,3.0,8.0,25.0,-11.3,44.4,3.8,66.7,28.2,25.0,-21.8,41.2,10.8,15.0,-11.8,85.0,85.0,-34.2,-34.2,119.2,69.2,-1.1,15.0,-14.9,45.0,15.2,12.0,60.0,53.6,145.0,145.0,19.4,19.4,125.6,20.0,-10.7,29.0,17.0,6.0,6.0,6.0,20.0,55.6,5.8,19.0,7.5,16.7,-2.0,,,,,,,,,,,,,,,,,,,,,,,,,,,,,,,,,,
35489.0,David Mutaf,Anadolu Efes Istanbul,SG,2025.0,8.0,107.2,113.5,3.3,45.0,56.0,50.0,62.0,1.4,1.1,0.3,55.0,4.4,0.5,7.0,0.4,13.0,0.1,3.0,0.1,0.0,25.0,140.7,145.4,0.6,28.0,0.1,3.0,0.0,0.0,0.0,,0.1,45.0,56.0,55.6,-1.2,53.6,-2.6,25.0,28.0,35.7,-5.1,33.3,-8.2,32.0,-1.7,46.4,10.3,22.1,-5.5,33.3,2.7,140.7,140.7,20.4,20.4,120.3,60.0,-6.2,25.6,-3.6,24.1,-3.9,-32.0,-33.5,-24.5,107.2,107.2,-4.1,-4.1,111.3,34.2,5.6,89.0,121.0,15.0,15.0,15.0,83.0,47.4,-0.3,19.8,2.8,5.9,-7.7,0.0,1.5,6.2,1.0,3.3,0.5,0.3,0.0,0.0,0.0,1.3,10.0,2.5,20.0,0.6,5.0,1.4,11.0,0.1,1.0,0.3,2.0,0.1,0.1,0.4,1.0,0.1,-3.3,50.0,45.5,50.0,david-mutaf,4.0,325.0
,Davide Casarin,Virtus Bologna,G,,,,,,,,,,,,,,,,,,,,,,,,,,,,,,,,,,,,,,,,,,,,,,,,,,,,,,,,,,,,,,,,,,,,,,,,,,,,,,,,,,,,,,,,,,,,,,,,,,,,,,,,,,,,,,,,,,,,,,,,5.5,261.0
,Davion Mintz,Dubai,G,,,,,,,,,,,,,,,,,,,,,,,,,,,,,,,,,,,,,,,,,,,,,,,,,,,,,,,,,,,,,,,,,,,,,,,,,,,,,,,,,,,,,,,,,,,,,,,,,,,,,,,,,,,,,,,,,,,,,,,,6.6,228.0
6492.0,Davis Bertans,Dubai Basketball,SF,2025.0,29.0,118.3,109.8,8.0,34.0,47.0,85.0,54.0,5.8,1.1,1.4,83.9,10.7,1.1,4.0,0.5,7.0,0.5,3.0,0.9,0.0,19.8,117.4,121.3,2.82,42.0,1.9,11.0,0.1,0.4,0.4,1.2,0.2,465.0,540.0,55.7,2.2,50.9,-3.7,414.0,336.0,47.1,17.5,38.4,-0.3,33.6,-1.1,36.3,-4.0,25.0,-0.9,23.3,-3.5,117.4,117.4,-2.8,-2.8,120.2,67.2,-1.5,30.3,2.1,28.4,-1.3,51.0,0.9,5.4,118.3,118.3,2.6,2.6,115.7,29.7,-2.2,1202.0,1151.0,48.0,48.0,46.0,1016.0,48.8,-1.9,12.0,-2.5,12.8,0.4,0.0,5.8,18.6,4.0,8.0,1.1,2.4,0.1,0.4,0.0,2.4,71.0,6.9,199.0,1.9,56.0,5.8,167.0,1.2,34.0,1.4,40.0,0.5,1.9,0.5,2.2,0.9,0.9,35.7,33.5,85.0,davis-bertans,5.5,262.0
18673.0,Deividas Sirvydis,Zalgiris Kaunas,SG,2025.0,27.0,116.0,102.8,4.2,30.0,50.0,93.0,50.0,2.7,1.3,0.6,68.5,6.0,0.9,5.0,0.6,12.0,0.3,3.0,0.8,0.1,18.7,108.1,110.2,1.99,46.0,1.1,10.0,0.3,1.5,0.1,0.3,0.1,300.0,361.0,56.3,2.2,51.2,-4.2,230.0,171.0,43.4,5.0,32.1,-1.8,34.8,-4.8,28.7,-7.0,26.4,-0.4,22.2,-1.8,108.1,108.1,-7.2,-7.2,115.3,65.6,-3.0,28.4,0.4,29.5,0.2,58.0,7.9,1.8,116.0,116.0,-5.4,-5.4,121.4,31.8,-3.9,695.0,637.0,30.0,30.0,30.0,599.0,49.0,-3.0,13.7,-0.3,13.2,-1.0,0.0,3.8,12.3,5.0,4.2,0.9,1.4,0.3,0.1,0.1,1.4,39.0,4.0,108.0,0.8,22.0,2.7,74.0,0.5,14.0,0.6,15.0,0.3,1.1,0.6,1.0,0.8,2.4,36.1,29.7,93.3,deividas-sirvydis,5.0,272.0
21890.0,Dejan Davidovac,Crvena Zvezda Meridianbet Belgrade,SF,2025.0,21.0,114.3,140.6,2.6,42.0,62.0,73.0,64.0,0.6,1.2,0.5,31.6,3.5,0.4,2.0,0.2,10.0,0.8,6.0,0.7,0.0,7.3,116.8,118.4,2.53,48.0,1.3,10.0,0.4,1.6,0.1,0.4,0.2,298.0,259.0,53.0,-5.2,55.6,-1.4,180.0,219.0,37.7,-1.6,45.8,1.9,36.7,2.6,37.4,6.0,23.7,-3.4,25.6,0.2,116.8,116.8,6.7,6.7,110.1,67.4,-1.9,28.3,0.5,30.7,2.2,-21.0,-2.5,-6.9,114.3,114.3,-0.2,-0.2,114.5,37.1,1.1,632.0,653.0,35.0,35.0,36.0,553.0,51.9,-1.6,15.6,-1.5,15.7,0.3,0.0,3.7,14.2,2.0,2.6,0.4,2.1,0.4,0.1,0.0,1.0,21.0,1.8,38.0,0.2,5.0,0.6,12.0,0.4,8.0,0.5,11.0,0.8,1.3,0.2,1.7,0.7,1.9,55.3,41.7,72.7,dejan-davidovac,4.4,307.0
23786.0,Derek Willis,Paris Basketball,PF,2025.0,28.0,118.0,129.7,5.8,37.0,55.0,81.0,59.0,2.3,2.1,1.1,52.0,8.9,1.2,5.0,0.5,9.0,1.3,8.0,1.1,0.2,14.4,112.2,113.1,3.23,51.0,2.6,16.0,0.4,1.2,0.4,1.2,0.2,393.0,385.0,52.2,0.7,52.5,-1.2,393.0,384.0,50.0,1.1,49.9,5.4,38.7,2.5,34.6,0.1,25.6,3.5,25.6,-3.0,112.2,112.2,-2.5,-2.5,114.7,64.0,-1.2,28.0,-2.7,26.6,-0.4,60.0,5.8,5.5,118.0,118.0,3.0,3.0,115.0,35.8,1.6,1063.0,1003.0,41.0,41.0,41.0,901.0,50.2,1.0,15.7,0.9,16.1,-0.5,0.0,8.4,16.3,7.0,5.8,1.2,3.9,0.4,0.4,0.2,2.0,57.0,4.5,125.0,0.9,24.0,2.3,65.0,0.9,25.0,1.1,31.0,1.3,2.6,0.5,1.5,1.1,1.3,45.6,36.9,80.6,derek-willis,8.1,176.0
37796.0,Derrick Alston Jr.,Virtus Segafredo Bologna,PF,2025.0,37.0,114.0,120.8,10.0,45.0,47.0,90.0,62.0,3.6,3.7,1.9,48.9,13.2,1.4,4.0,1.2,13.0,0.6,3.0,1.7,0.4,19.6,118.2,121.8,3.42,41.0,2.1,11.0,0.5,1.2,0.1,0.3,0.2,777.0,730.0,54.7,-2.8,58.4,2.3,521.0,592.0,40.1,-2.6,44.8,-0.8,38.4,7.3,37.2,1.9,28.4,1.4,28.2,0.5,118.2,118.2,-0.6,-0.6,118.8,68.3,4.1,28.1,-0.1,27.6,-0.1,-42.0,-4.2,4.9,114.0,114.0,4.3,4.3,109.7,29.0,-4.7,1762.0,1804.0,57.0,57.0,56.0,1546.0,48.8,-0.4,16.3,-1.0,14.6,0.2,0.0,9.2,22.2,27.0,10.1,1.4,2.6,0.5,0.1,0.4,3.4,121.0,7.1,257.0,1.6,58.0,3.5,127.0,1.8,64.0,2.0,71.0,0.6,2.0,1.2,2.1,1.7,-1.4,47.1,45.7,90.1,derrick-alston-jr,8.4,164.0
19549.0,Devin Booker,EA7 Emporio Armani Milan,C,2025.0,36.0,117.6,118.4,8.2,29.0,57.0,76.0,58.0,1.6,4.4,2.4,26.0,10.8,0.9,3.0,0.9,11.0,1.5,9.0,3.1,0.3,19.7,121.9,124.8,2.97,41.0,2.1,12.0,0.3,0.9,0.1,0.4,0.1,646.0,704.0,53.1,-3.6,55.3,1.0,463.0,477.0,41.7,-1.3,40.4,2.4,40.8,1.8,38.4,2.6,25.9,-1.2,25.5,1.7,121.9,121.9,5.1,5.1,116.8,67.3,-1.6,28.5,1.8,29.0,-0.1,-72.0,-4.3,-9.0,117.6,117.6,-3.9,-3.9,121.5,29.9,-0.5,1506.0,1578.0,49.0,49.0,50.0,1281.0,49.1,-1.2,14.9,1.2,12.5,-0.7,0.0,10.0,20.0,23.0,8.2,0.9,3.5,0.3,0.1,0.3,3.0,107.0,6.0,215.0,0.4,16.0,1.6,56.0,1.8,66.0,2.4,87.0,1.5,2.1,0.9,1.9,3.1,-1.9,49.8,28.6,75.9,devin-booker,9.7,105.0
,Devon Dotson,Besiktas,G,,,,,,,,,,,,,,,,,,,,,,,,,,,,,,,,,,,,,,,,,,,,,,,,,,,,,,,,,,,,,,,,,,,,,,,,,,,,,,,,,,,,,,,,,,,,,,,,,,,,,,,,,,,,,,,,,,,,,,,,9.9,98.0
24309.0,Devon Hall,Fenerbahce Beko Istanbul,SG,2025.0,35.0,109.8,106.5,8.3,29.0,53.0,85.0,54.0,3.1,3.7,2.0,46.2,14.7,2.6,7.0,1.9,20.0,1.1,5.0,2.7,0.1,18.5,109.5,113.9,3.81,42.0,1.8,8.0,0.5,1.0,0.1,0.3,0.1,788.0,838.0,51.6,-5.6,51.9,1.9,559.0,540.0,41.5,0.3,39.2,-0.3,35.4,-2.7,32.2,-2.2,22.5,-1.2,22.9,0.0,109.5,109.5,-4.5,-4.5,114.1,67.5,0.6,30.4,-3.4,28.7,1.6,-15.0,0.3,-5.2,109.8,109.8,-9.7,-9.7,119.6,34.1,3.1,1721.0,1736.0,62.0,62.0,62.0,1567.0,51.1,1.3,16.9,2.1,14.6,0.7,0.0,9.0,25.3,34.0,8.3,2.6,2.9,0.5,0.1,0.1,2.9,100.0,6.8,238.0,0.9,32.0,3.1,110.0,1.7,60.0,2.0,71.0,1.1,1.8,1.9,2.3,2.7,-0.9,42.0,29.1,84.5,devon-hall,8.2,171.0
22957.0,Devonte Graham,Crvena Zvezda Meridianbet Belgrade,PG,2025.0,7.0,102.8,87.1,3.0,25.0,17.0,20.0,33.0,3.4,0.9,0.7,80.0,6.0,1.1,7.0,0.9,16.0,0.3,3.0,0.7,0.1,22.4,111.4,117.5,1.71,43.0,1.0,9.0,0.3,1.4,0.1,0.7,0.0,71.0,58.0,53.5,-4.4,48.3,-16.5,59.0,67.0,45.4,-2.3,53.6,7.3,27.1,-8.8,34.3,-3.9,23.6,-0.5,25.7,-4.6,111.4,111.4,-11.7,-11.7,123.2,66.2,-4.7,26.4,0.6,27.5,1.4,-10.0,-8.6,-1.5,102.8,102.8,-13.2,-13.2,116.0,37.3,4.6,146.0,156.0,27.0,27.0,27.0,142.0,52.0,1.4,15.3,0.0,15.7,-0.4,,,,,,,,,,,,,,,,,,,,,,,,,,,,,,,,,,
18424.0,Diego Flaccadori,EA7 Emporio Armani Milan,SG,2025.0,7.0,110.4,82.9,2.0,50.0,67.0,57.0,70.0,0.6,0.4,1.0,57.1,2.7,0.4,5.0,0.7,33.0,0.0,,0.6,0.0,18.3,115.7,121.5,0.98,41.0,0.3,4.0,0.1,1.2,0.0,,0.0,27.0,42.0,51.9,-8.3,50.0,-1.5,31.0,40.0,53.4,14.7,48.8,12.2,38.7,-7.0,32.5,-9.2,28.6,-1.5,22.5,-2.6,115.7,115.7,-1.7,-1.7,117.4,62.2,-10.9,27.7,-1.6,28.6,-2.3,-11.0,-5.3,-19.0,110.4,110.4,-20.7,-20.7,131.1,17.2,-12.6,85.0,96.0,16.0,16.0,17.0,77.0,44.6,-8.4,14.6,1.5,11.0,-1.8,0.0,1.0,5.9,0.0,2.0,0.4,0.3,0.1,0.0,0.0,0.6,4.0,1.0,7.0,0.3,2.0,0.6,4.0,0.6,4.0,1.0,7.0,0.0,0.3,0.7,1.0,0.6,-0.7,57.1,50.0,57.1,diego-flaccadori,4.0,326.0
,Dimitris Moraitis,Panathinaikos,G,,,,,,,,,,,,,,,,,,,,,,,,,,,,,,,,,,,,,,,,,,,,,,,,,,,,,,,,,,,,,,,,,,,,,,,,,,,,,,,,,,,,,,,,,,,,,,,,,,,,,,,,,,,,,,,,,,,,,,,,4.2,315.0
5507.0,Donatas Motiejūnas,Crvena Zvezda Meridianbet Belgrade,C,2025.0,27.0,114.2,118.4,6.1,36.0,63.0,60.0,62.0,0.5,3.3,2.3,13.5,7.8,0.8,4.0,0.7,12.0,0.8,7.0,2.8,0.1,20.6,110.7,110.3,2.49,53.0,1.0,9.0,0.3,1.3,0.0,,0.1,332.0,315.0,60.5,5.7,57.8,2.1,209.0,223.0,38.6,-1.3,41.4,-5.4,33.0,-2.2,34.5,1.6,28.3,2.2,30.4,6.2,110.7,110.7,-3.5,-3.5,114.2,70.9,2.3,26.2,-2.1,30.8,2.4,31.0,3.4,1.1,114.2,114.2,-2.4,-2.4,116.6,34.8,-3.5,733.0,702.0,32.0,32.0,31.0,642.0,53.1,-0.6,16.2,0.6,17.3,3.5,0.0,7.8,12.6,25.0,6.1,0.8,1.8,0.3,0.0,0.1,2.3,62.0,3.9,104.0,0.2,5.0,0.5,14.0,1.4,37.0,2.3,62.0,0.8,1.0,0.7,1.1,2.8,-0.3,59.6,35.7,59.7,donatas-motiejunas,,
24603.0,Donta Hall,Olympiacos Piraeus,C,2025.0,38.0,123.8,159.5,6.8,0.0,77.0,76.0,80.0,0.0,3.4,2.0,0.8,8.4,0.6,3.0,0.5,11.0,1.7,14.0,1.8,0.1,15.3,114.1,110.5,3.27,59.0,2.9,21.0,0.4,1.6,0.9,3.1,0.2,507.0,548.0,60.4,1.6,56.4,2.8,370.0,410.0,42.2,-3.7,42.8,-3.3,35.9,-1.7,33.4,-1.8,30.4,1.8,25.1,-0.8,114.1,114.1,3.4,3.4,110.7,68.5,-3.5,28.1,5.1,30.4,0.5,81.0,9.8,-3.2,123.8,123.8,0.2,0.2,123.6,33.1,-3.2,1288.0,1207.0,37.0,37.0,38.0,1040.0,52.1,-2.8,14.4,-0.2,13.7,-0.5,0.0,12.4,15.3,1.0,6.8,0.6,4.6,0.4,0.9,0.1,2.7,101.0,3.5,132.0,0.0,0.0,0.0,1.0,1.5,57.0,2.0,75.0,1.7,2.9,0.5,1.7,1.8,2.6,76.5,0.0,76.0,donta-hall,10.9,64.0
20529.0,Dovydas Giedraitis,Zalgiris Kaunas,SG,2025.0,20.0,115.3,109.5,1.8,29.0,50.0,50.0,46.0,1.1,0.8,0.2,56.8,4.7,1.2,6.0,0.6,22.0,0.6,6.0,0.5,0.1,10.1,117.1,120.8,1.86,41.0,0.8,7.0,0.4,1.6,0.0,,0.1,226.0,263.0,50.4,-6.8,53.6,0.6,137.0,157.0,37.7,-2.9,37.4,3.0,38.7,1.3,35.7,-3.1,25.9,-1.1,23.9,-1.2,117.1,117.1,-1.2,-1.2,118.3,66.1,0.5,26.9,-1.0,30.4,2.3,-36.0,-1.9,-3.7,115.3,115.3,-4.9,-4.9,120.2,33.2,-0.1,490.0,526.0,30.0,30.0,31.0,425.0,50.2,0.8,14.0,0.4,12.2,-1.4,0.0,1.9,12.5,4.0,1.8,1.2,1.4,0.4,0.0,0.1,0.7,14.0,1.9,37.0,0.3,6.0,1.1,21.0,0.1,2.0,0.2,4.0,0.6,0.8,0.6,1.6,0.5,-1.5,37.8,28.6,50.0,dovydas-giedraitis,4.5,295.0
,Duane Washington,Partizan Mozzart Bet Belgrade,G,,23.0,,,,,,,,,,,,,,,,,,,,,,,,,,,,,,,,,,,,,,,,,,,,,,,,,,,,,,,,,,,,,,,,,,,,,,,,,,,,,,,,,,,,,,0.0,11.4,21.9,7.0,14.9,2.5,1.5,0.6,0.0,0.8,5.4,125.0,12.1,278.0,2.1,49.0,5.7,130.0,1.9,44.0,2.4,55.0,0.2,1.3,1.7,2.3,3.3,-2.7,45.0,37.7,80.0,duane-washington,10.1,85.0
35461.0,Duane Washington Jr.,Partizan Mozzart Bet Belgrade,PG,2025.0,23.0,110.7,118.5,14.9,38.0,51.0,80.0,57.0,5.7,6.4,2.4,46.8,20.4,2.5,9.0,1.7,11.0,0.2,1.0,3.3,0.8,31.2,120.9,122.1,3.59,45.0,1.3,8.0,0.6,1.5,0.0,,0.2,526.0,415.0,53.2,-2.0,61.4,3.9,316.0,335.0,37.5,0.0,44.7,-0.4,33.5,3.6,40.0,1.7,21.6,-3.3,27.6,-0.8,120.9,120.9,-1.9,-1.9,122.8,70.6,6.5,28.9,1.0,27.7,4.2,-65.0,-10.1,6.8,110.7,110.7,4.8,4.8,105.9,30.2,4.4,1042.0,1107.0,56.0,56.0,55.0,941.0,48.6,3.6,13.8,-1.5,15.6,1.4,,,,,,,,,,,,,,,,,,,,,,,,,,,,,,,,,,
35897.0,Dustin Sleva,Zalgiris Kaunas,PF,2025.0,42.0,122.5,120.7,6.7,41.0,43.0,75.0,56.0,2.9,2.4,1.5,54.1,9.4,1.0,4.0,0.6,9.0,1.3,8.0,1.4,0.1,17.1,115.4,114.5,3.24,51.0,2.1,14.0,0.6,1.8,0.1,0.3,0.2,722.0,776.0,54.4,-0.6,53.9,-0.4,513.0,415.0,41.5,5.3,34.8,0.6,38.6,-0.3,36.1,1.3,24.9,-3.3,23.7,-0.9,115.4,115.4,1.0,1.0,114.3,67.5,0.4,28.6,1.6,27.9,-0.9,117.0,7.1,3.4,122.5,122.5,4.5,4.5,118.0,36.3,4.6,1671.0,1554.0,45.0,45.0,44.0,1364.0,51.3,1.5,12.6,-2.1,13.7,0.1,0.0,6.5,18.3,7.0,6.7,1.0,3.4,0.6,0.1,0.1,2.2,93.0,5.3,222.0,1.2,49.0,2.9,120.0,1.1,47.0,1.5,63.0,1.3,2.1,0.6,3.0,1.4,2.5,41.9,40.8,74.6,dustin-sleva,6.3,243.0
21574.0,Dwayne Bacon,Dubai Basketball,"SG,SF",2025.0,29.0,122.1,113.1,16.2,31.0,47.0,79.0,53.0,4.1,9.3,4.6,30.3,22.0,2.4,6.0,2.2,13.0,0.6,3.0,4.3,0.6,28.4,118.6,119.9,4.92,46.0,3.5,13.0,0.8,1.4,0.2,0.3,0.4,892.0,878.0,54.8,-2.5,52.5,-2.8,450.0,537.0,33.5,-9.7,38.0,-1.7,37.6,6.0,35.8,-4.2,25.1,-1.1,23.5,-1.3,118.6,118.6,-2.8,-2.8,121.4,67.5,3.4,29.0,-3.2,29.2,1.5,67.0,3.5,7.1,122.1,122.1,4.3,4.3,117.8,31.6,4.0,1920.0,1853.0,74.0,74.0,73.0,1573.0,50.6,5.1,12.6,1.1,11.7,-3.0,0.0,14.7,29.4,26.0,16.2,2.4,4.1,0.8,0.2,0.6,5.7,164.0,13.4,389.0,1.3,37.0,4.1,118.0,3.6,104.0,4.6,132.0,0.6,3.5,2.2,2.5,4.3,2.0,42.2,31.4,78.8,dwayne-bacon,12.7,33.0
24744.0,Dylan Osetkowski,Partizan Mozzart Bet Belgrade,PF,2025.0,35.0,113.1,126.3,7.2,36.0,53.0,88.0,58.0,3.0,2.7,1.2,52.7,9.7,1.0,4.0,0.4,6.0,1.0,6.0,1.2,0.3,16.0,118.9,119.1,3.56,48.0,1.9,13.0,1.0,2.7,0.1,0.3,0.2,672.0,627.0,55.5,1.4,60.8,5.9,432.0,441.0,39.1,1.2,41.3,-1.9,34.3,0.4,39.2,2.5,25.1,0.4,29.1,2.8,118.9,118.9,2.3,2.3,116.6,70.3,2.8,27.2,-1.7,25.2,-2.1,-96.0,-5.8,2.0,113.1,113.1,4.3,4.3,108.8,30.2,2.1,1442.0,1538.0,49.0,49.0,50.0,1275.0,49.4,1.7,15.4,0.3,16.1,1.3,0.0,7.6,20.1,20.0,7.2,1.0,2.9,1.0,0.1,0.3,2.5,88.0,5.7,201.0,1.1,38.0,3.0,106.0,1.1,38.0,1.2,43.0,1.0,1.9,0.4,2.2,1.2,-3.4,43.8,35.8,88.4,dylan-osetkowski,8.0,181.0
18643.0,Dzanan Musa,Dubai Basketball,"SG,SF",2025.0,18.0,120.4,127.2,14.3,36.0,54.0,88.0,62.0,4.2,5.6,4.2,42.6,21.7,3.2,8.0,1.6,12.0,1.3,6.0,3.4,0.4,23.3,123.1,126.2,3.95,40.0,2.4,10.0,0.6,1.1,0.2,0.3,0.2,493.0,511.0,55.0,-1.9,52.4,1.3,269.0,304.0,35.3,-1.9,37.3,-0.5,38.3,-0.8,40.8,9.3,26.7,-1.3,27.3,3.7,123.1,123.1,14.1,14.1,109.0,64.3,-8.9,28.6,-1.9,27.6,1.9,-17.0,-2.7,-16.8,120.4,120.4,-2.7,-2.7,123.1,29.1,-2.3,1080.0,1097.0,66.0,66.0,66.0,897.0,47.5,-6.8,13.0,0.1,12.2,1.1,0.0,16.7,26.7,10.0,14.3,3.2,3.7,0.6,0.2,0.4,4.6,82.0,9.8,176.0,1.5,27.0,4.2,75.0,3.7,67.0,4.2,76.0,1.3,2.4,1.6,2.0,3.4,-0.8,46.6,36.0,88.2,dzanan-musa,13.3,28.0
34681.0,Ebuka Izundu,Crvena Zvezda Meridianbet Belgrade,C,2025.0,33.0,123.6,149.7,8.0,,71.0,77.0,74.0,0.0,4.5,1.9,0.0,8.8,0.4,2.0,0.6,10.0,2.4,19.0,1.8,0.1,18.8,113.6,110.6,3.03,58.0,1.8,14.0,0.4,1.6,0.5,2.1,0.3,503.0,383.0,56.1,-1.1,55.9,-0.8,289.0,357.0,36.5,-4.4,48.2,6.2,36.3,2.7,34.5,-1.2,26.6,-0.8,25.3,-1.2,113.6,113.6,-3.2,-3.2,116.8,69.1,0.4,30.6,3.6,28.7,0.4,87.0,10.0,14.6,123.6,123.6,11.4,11.4,112.3,42.6,7.6,1072.0,985.0,35.0,35.0,35.0,867.0,55.9,3.9,14.0,-3.0,14.8,0.3,0.0,11.0,14.4,1.0,8.0,0.4,4.2,0.4,0.5,0.1,3.2,107.0,4.5,150.0,0.0,0.0,0.0,0.0,1.5,49.0,1.9,64.0,2.4,1.8,0.6,2.6,1.8,1.4,71.3,0.0,76.6,ebuka-izundu,9.4,117.0
6815.0,Edgaras Ulanovas,Zalgiris Kaunas,PF,2025.0,42.0,116.0,139.8,5.5,41.0,47.0,81.0,61.0,1.5,2.1,2.1,41.7,8.9,1.5,5.0,0.4,9.0,0.8,5.0,1.9,0.1,12.6,117.1,121.9,2.48,37.0,1.4,9.0,0.3,0.9,0.1,0.2,0.2,760.0,832.0,51.1,-6.9,55.4,2.5,474.0,440.0,38.4,-0.5,34.6,0.2,37.3,-2.6,35.0,-0.8,26.4,-0.6,23.7,-1.0,117.1,117.1,4.4,4.4,112.7,64.2,-5.6,27.7,0.0,28.6,0.3,-38.0,-1.1,-11.9,116.0,116.0,-7.4,-7.4,123.5,35.7,3.7,1622.0,1660.0,46.0,46.0,47.0,1398.0,49.7,-1.6,14.0,0.6,13.7,0.0,0.0,7.0,18.6,10.0,5.5,1.5,2.2,0.3,0.1,0.1,1.6,67.0,3.6,151.0,0.6,26.0,1.5,63.0,1.7,71.0,2.1,88.0,0.8,1.4,0.4,1.8,1.9,-0.2,44.4,41.3,80.7,edgaras-ulanovas,6.4,240.0
6913.0,Edwin Jackson,LDLC ASVEL Villeurbanne,SG,2025.0,21.0,115.9,109.1,6.5,41.0,40.0,67.0,53.0,2.9,2.9,1.0,50.4,9.4,1.3,6.0,1.0,13.0,0.2,1.0,2.0,0.1,21.8,123.9,126.3,2.25,40.0,0.9,7.0,0.0,0.2,0.0,0.2,0.2,281.0,298.0,55.2,1.5,62.4,3.4,236.0,193.0,45.6,4.4,39.3,-3.5,38.1,6.2,34.7,-4.6,28.1,5.6,31.3,4.5,123.9,123.9,5.4,5.4,118.4,66.7,-2.1,32.1,3.0,28.2,1.9,-41.0,-7.9,1.6,115.9,115.9,7.1,7.1,108.9,32.7,3.2,691.0,732.0,38.0,38.0,38.0,596.0,49.0,1.7,15.6,1.9,14.1,-2.9,0.0,4.4,15.7,6.0,6.5,1.3,1.0,0.0,0.0,0.1,2.3,49.0,5.8,121.0,1.2,25.0,2.9,61.0,0.7,14.0,1.0,21.0,0.2,0.9,1.0,1.8,2.0,-2.9,40.5,41.0,66.7,edwin-jackson,4.6,289.0
,Eleftherios Mantzoukas,Panathinaikos,F,,,,,,,,,,,,,,,,,,,,,,,,,,,,,,,,,,,,,,,,,,,,,,,,,,,,,,,,,,,,,,,,,,,,,,,,,,,,,,,,,,,,,,,,,,,,,,,,,,,,,,,,,,,,,,,,,,,,,,,,4.5,296.0
,Eli Ndiaye,Real Madrid,F,,,,,,,,,,,,,,,,,,,,,,,,,,,,,,,,,,,,,,,,,,,,,,,,,,,,,,,,,,,,,,,,,,,,,,,,,,,,,,,,,,,,,,,,,,,,,,,,,,,,,,,,,,,,,,,,,,,,,,,,5.0,273.0
,Elias Valtonen,Valencia,F,,,,,,,,,,,,,,,,,,,,,,,,,,,,,,,,,,,,,,,,,,,,,,,,,,,,,,,,,,,,,,,,,,,,,,,,,,,,,,,,,,,,,,,,,,,,,,,,,,,,,,,,,,,,,,,,,,,,,,,,7.2,210.0
23004.0,Elie Okobo,AS Monaco,PG,2025.0,42.0,118.4,115.5,11.2,34.0,47.0,84.0,53.0,3.6,6.1,2.2,37.2,22.3,4.9,13.0,1.6,13.0,0.2,1.0,2.3,0.1,22.4,119.5,120.7,4.31,46.0,2.2,10.0,0.9,2.0,0.1,0.2,0.3,1110.0,1030.0,56.0,-1.7,55.0,-1.3,644.0,730.0,36.7,-4.2,41.5,-0.1,33.7,-1.8,38.5,3.0,27.9,0.3,25.6,2.3,119.5,119.5,6.8,6.8,112.8,65.4,-2.8,28.0,3.2,28.0,-3.3,-1.0,-1.1,-7.4,118.4,118.4,-0.6,-0.6,119.0,29.6,-0.3,2362.0,2363.0,63.0,63.0,63.0,1995.0,47.6,-1.9,11.7,-2.7,14.4,-1.3,0.0,12.6,25.6,18.0,11.2,4.9,2.4,0.9,0.1,0.1,4.1,171.0,9.7,406.0,1.2,51.0,3.6,151.0,1.8,77.0,2.2,92.0,0.2,2.2,1.6,2.4,2.3,-0.7,42.1,33.8,83.7,elie-okobo,12.2,44.0
23459.0,Elijah Bryant,Hapoel Shlomo Tel Aviv,SG,2025.0,38.0,121.1,126.4,15.4,37.0,60.0,89.0,65.0,3.2,7.2,3.7,30.8,22.7,3.3,8.0,2.2,16.0,0.9,4.0,4.8,0.3,23.1,113.8,113.4,5.53,52.0,4.3,17.0,0.7,1.2,0.1,0.2,0.1,1138.0,1059.0,60.0,3.8,55.4,-1.0,639.0,753.0,36.0,-5.4,41.6,3.4,36.8,-1.9,33.6,2.2,24.1,-0.9,24.8,-0.6,113.8,113.8,-2.8,-2.8,116.6,67.8,-2.7,25.1,-3.3,28.7,2.1,177.0,7.3,10.5,121.1,121.1,7.7,7.7,113.4,29.0,4.7,2497.0,2320.0,74.0,74.0,73.0,2062.0,49.5,0.5,13.9,-1.5,14.7,2.6,0.0,21.0,29.5,38.0,15.4,3.3,5.2,0.7,0.1,0.3,5.4,207.0,10.3,393.0,1.2,45.0,3.2,121.0,3.3,125.0,3.7,140.0,0.9,4.3,2.2,2.1,4.8,3.7,52.7,37.2,89.3,elijah-bryant,15.5,4.0
36943.0,Enzo Shahrvin,Paris Basketball,SF,2025.0,11.0,107.9,95.6,1.5,,62.0,0.0,57.0,0.0,1.2,0.3,0.0,2.6,0.5,3.0,0.6,33.0,0.6,8.0,0.5,0.1,9.8,110.1,105.9,2.05,60.0,1.8,25.0,0.2,1.1,0.5,2.8,0.1,78.0,81.0,48.7,-5.8,56.8,-3.1,80.0,68.0,50.6,2.6,45.6,1.5,37.5,-0.8,32.4,-5.6,24.6,2.6,32.0,1.6,110.1,110.1,-12.9,-12.9,122.9,65.0,2.5,28.0,0.9,25.8,1.2,-3.0,-2.2,3.2,107.9,107.9,-9.7,-9.7,117.6,27.2,-10.7,205.0,208.0,22.0,22.0,22.0,190.0,44.8,-4.6,16.7,0.5,18.0,2.5,0.0,2.3,8.6,0.0,1.5,0.5,2.5,0.2,0.5,0.1,0.7,8.0,1.2,13.0,0.0,0.0,0.0,0.0,0.0,0.0,0.3,3.0,0.6,1.8,0.6,1.8,0.5,-0.3,61.5,0.0,0.0,enzo-shahrvin,4.0,327.0
22863.0,Ercan Osmani,Anadolu Efes Istanbul,PF,2025.0,36.0,112.5,111.3,10.9,41.0,57.0,78.0,61.0,2.5,5.4,2.1,31.9,14.2,1.3,4.0,2.0,19.0,1.2,6.0,2.8,0.3,22.3,114.8,116.0,4.06,48.0,3.4,17.0,0.5,1.2,0.2,0.4,0.2,754.0,750.0,56.4,3.9,55.1,-0.6,552.0,556.0,42.3,0.1,42.6,1.4,37.3,4.2,36.5,-0.1,27.1,4.6,26.1,-4.0,114.8,114.8,-6.1,-6.1,120.9,67.1,0.3,28.8,-0.7,27.8,0.1,-20.0,-2.3,8.9,112.5,112.5,2.9,2.9,109.6,29.5,2.8,1745.0,1765.0,60.0,60.0,59.0,1551.0,48.4,2.3,16.7,2.9,16.2,2.1,0.0,11.8,24.4,34.0,10.9,1.3,4.6,0.5,0.2,0.3,4.1,148.0,7.9,285.0,1.0,37.0,2.5,91.0,1.6,58.0,2.1,74.0,1.2,3.4,2.0,2.4,2.8,-0.8,51.9,40.7,78.4,ercan-osmani,9.6,109.0
18607.0,Erkan Yilmaz,Anadolu Efes Istanbul,SF,2025.0,23.0,104.2,87.9,1.2,8.0,60.0,68.0,45.0,0.5,0.4,0.8,54.5,2.4,0.5,4.0,0.5,28.0,0.3,5.0,0.6,0.0,10.6,111.5,106.3,1.98,62.0,1.2,17.0,0.6,3.6,0.2,1.4,0.1,165.0,186.0,53.3,-0.2,51.1,-3.9,121.0,118.0,42.3,1.0,38.8,-2.7,29.8,-7.8,36.4,-1.6,23.8,-2.4,26.4,-2.1,111.5,111.5,-6.3,-6.3,117.9,67.9,-0.7,30.5,2.4,30.1,3.3,-36.0,-7.3,-1.7,104.2,104.2,-8.0,-8.0,112.2,30.1,2.8,370.0,406.0,21.0,21.0,22.0,355.0,48.9,1.1,18.0,3.1,16.3,1.9,0.0,1.8,8.9,6.0,1.2,0.5,1.6,0.6,0.2,0.0,0.3,7.0,1.0,22.0,0.0,1.0,0.5,12.0,0.6,13.0,0.8,19.0,0.3,1.2,0.5,1.6,0.6,-1.0,31.8,8.3,68.4,erkan-yilmaz,4.4,308.0
,Ethan Thompson,Partizan,G,,,,,,,,,,,,,,,,,,,,,,,,,,,,,,,,,,,,,,,,,,,,,,,,,,,,,,,,,,,,,,,,,,,,,,,,,,,,,,,,,,,,,,,,,,,,,,,,,,,,,,,,,,,,,,,,,,,,,,,,10.1,86.0
,Eugene German,Hapoel Tel Aviv,G,,,,,,,,,,,,,,,,,,,,,,,,,,,,,,,,,,,,,,,,,,,,,,,,,,,,,,,,,,,,,,,,,,,,,,,,,,,,,,,,,,,,,,,,,,,,,,,,,,,,,,,,,,,,,,,,,,,,,,,,8.0,182.0
23599.0,Eugene Omoruyi,Kosner Baskonia Vitoria-Gasteiz,C,2025.0,23.0,117.1,105.6,10.7,32.0,50.0,78.0,56.0,2.9,4.7,4.2,37.7,14.7,1.9,7.0,2.0,17.0,1.5,8.0,3.7,0.5,26.2,128.5,128.8,3.41,44.0,2.2,14.0,0.6,1.6,0.2,0.5,0.2,428.0,449.0,55.8,0.1,58.1,4.4,316.0,304.0,42.5,-0.6,40.4,7.0,34.8,-0.2,44.7,7.1,25.9,2.7,27.4,6.7,128.5,128.5,9.3,9.3,119.2,64.6,-4.4,27.4,-1.7,30.5,2.7,-108.0,-11.4,-8.5,117.1,117.1,0.8,0.8,116.4,28.3,-4.3,1046.0,1154.0,50.0,50.0,51.0,893.0,45.3,-5.8,14.0,-2.1,15.2,2.3,0.0,11.4,20.2,8.0,10.7,1.9,3.7,0.6,0.2,0.5,3.3,75.0,7.6,175.0,0.9,21.0,2.9,66.0,3.3,75.0,4.2,96.0,1.5,2.2,2.0,2.0,3.7,-4.9,42.9,31.8,78.1,eugene-omoruyi,10.5,72.0
11165.0,Evan Fournier,Olympiacos Piraeus,SG,2025.0,39.0,123.1,117.3,11.6,37.0,47.0,81.0,55.0,6.1,3.6,2.0,62.9,18.1,2.9,10.0,1.7,14.0,0.4,2.0,1.7,0.3,26.5,110.6,113.6,3.72,47.0,1.6,8.0,0.8,1.9,0.1,0.1,0.2,742.0,707.0,60.0,2.0,55.0,-1.3,593.0,645.0,44.4,1.3,47.7,5.0,34.9,-3.2,34.1,-1.3,28.7,-1.4,26.2,-0.7,110.6,110.6,-3.3,-3.3,113.9,69.9,-1.1,25.6,1.5,30.2,0.0,195.0,12.5,2.8,123.1,123.1,-0.4,-0.4,123.5,36.4,2.1,1904.0,1709.0,54.0,54.0,54.0,1547.0,53.8,0.6,14.4,0.3,15.4,0.9,0.0,9.7,21.9,9.0,11.6,2.9,2.1,0.8,0.1,0.3,3.9,152.0,9.6,375.0,2.2,87.0,6.1,236.0,1.6,63.0,2.0,78.0,0.4,1.6,1.7,2.1,1.7,4.8,40.5,36.9,80.8,evan-fournier,9.4,118.0
11192.0,Facundo Campazzo,Real Madrid,PG,2025.0,44.0,120.3,128.1,12.0,42.0,46.0,84.0,63.0,5.2,3.1,3.1,62.6,24.6,5.1,15.0,2.0,18.0,0.3,1.0,3.8,0.2,22.3,111.9,112.9,4.37,49.0,1.6,7.0,1.1,2.6,0.0,,0.1,945.0,1022.0,55.6,-1.0,52.9,1.4,788.0,706.0,45.5,9.8,40.9,-1.1,37.3,-1.2,35.4,-2.9,26.0,-1.3,22.1,-1.8,111.9,111.9,-4.9,-4.9,116.8,72.3,1.8,25.8,-3.1,28.5,-0.5,166.0,8.4,3.9,120.3,120.3,-0.9,-0.9,121.3,34.9,-0.1,2343.0,2177.0,61.0,61.0,61.0,1947.0,53.8,-0.1,14.1,-1.0,13.4,1.3,0.0,15.4,24.4,37.0,12.0,5.1,1.9,1.1,0.0,0.2,3.6,159.0,8.3,364.0,2.2,96.0,5.2,228.0,2.6,114.0,3.1,135.0,0.3,1.6,2.0,2.1,3.8,4.2,43.7,42.1,84.4,facundo-campazzo,13.7,21.0
35041.0,Filip Petrusev,Dubai Basketball,PF,2025.0,38.0,120.6,127.2,11.6,39.0,57.0,81.0,65.0,0.9,6.1,4.5,12.5,15.0,1.5,5.0,1.1,11.0,1.2,6.0,3.7,0.3,20.3,119.4,119.2,4.27,49.0,3.6,17.0,0.6,1.4,0.4,1.0,0.2,939.0,899.0,55.6,1.0,53.7,1.5,468.0,593.0,33.3,-9.0,39.7,2.3,34.6,-0.6,39.0,3.0,26.1,1.0,25.7,2.0,119.4,119.4,0.8,0.8,118.6,68.5,2.2,26.7,-6.6,29.7,2.1,-4.0,1.1,2.0,120.6,120.6,2.8,2.8,117.8,31.2,1.6,1971.0,1975.0,58.0,58.0,59.0,1635.0,50.5,2.1,13.0,0.7,12.6,0.2,0.0,16.2,23.5,30.0,11.6,1.5,4.8,0.6,0.4,0.3,3.8,144.0,6.9,263.0,0.3,13.0,0.9,33.0,3.7,139.0,4.5,171.0,1.2,3.6,1.1,1.9,3.7,0.1,54.8,39.4,81.3,filip-petrusev,12.7,34.0
38702.0,Francesco Ferrari,Virtus Segafredo Bologna,PF,2025.0,12.0,98.6,116.4,2.3,18.0,56.0,85.0,54.0,0.9,0.8,1.1,55.0,3.5,0.5,3.0,0.3,11.0,0.8,9.0,0.9,0.0,11.1,121.1,122.1,1.65,45.0,1.3,16.0,0.0,0.0,0.2,0.9,0.1,120.0,112.0,50.8,-0.3,57.1,-2.7,63.0,86.0,34.4,-5.3,43.4,-4.4,20.6,-16.0,38.4,0.6,21.4,-4.4,30.0,-0.3,121.1,121.1,-2.6,-2.6,123.7,69.3,0.9,25.7,-2.0,29.4,2.3,-53.0,-22.5,-9.1,98.6,98.6,-11.7,-11.7,110.3,34.5,2.8,211.0,264.0,24.0,24.0,25.0,214.0,51.2,1.2,16.7,0.3,11.6,-1.3,0.0,3.8,10.3,1.0,2.5,0.5,2.4,0.0,0.2,0.0,0.6,7.0,1.8,20.0,0.2,2.0,1.0,11.0,1.0,11.0,1.2,13.0,0.9,1.5,0.3,1.2,1.0,-5.6,35.0,18.2,84.6,francesco-ferrari,5.2,267.0
18387.0,Frank Ntilikina,Olympiacos Piraeus,PG,2025.0,24.0,122.3,107.5,4.5,37.0,40.0,84.0,52.0,2.2,1.9,0.8,53.6,8.3,1.6,7.0,1.3,22.0,0.5,4.0,1.4,0.2,16.2,111.9,115.7,2.6,44.0,0.6,4.0,0.5,1.5,0.4,1.4,0.2,326.0,367.0,57.7,-4.2,52.9,-4.6,266.0,261.0,44.9,-2.1,41.6,-3.9,38.7,1.4,33.3,-3.1,27.1,-4.1,23.2,-5.1,111.9,111.9,-1.4,-1.4,113.4,66.9,-5.0,30.9,9.1,32.1,2.6,70.0,10.3,-1.8,122.3,122.3,-3.2,-3.2,125.4,38.7,4.9,868.0,798.0,40.0,40.0,40.0,710.0,53.6,0.4,16.5,2.2,14.9,-0.4,0.0,3.0,16.4,6.0,4.5,1.6,1.1,0.5,0.4,0.2,1.5,37.0,4.0,97.0,0.8,19.0,2.2,52.0,0.7,16.0,0.8,19.0,0.5,0.6,1.3,2.9,1.4,3.2,38.1,36.5,84.2,frank-ntilikina,7.8,188.0
,Frederic Bourdillon,Hapoel Tel Aviv,G,,,,,,,,,,,,,,,,,,,,,,,,,,,,,,,,,,,,,,,,,,,,,,,,,,,,,,,,,,,,,,,,,,,,,,,,,,,,,,,,,,,,,,,,,,,,,,,,,,,,,,,,,,,,,,,,,,,,,,,,5.0,274.0
,Furkan Korkmaz,Besiktas,F,,,,,,,,,,,,,,,,,,,,,,,,,,,,,,,,,,,,,,,,,,,,,,,,,,,,,,,,,,,,,,,,,,,,,,,,,,,,,,,,,,,,,,,,,,,,,,,,,,,,,,,,,,,,,,,,,,,,,,,,8.3,167.0
19168.0,Gabriel Deck,Real Madrid,"SF,PF",2025.0,41.0,122.6,136.7,7.1,34.0,67.0,83.0,65.0,1.7,3.0,1.5,36.4,10.0,1.2,4.0,0.8,12.0,1.0,6.0,1.6,0.2,14.5,112.3,116.4,3.2,43.0,2.5,14.0,0.4,1.0,0.0,0.1,0.1,803.0,803.0,56.7,2.2,50.9,-2.8,506.0,564.0,38.7,-5.4,41.3,-0.2,37.5,-1.4,36.0,-1.8,27.0,0.8,23.3,0.4,112.3,112.3,-3.4,-3.4,115.7,72.0,1.2,28.1,2.1,30.8,5.0,144.0,10.3,5.9,122.6,122.6,2.5,2.5,120.0,34.4,-0.5,1869.0,1725.0,51.0,51.0,51.0,1525.0,54.4,1.6,14.2,-0.3,12.5,-1.0,0.0,9.4,20.4,8.0,7.1,1.2,3.5,0.4,0.0,0.2,2.6,107.0,4.8,195.0,0.6,24.0,1.7,71.0,1.3,52.0,1.5,63.0,1.0,2.5,0.8,1.7,1.6,3.5,54.9,33.8,82.5,gabriel-deck,9.0,132.0
24128.0,Gabriel Lundberg,Maccabi Playtika Tel Aviv,PG,2025.0,16.0,120.9,120.2,11.0,32.0,55.0,86.0,58.0,4.4,4.0,2.7,52.6,19.9,3.6,10.0,1.8,16.0,0.6,3.0,3.1,0.2,21.5,118.5,123.0,3.58,40.0,1.4,6.0,0.8,1.7,0.1,0.3,0.1,371.0,349.0,56.1,3.0,58.7,3.5,274.0,296.0,42.5,-2.1,45.9,1.7,36.1,-5.0,35.1,-3.5,25.7,-0.1,29.1,0.5,118.5,118.5,-4.5,-4.5,123.0,65.9,-0.5,23.8,-7.0,27.2,0.1,23.0,2.4,6.8,120.9,120.9,2.3,2.3,118.5,33.7,5.1,868.0,845.0,60.0,60.0,59.0,718.0,49.6,2.0,13.5,-0.4,14.5,0.8,0.0,13.2,24.4,9.0,11.0,3.6,2.0,0.8,0.1,0.2,3.6,58.0,8.4,135.0,1.4,23.0,4.4,71.0,2.3,37.0,2.7,43.0,0.6,1.4,1.8,1.1,3.1,1.9,43.0,32.4,86.0,iffe-lundberg,8.3,168.0
35875.0,Gabriele Procida,Real Madrid,SF,2025.0,8.0,98.7,129.7,1.6,40.0,40.0,100.0,59.0,0.6,0.6,0.4,50.0,1.9,0.1,2.0,0.1,8.0,0.3,6.0,0.1,0.1,14.3,127.8,137.0,0.58,29.0,0.3,5.0,0.0,0.0,0.0,,0.0,32.0,45.0,56.3,1.2,48.9,-2.5,28.0,32.0,46.7,3.8,41.6,4.2,25.0,-12.2,40.6,7.1,25.0,0.2,20.0,-1.3,127.8,127.8,17.3,17.3,110.5,68.3,-4.6,27.8,0.2,30.7,2.5,-27.0,-29.2,-42.8,98.7,98.7,-25.5,-25.5,124.2,26.5,-14.2,74.0,101.0,13.0,13.0,13.0,75.0,49.3,-7.8,19.0,5.7,7.6,-4.9,0.0,1.0,5.0,1.0,1.6,0.1,0.5,0.0,0.0,0.1,0.5,4.0,1.3,10.0,0.3,2.0,0.6,5.0,0.4,3.0,0.4,3.0,0.3,0.3,0.1,0.5,0.1,-3.0,40.0,40.0,100.0,gabriele-procida,4.1,319.0
,Garrison Mathews,Milano,G,,,,,,,,,,,,,,,,,,,,,,,,,,,,,,,,,,,,,,,,,,,,,,,,,,,,,,,,,,,,,,,,,,,,,,,,,,,,,,,,,,,,,,,,,,,,,,,,,,,,,,,,,,,,,,,,,,,,,,,,9.0,133.0
18433.0,Georgios Papagiannis,Anadolu Efes Istanbul,C,2025.0,5.0,118.5,98.2,2.2,20.0,40.0,,37.0,1.0,2.0,0.0,33.3,4.6,1.0,4.0,0.4,12.0,1.0,8.0,1.2,0.0,11.3,113.7,112.0,2.66,54.0,2.4,19.0,0.4,1.6,0.6,2.4,0.2,65.0,60.0,47.7,-8.6,55.0,-3.4,51.0,48.0,44.0,1.7,44.4,9.7,43.1,10.2,29.2,-1.0,21.1,-0.3,22.8,-3.1,113.7,113.7,-12.4,-12.4,126.1,67.2,3.6,30.6,2.8,33.1,6.7,13.0,4.8,11.7,118.5,118.5,-0.6,-0.6,119.1,31.7,-2.9,154.0,141.0,37.0,37.0,35.0,130.0,49.6,0.3,14.7,2.2,12.4,-0.2,0.0,5.6,14.8,2.0,2.2,1.0,3.4,0.4,0.6,0.0,1.0,5.0,3.0,15.0,0.2,1.0,1.0,5.0,0.0,0.0,0.0,0.0,1.0,2.4,0.4,1.2,1.2,0.8,33.3,20.0,0.0,georgios-papagiannis,7.5,195.0
23479.0,Giampaolo Ricci,EA7 Emporio Armani Milan,PF,2025.0,38.0,121.5,146.0,4.5,42.0,62.0,75.0,63.0,2.5,1.0,0.1,70.9,5.9,0.6,3.0,0.2,6.0,0.8,6.0,0.3,0.0,11.5,117.9,118.1,2.87,49.0,1.8,13.0,0.5,1.8,0.2,0.7,0.1,538.0,569.0,54.6,-0.4,54.0,-2.4,446.0,423.0,45.3,5.3,42.6,6.5,40.1,1.7,37.4,-0.1,27.1,0.7,25.4,0.9,117.9,117.9,-3.6,-3.6,121.5,68.5,0.2,29.5,3.6,28.3,-1.4,15.0,3.5,7.3,121.5,121.5,3.7,3.7,117.8,32.2,3.3,1323.0,1308.0,40.0,40.0,40.0,1089.0,50.5,1.5,13.3,-1.3,13.4,1.0,0.0,4.6,16.4,8.0,4.5,0.6,2.7,0.5,0.2,0.0,1.7,64.0,3.5,134.0,1.1,40.0,2.5,95.0,0.1,3.0,0.1,4.0,0.8,1.8,0.2,2.3,0.3,0.5,47.8,42.1,75.0,giampaolo-ricci,4.5,297.0
19687.0,Giannoulis Larentzakis,Olympiacos Piraeus,SG,2025.0,7.0,105.3,56.6,0.3,0.0,100.0,,17.0,0.7,0.1,0.0,83.3,2.3,0.9,18.0,0.3,25.0,0.0,,0.3,0.0,17.8,133.3,134.9,0.47,39.0,0.1,5.0,0.0,0.0,0.0,,0.1,18.0,21.0,55.6,-10.5,71.4,18.0,18.0,18.0,50.0,8.1,46.2,4.9,27.8,-7.2,27.8,-5.9,30.8,-0.7,22.7,0.7,133.3,133.3,19.0,19.0,114.3,80.0,12.8,21.4,-3.6,18.4,-14.6,-16.0,-28.1,-44.1,105.3,105.3,-25.1,-25.1,130.4,31.8,-3.4,40.0,56.0,8.0,8.0,8.0,38.0,54.8,2.1,13.3,-0.3,4.3,-9.1,0.0,0.1,3.0,0.0,0.3,0.9,0.1,0.0,0.0,0.0,0.1,1.0,0.9,6.0,0.0,0.0,0.7,5.0,0.0,0.0,0.0,0.0,0.0,0.1,0.3,0.6,0.3,-1.6,16.7,0.0,0.0,giannoulis-larentzakis,4.6,290.0
36490.0,Glynn Watson,LDLC ASVEL Villeurbanne,PG,2025.0,30.0,109.5,127.5,14.2,42.0,49.0,84.0,59.0,5.1,5.9,2.5,46.2,21.7,3.1,9.0,1.4,10.0,0.4,2.0,2.7,0.3,24.6,116.9,118.8,4.07,44.0,2.0,10.0,0.9,2.0,0.1,0.2,0.2,718.0,689.0,50.0,-3.9,60.4,4.5,531.0,447.0,42.5,-1.8,39.3,-1.7,33.0,1.5,34.2,-3.2,21.7,-4.7,27.6,-1.7,116.9,116.9,-1.9,-1.9,118.8,67.5,2.1,30.0,-1.1,30.0,6.1,-79.0,-7.4,7.2,109.5,109.5,5.2,5.2,104.2,32.5,0.0,1525.0,1604.0,63.0,63.0,62.0,1393.0,48.3,-0.5,13.5,-4.6,16.6,1.9,0.0,12.5,25.6,20.0,14.0,3.0,2.3,0.9,0.1,0.3,5.0,145.0,10.9,317.0,2.1,61.0,5.0,146.0,1.9,56.0,2.3,68.0,0.4,1.9,1.4,2.7,2.7,-3.0,45.7,41.8,82.4,glynn-watson,,
,Gonzalo Corbalan,Valencia,G,,,,,,,,,,,,,,,,,,,,,,,,,,,,,,,,,,,,,,,,,,,,,,,,,,,,,,,,,,,,,,,,,,,,,,,,,,,,,,,,,,,,,,,,,,,,,,,,,,,,,,,,,,,,,,,,,,,,,,,,9.0,134.0
,Guerschon Yabusele,Panathinaikos,F,,,,,,,,,,,,,,,,,,,,,,,,,,,,,,,,,,,,,,,,,,,,,,,,,,,,,,,,,,,,,,,,,,,,,,,,,,,,,,,,,,,,,,,,,,,,,,,,,,,,,,,,,,,,,,,,,,,,,,,,14.3,16.0
39004.0,Gunars Grinvalds,Real Madrid,SF,2025.0,1.0,0.0,,0.0,,,,,0.0,0.0,0.0,,0.0,0.0,0.0,0.0,,0.0,,0.0,0.0,0.0,200.0,200.0,0.0,0.0,0.0,,0.0,0.0,0.0,,0.0,0.0,1.0,,,100.0,57.1,1.0,0.0,100.0,42.9,0.0,-49.3,0.0,-34.4,,,0.0,-35.8,0.0,-15.1,200.0,200.0,100.0,100.0,100.0,,,0.0,-24.3,0.0,-33.3,-2.0,-200.0,-223.2,0.0,0.0,-123.2,-123.2,123.2,0.0,-32.3,0.0,2.0,1.0,1.0,1.0,1.0,0.0,-49.3,0.0,-15.2,0.0,-16.1,0.0,0.0,0.8,0.0,0.0,0.0,0.0,0.0,0.0,0.0,0.0,0.0,0.0,0.0,0.0,0.0,0.0,0.0,0.0,0.0,0.0,0.0,0.0,0.0,0.0,0.0,0.0,-4.0,0.0,0.0,0.0,gunars-grinvalds,,
38534.0,Gur Lavi,Maccabi Playtika Tel Aviv,SF,2025.0,15.0,120.2,110.9,3.9,42.0,69.0,80.0,69.0,0.8,1.7,0.7,31.6,4.9,0.3,2.0,0.8,22.0,0.6,6.0,0.7,0.2,14.5,119.4,123.2,1.79,42.0,1.1,12.0,0.3,1.6,0.1,0.3,0.0,160.0,150.0,53.8,0.8,62.0,3.3,128.0,116.0,44.4,1.5,43.6,-4.1,35.9,0.4,34.5,-2.6,28.4,1.6,29.6,-1.2,119.4,119.4,-5.2,-5.2,124.6,71.1,6.2,30.3,1.7,30.0,1.2,-1.0,0.8,7.5,120.2,120.2,2.3,2.3,117.9,39.7,3.2,381.0,382.0,28.0,28.0,28.0,317.0,54.7,4.3,13.5,-0.8,15.8,2.2,0.0,3.4,11.3,2.0,3.9,0.3,1.7,0.3,0.1,0.2,1.5,23.0,2.5,38.0,0.3,5.0,0.8,12.0,0.5,8.0,0.7,10.0,0.6,1.1,0.8,1.7,0.7,0.7,60.5,41.7,80.0,gur-lavi,,
,Gur Lavy,Maccabi Tel Aviv,F,,,,,,,,,,,,,,,,,,,,,,,,,,,,,,,,,,,,,,,,,,,,,,,,,,,,,,,,,,,,,,,,,,,,,,,,,,,,,,,,,,,,,,,,,,,,,,,,,,,,,,,,,,,,,,,,,,,,,,,,4.5,298.0
23364.0,Guy Palatin,Hapoel Shlomo Tel Aviv,PG,2025.0,10.0,81.1,76.7,0.3,100.0,0.0,,75.0,0.1,0.1,0.0,50.0,0.6,0.1,3.0,0.2,50.0,0.2,10.0,0.0,0.0,9.3,122.2,126.2,0.34,38.0,0.3,12.0,0.0,0.0,0.0,,0.0,15.0,22.0,26.7,-32.8,63.6,5.7,16.0,22.0,51.6,14.4,50.0,15.3,37.5,-2.6,18.2,-13.9,23.5,-0.7,23.5,-1.3,122.2,122.2,4.1,4.1,118.1,48.0,-20.7,33.3,5.4,18.9,-9.9,-25.0,-41.1,-48.2,81.1,81.1,-44.1,-44.1,125.2,30.0,-2.5,30.0,55.0,5.0,5.0,6.0,37.0,40.0,-11.3,20.9,7.0,12.1,-1.4,0.0,0.2,2.2,0.0,0.3,0.1,0.5,0.0,0.0,0.0,0.1,1.0,0.2,2.0,0.1,1.0,0.1,1.0,0.0,0.0,0.0,0.0,0.2,0.3,0.2,0.5,0.0,-2.0,50.0,100.0,0.0,guy-palatin,4.0,328.0
8704.0,Gytis Radzevičius,Kosner Baskonia Vitoria-Gasteiz,SF,2025.0,25.0,115.6,131.6,4.7,35.0,63.0,86.0,61.0,1.6,2.0,0.6,44.0,6.3,0.6,2.0,0.3,8.0,0.9,6.0,0.8,0.0,10.9,119.9,124.8,2.42,37.0,1.5,10.0,0.3,0.8,0.1,0.2,0.1,414.0,460.0,56.0,-0.4,53.5,-3.8,310.0,244.0,42.8,-1.0,34.7,-3.1,32.3,-4.5,41.0,-0.1,24.0,-1.2,23.0,-1.4,119.9,119.9,-5.4,-5.4,125.4,66.8,-0.5,29.2,1.3,26.4,-4.3,-54.0,-4.3,3.8,115.6,115.6,-1.6,-1.6,117.2,34.8,8.7,939.0,993.0,42.0,42.0,43.0,812.0,50.1,3.6,14.5,-0.4,14.9,0.8,0.0,5.4,17.7,24.0,4.7,0.6,2.4,0.3,0.1,0.0,1.8,46.0,3.6,91.0,0.6,14.0,1.6,40.0,0.5,12.0,0.6,14.0,0.9,1.5,0.3,1.6,0.8,-1.7,50.5,35.0,85.7,gytis-radzevicius,,
22968.0,Hamidou Diallo,Kosner Baskonia Vitoria-Gasteiz,SG,2025.0,13.0,114.1,107.8,12.1,14.0,56.0,69.0,55.0,1.7,7.3,4.7,18.8,16.5,1.8,6.0,2.2,16.0,1.2,6.0,4.2,0.4,27.3,116.4,114.9,4.54,55.0,3.2,15.0,0.8,2.0,0.5,1.1,0.2,272.0,296.0,61.4,-0.3,45.6,-12.1,186.0,197.0,40.6,-7.6,40.0,-0.1,30.6,-5.4,41.1,2.3,27.3,-1.8,24.6,1.5,116.4,116.4,-6.7,-6.7,123.1,65.9,0.1,27.5,-2.8,29.3,6.7,-3.0,-2.3,6.8,114.1,114.1,0.1,0.1,114.0,31.2,5.3,623.0,626.0,56.0,56.0,55.0,546.0,49.8,4.3,16.1,0.6,13.2,-1.2,,,,,,,,,,,,,,,,,,,,,,,,,,,,,,,,,,
,Hugo Besson,ASVEL,G,,,,,,,,,,,,,,,,,,,,,,,,,,,,,,,,,,,,,,,,,,,,,,,,,,,,,,,,,,,,,,,,,,,,,,,,,,,,,,,,,,,,,,,,,,,,,,,,,,,,,,,,,,,,,,,,,,,,,,,,8.8,143.0
23435.0,Ignas Brazdeikis,Zalgiris Kaunas,SG,2025.0,38.0,116.4,106.7,4.8,34.0,38.0,77.0,45.0,1.7,3.4,0.7,33.7,6.6,0.8,4.0,0.5,8.0,0.6,4.0,0.7,0.1,18.8,111.7,115.8,2.15,41.0,1.3,10.0,0.2,0.9,0.1,0.2,0.1,582.0,597.0,51.4,-5.9,54.4,0.3,321.0,286.0,35.5,-4.5,32.4,-4.2,38.6,-0.5,33.6,-3.6,23.8,-4.5,23.6,-1.3,111.7,111.7,-6.2,-6.2,117.8,70.2,3.9,27.2,-0.6,27.0,-1.6,59.0,4.7,-0.3,116.4,116.4,-6.4,-6.4,122.8,32.3,-2.2,1186.0,1127.0,37.0,37.0,37.0,1019.0,50.7,0.0,13.0,-0.9,13.9,0.6,0.0,3.4,14.8,16.0,4.8,0.8,1.9,0.2,0.1,0.1,1.9,71.0,5.1,193.0,0.6,22.0,1.7,65.0,0.5,20.0,0.7,26.0,0.6,1.3,0.5,1.4,0.7,1.7,36.8,33.8,76.9,ignas-brazdeikis,,
,Ignas Sargiunas,Fenerbahce,G,,,,,,,,,,,,,,,,,,,,,,,,,,,,,,,,,,,,,,,,,,,,,,,,,,,,,,,,,,,,,,,,,,,,,,,,,,,,,,,,,,,,,,,,,,,,,,,,,,,,,,,,,,,,,,,,,,,,,,,,6.3,244.0
23401.0,Ikenna Iroegbu,Valencia Basket,PG,2025.0,2.0,110.2,121.5,5.5,67.0,33.0,75.0,79.0,1.5,1.5,2.0,50.0,7.0,0.5,3.0,1.5,30.0,0.0,,1.5,0.0,16.4,126.5,134.1,1.39,28.0,0.0,,0.0,0.0,0.0,,0.3,22.0,29.0,45.5,-12.2,55.2,0.8,19.0,14.0,46.3,-0.6,32.6,-5.5,42.1,7.3,42.9,14.3,25.5,-2.6,20.4,-4.6,126.5,126.5,23.7,23.7,102.8,63.6,-13.7,30.6,6.1,28.6,1.0,-8.0,-16.3,-36.4,110.2,110.2,-12.7,-12.7,122.9,48.0,3.8,54.0,62.0,32.0,32.0,32.0,49.0,55.3,-5.6,23.0,8.9,14.0,-1.2,,,,,,,,,,,,,,,,,,,,,,,,,,,,,,,,,,
16597.0,Ioannis Kouzeloglou,Panathinaikos AKTOR Athens,"SF,PF",2025.0,3.0,78.8,30.4,0.0,,,,,0.0,0.0,0.0,,1.0,0.3,3.0,1.0,100.0,0.3,5.0,0.0,0.0,7.9,130.3,124.8,1.09,50.0,0.7,12.0,0.3,3.0,0.0,,0.0,15.0,18.0,40.0,-16.1,72.2,13.7,12.0,14.0,44.4,6.1,43.8,11.0,16.7,-12.8,21.4,-2.6,12.1,-12.2,24.3,-2.0,130.3,130.3,25.7,25.7,104.6,52.9,-22.4,30.3,4.1,30.3,-0.9,-17.0,-51.5,-57.0,78.8,78.8,-31.3,-31.3,110.1,26.3,-4.5,26.0,43.0,15.0,15.0,14.0,33.0,38.9,-12.9,13.2,-1.6,9.8,-5.6,,,,,,,,,,,,,,,,,,,,,,,,,,,,,,,,,4.0,329.0
19722.0,Isaac Bonga,Partizan Mozzart Bet Belgrade,SF,2025.0,38.0,112.2,123.3,9.9,31.0,60.0,83.0,61.0,2.6,4.2,2.9,38.3,13.4,1.5,4.0,1.3,13.0,1.7,7.0,3.3,0.2,16.4,116.7,115.8,5.2,51.0,3.9,17.0,0.9,1.8,0.5,1.1,0.2,1042.0,918.0,55.1,3.2,57.7,1.2,626.0,706.0,37.5,-2.7,43.5,3.7,33.9,-0.7,36.8,-2.9,24.8,1.0,26.4,-3.1,116.7,116.7,-1.2,-1.2,117.9,69.5,0.4,26.6,-5.0,26.4,1.2,-100.0,-4.6,5.3,112.2,112.2,4.1,4.1,108.0,30.5,3.2,2148.0,2248.0,68.0,68.0,69.0,1915.0,49.6,2.7,15.2,0.9,15.2,-0.6,0.0,15.0,27.8,28.0,9.9,1.5,5.6,0.9,0.5,0.2,3.4,128.0,6.9,261.0,0.8,31.0,2.6,100.0,2.4,91.0,2.9,110.0,1.7,3.9,1.3,2.1,3.3,-3.2,49.0,31.0,82.7,isaac-bonga,11.5,51.0
38775.0,Isaac Nogues,Valencia Basket,SF,2025.0,13.0,97.4,55.6,0.0,0.0,0.0,,0.0,0.2,0.2,0.0,50.0,0.9,0.5,8.0,0.2,33.0,0.2,5.0,0.5,0.0,6.4,101.3,88.8,1.0,83.0,0.5,22.0,0.4,6.4,0.0,,0.1,47.0,39.0,51.1,-6.2,51.3,-6.1,26.0,22.0,35.6,-9.9,36.1,-6.3,19.2,-20.2,40.9,5.2,26.6,0.7,27.9,1.4,101.3,101.3,-17.4,-17.4,118.7,75.0,7.5,34.6,7.1,24.4,-2.8,-3.0,-3.8,-8.7,97.4,97.4,-26.0,-26.0,123.5,36.4,-3.4,76.0,79.0,8.0,8.0,8.0,78.0,52.6,-1.1,16.0,1.5,20.9,7.0,0.0,0.4,3.3,1.0,0.0,0.5,0.7,0.4,0.0,0.0,0.0,0.0,0.3,4.0,0.0,0.0,0.2,2.0,0.0,0.0,0.0,0.0,0.2,0.5,0.2,1.2,0.5,-0.8,0.0,0.0,0.0,isaac-nogues,,
23741.0,Isaia Cordinier,Anadolu Efes Istanbul,SG,2025.0,30.0,114.5,110.9,9.4,30.0,54.0,84.0,56.0,3.5,3.9,2.5,47.5,14.0,1.9,6.0,1.5,15.0,0.6,3.0,2.4,0.3,20.4,116.7,117.9,4.08,47.0,2.2,11.0,0.8,1.8,0.2,0.5,0.2,597.0,633.0,58.8,10.6,55.5,-3.1,480.0,491.0,44.6,3.4,43.7,2.7,36.3,1.2,33.8,-3.0,25.1,1.7,28.4,1.6,116.7,116.7,-0.8,-0.8,117.5,65.7,-4.4,29.4,-0.8,27.4,-1.0,-42.0,-2.2,9.9,114.5,114.5,9.1,9.1,105.4,29.3,2.7,1476.0,1518.0,60.0,60.0,60.0,1289.0,48.4,2.3,16.4,2.3,14.7,-1.4,0.0,8.9,24.2,20.0,9.4,1.9,2.8,0.8,0.2,0.3,3.1,94.0,7.4,221.0,1.0,31.0,3.5,105.0,2.1,63.0,2.5,75.0,0.6,2.2,1.5,2.5,2.4,-1.4,42.5,29.5,84.0,isaia-cordinier,9.1,127.0
24121.0,Ishmail Wainright,Hapoel Shlomo Tel Aviv,SF,2025.0,42.0,118.6,120.8,4.2,30.0,55.0,73.0,49.0,3.0,1.1,0.4,73.1,6.8,1.1,3.0,0.3,6.0,0.8,4.0,1.0,0.1,9.8,114.3,115.0,4.13,49.0,1.9,9.0,0.9,2.0,0.1,0.2,0.3,941.0,957.0,59.9,2.4,55.8,-0.6,587.0,626.0,38.4,0.1,39.5,-1.7,35.9,-2.3,34.8,3.4,24.6,0.6,25.5,1.4,114.3,114.3,-2.2,-2.2,116.5,68.1,0.7,25.3,-1.9,26.9,-2.6,46.0,4.3,3.8,118.6,118.6,1.6,1.6,117.0,27.2,-1.1,2079.0,2033.0,56.0,56.0,57.0,1753.0,48.6,-0.6,14.2,-0.8,14.8,1.6,0.0,4.5,23.0,36.0,4.2,1.1,2.6,0.9,0.1,0.1,1.5,64.0,4.2,175.0,0.9,38.0,3.0,128.0,0.3,11.0,0.4,15.0,0.8,1.9,0.3,2.6,1.0,1.5,36.6,29.7,73.3,ish-wainright,6.5,232.0
36259.0,Isiaha Mike,FC Bayern Munich,SF,2025.0,37.0,111.9,114.5,9.6,42.0,50.0,73.0,57.0,3.3,4.7,1.1,41.4,13.1,1.5,5.0,1.1,11.0,0.9,5.0,1.9,0.2,20.7,116.5,115.6,4.15,51.0,3.0,16.0,0.8,1.9,0.4,0.9,0.3,724.0,754.0,54.3,0.1,55.8,-1.1,578.0,565.0,44.4,3.5,42.8,-1.0,36.9,2.9,35.2,-2.6,27.0,1.4,27.1,0.9,116.5,116.5,2.1,2.1,114.3,65.8,-4.2,28.2,-2.6,26.8,1.6,-78.0,-4.6,0.0,111.9,111.9,2.2,2.2,109.7,28.1,-4.5,1675.0,1753.0,56.0,56.0,56.0,1497.0,46.9,-3.7,15.1,-1.6,15.0,-1.6,0.0,9.7,22.4,25.0,9.6,1.5,3.9,0.8,0.4,0.2,3.7,137.0,8.0,295.0,1.4,51.0,3.3,122.0,0.8,29.0,1.1,40.0,0.9,3.0,1.1,2.9,1.9,-2.2,46.4,41.8,72.5,isiaha-mike,,
20847.0,Ismael Bako,Paris Basketball,C,2025.0,9.0,108.8,96.9,2.6,,62.0,44.0,55.0,0.0,1.4,1.8,0.0,2.9,0.1,1.0,0.7,22.0,0.8,9.0,0.9,0.0,14.1,122.7,121.8,1.89,52.0,1.1,13.0,0.3,1.8,0.6,3.1,0.1,69.0,67.0,40.6,-11.7,50.7,1.0,66.0,72.0,48.9,1.7,51.8,2.4,37.9,6.4,41.7,6.3,23.0,3.1,35.2,8.5,122.7,122.7,12.7,12.7,110.0,63.6,-4.5,27.0,-4.8,31.4,3.5,-27.0,-13.9,-16.8,108.8,108.8,-4.1,-4.1,112.9,40.2,2.6,173.0,200.0,22.0,22.0,23.0,159.0,51.6,-0.4,16.1,1.7,16.8,-0.4,,,,,,,,,,,,,,,,,,,,,,,,,,,,,,,,,,
12194.0,Itay Segev,Hapoel Shlomo Tel Aviv,PF,2025.0,1.0,33.3,0.0,0.0,,0.0,,0.0,0.0,1.0,0.0,0.0,0.0,0.0,0.0,0.0,0.0,0.0,,1.0,0.0,16.7,112.5,101.5,1.19,74.0,0.0,,0.0,0.0,0.0,,0.0,4.0,3.0,25.0,-51.9,100.0,45.0,1.0,5.0,20.0,-15.0,62.5,30.3,0.0,-47.6,0.0,-26.3,0.0,-34.8,22.2,-6.1,112.5,112.5,0.4,0.4,112.1,60.0,-16.5,62.5,36.7,16.7,-5.7,-7.0,-79.2,-120.8,33.3,33.3,-120.4,-120.4,153.7,0.0,-38.1,2.0,9.0,8.0,8.0,11.0,6.0,33.3,-28.5,16.7,4.7,10.0,0.5,0.0,-1.8,3.0,0.0,0.0,0.0,0.0,0.0,0.0,0.0,0.0,0.0,1.0,1.0,0.0,0.0,0.0,0.0,0.0,0.0,0.0,0.0,0.0,0.0,0.0,2.0,1.0,-7.0,0.0,0.0,0.0,itay-segev,4.0,330.0
38817.0,Izan Almansa,Real Madrid,"PF,C",2025.0,3.0,93.8,63.0,0.7,,100.0,,100.0,0.0,0.3,0.0,0.0,0.7,0.0,0.0,0.3,50.0,0.0,,0.0,0.0,11.1,110.5,114.7,0.47,37.0,0.0,,0.0,0.0,0.0,,0.0,4.0,12.0,50.0,-4.5,75.0,19.3,8.0,6.0,66.7,20.2,33.3,-9.7,37.5,-0.9,0.0,-35.0,23.1,-7.5,31.6,6.2,110.5,110.5,-3.1,-3.1,113.7,88.9,16.9,21.1,-5.3,31.3,1.4,-6.0,-16.8,-31.0,93.8,93.8,-34.1,-34.1,127.9,25.0,-18.6,15.0,21.0,7.0,7.0,8.0,16.0,58.8,1.1,27.8,14.7,5.0,-8.7,0.0,-0.6,3.2,0.0,0.7,0.0,0.0,0.0,0.0,0.0,0.3,1.0,0.3,1.0,0.0,0.0,0.0,0.0,0.0,0.0,0.0,0.0,0.0,0.0,0.3,1.0,0.0,-2.0,100.0,0.0,0.0,izan-almansa,4.5,299.0
15928.0,Jabari Parker,Partizan Mozzart Bet Belgrade,PF,2025.0,15.0,113.0,100.7,7.7,29.0,45.0,95.0,50.0,2.7,4.6,1.3,37.3,9.4,0.7,2.0,0.9,10.0,0.7,4.0,1.6,0.3,21.3,123.0,125.1,2.97,43.0,1.8,13.0,0.3,0.8,0.1,0.2,0.4,300.0,240.0,53.0,-1.3,59.6,-2.9,179.0,185.0,37.4,0.2,43.5,-2.0,32.4,-2.6,44.3,7.2,22.5,0.6,30.4,3.6,123.0,123.0,1.2,1.2,121.8,70.4,4.9,25.7,-2.9,27.8,2.2,-39.0,-9.9,2.1,113.0,113.0,3.3,3.3,109.7,30.0,1.8,598.0,637.0,49.0,49.0,47.0,529.0,47.4,1.0,12.5,-2.5,16.4,1.1,,,,,,,,,,,,,,,,,,,,,,,,,,,,,,,,,,
,Jacob Toppin,Hapoel Tel Aviv,F,,,,,,,,,,,,,,,,,,,,,,,,,,,,,,,,,,,,,,,,,,,,,,,,,,,,,,,,,,,,,,,,,,,,,,,,,,,,,,,,,,,,,,,,,,,,,,,,,,,,,,,,,,,,,,,,,,,,,,,,9.8,102.0
,Jae Crowder,ASVEL,F,,,,,,,,,,,,,,,,,,,,,,,,,,,,,,,,,,,,,,,,,,,,,,,,,,,,,,,,,,,,,,,,,,,,,,,,,,,,,,,,,,,,,,,,,,,,,,,,,,,,,,,,,,,,,,,,,,,,,,,,9.5,113.0
24693.0,Jaime Pradilla,Valencia Basket,C,2025.0,44.0,119.9,119.9,6.8,36.0,64.0,74.0,62.0,2.0,3.2,0.6,38.8,11.7,1.9,6.0,1.3,19.0,1.3,7.0,1.4,0.3,15.9,117.7,118.5,3.5,48.0,2.8,17.0,0.6,1.8,0.1,0.4,0.1,779.0,828.0,58.2,1.1,56.4,3.6,695.0,576.0,47.2,1.3,41.0,-1.5,35.8,-0.5,38.2,6.2,28.1,1.2,27.8,3.4,117.7,117.7,7.0,7.0,110.7,69.1,0.4,25.2,-3.2,26.3,-1.0,39.0,2.1,-5.0,119.9,119.9,2.0,2.0,117.8,34.5,-1.0,1920.0,1881.0,48.0,48.0,48.0,1602.0,51.3,-0.8,13.3,-1.3,15.3,0.6,0.0,9.9,19.5,32.0,6.8,1.9,4.1,0.6,0.1,0.3,2.8,123.0,5.3,232.0,0.7,32.0,2.0,90.0,0.5,20.0,0.6,27.0,1.3,2.8,1.3,1.5,1.4,1.1,53.0,35.6,74.1,jaime-pradilla,8.7,151.0
6340.0,Jan Vesely,FC Barcelona,C,2025.0,38.0,117.1,117.2,8.7,29.0,58.0,77.0,58.0,0.9,6.1,1.2,12.9,12.4,1.4,5.0,0.8,10.0,1.3,7.0,1.5,0.1,19.4,112.7,112.3,3.87,52.0,2.1,12.0,0.9,2.5,0.2,0.5,0.2,774.0,716.0,54.1,-1.5,58.0,0.5,513.0,483.0,39.9,-1.8,40.3,2.8,40.4,6.2,33.1,-4.0,27.1,3.2,24.6,-0.8,112.7,112.7,-7.1,-7.1,119.8,67.3,-1.1,27.9,-0.3,26.2,-4.1,66.0,4.4,8.7,117.1,117.1,1.6,1.6,115.5,29.2,-7.4,1676.0,1610.0,53.0,53.0,53.0,1431.0,47.8,-4.1,13.6,-1.9,17.0,2.7,0.0,9.9,21.2,24.0,8.7,1.4,3.3,0.9,0.2,0.1,3.8,144.0,7.0,265.0,0.3,10.0,0.9,34.0,0.9,34.0,1.2,44.0,1.3,2.1,0.8,2.3,1.5,1.8,54.3,29.4,77.3,jan-vesely,,
35498.0,Jared Butler,Crvena Zvezda Meridianbet Belgrade,PG,2025.0,32.0,120.5,118.7,13.4,36.0,51.0,81.0,56.0,5.4,5.6,2.2,49.1,21.6,3.7,14.0,1.9,14.0,0.6,3.0,2.3,0.4,31.1,117.3,118.5,3.5,48.0,1.6,9.0,0.7,1.8,0.1,0.2,0.3,618.0,511.0,57.0,2.7,56.9,0.5,448.0,468.0,42.0,3.2,47.8,6.0,37.1,4.4,36.3,0.0,26.8,-0.5,26.5,-0.3,117.3,117.3,1.1,1.1,116.2,71.7,3.9,28.6,1.9,28.5,1.5,80.0,3.2,7.4,120.5,120.5,8.5,8.5,112.0,37.9,-0.7,1453.0,1373.0,50.0,50.0,49.0,1206.0,54.5,1.5,14.4,-2.4,14.3,-1.3,0.0,11.4,20.0,4.0,13.4,3.7,2.2,0.7,0.1,0.4,4.8,155.0,11.0,352.0,2.0,63.0,5.4,173.0,1.8,56.0,2.2,69.0,0.6,1.6,1.9,2.6,2.3,2.3,44.0,36.4,81.2,jared-butler,10.1,87.0
36505.0,Jared Rhoden,Paris Basketball,SG,2025.0,26.0,115.5,111.9,11.1,39.0,50.0,78.0,57.0,4.5,4.4,1.8,50.6,14.1,1.2,4.0,1.9,17.0,0.8,4.0,1.8,0.5,24.0,118.6,119.5,3.86,47.0,2.2,11.0,1.0,2.3,0.4,0.9,0.2,524.0,515.0,52.5,-1.8,56.9,0.5,451.0,404.0,46.3,-1.6,44.0,-1.8,37.7,-1.5,36.1,0.6,23.2,0.8,30.1,1.3,118.6,118.6,1.3,1.3,117.3,64.7,-0.3,28.1,-0.1,24.3,-3.7,-28.0,-3.1,-2.3,115.5,115.5,-1.1,-1.1,116.5,33.9,4.8,1247.0,1275.0,53.0,53.0,53.0,1080.0,48.6,1.3,14.9,0.2,15.7,0.0,0.0,8.4,21.3,22.0,11.1,1.2,2.9,1.0,0.4,0.5,4.0,103.0,9.0,233.0,1.8,46.0,4.5,118.0,1.4,36.0,1.8,46.0,0.8,2.2,1.9,2.5,1.8,-1.6,44.2,39.0,78.3,jared-rhoden,9.0,135.0
23301.0,Jaron Blossomgame,AS Monaco,SF,2025.0,43.0,117.2,120.3,9.8,32.0,67.0,65.0,61.0,2.6,4.5,2.1,36.4,11.6,0.8,2.0,0.7,8.0,1.3,7.0,2.1,0.1,17.6,119.1,121.1,3.92,44.0,2.9,14.0,0.3,0.7,0.1,0.2,0.1,1003.0,986.0,58.6,4.4,57.2,4.6,617.0,714.0,38.1,-0.3,42.0,0.7,31.1,-7.0,38.0,1.2,28.3,1.2,25.3,1.5,119.1,119.1,5.5,5.5,113.6,66.5,0.0,24.8,-5.1,29.6,1.2,-50.0,-2.0,-8.7,117.2,117.2,-3.2,-3.2,120.4,28.7,-2.6,2213.0,2263.0,59.0,59.0,59.0,1889.0,47.8,-1.4,12.9,0.3,14.5,-1.0,0.0,11.2,23.7,35.0,9.8,0.8,4.2,0.3,0.1,0.1,3.8,164.0,7.0,302.0,0.8,35.0,2.6,110.0,1.4,60.0,2.1,92.0,1.3,2.9,0.7,2.0,2.1,-1.2,54.3,31.8,65.2,jaron-blossomgame,9.4,119.0
24103.0,Jasiel Rivero,Crvena Zvezda Meridianbet Belgrade,C,2025.0,9.0,109.1,118.0,4.8,,61.0,69.0,63.0,0.0,3.1,1.4,0.0,4.9,0.1,1.0,0.3,8.0,0.7,8.0,1.0,0.1,20.0,124.8,129.7,1.3,36.0,1.0,14.0,0.1,0.6,0.0,,0.0,85.0,84.0,51.8,-3.0,63.1,7.4,50.0,49.0,37.0,-1.1,36.8,-7.9,38.0,3.2,38.8,-0.7,31.6,6.2,30.7,4.2,124.8,124.8,6.5,6.5,118.4,70.3,-0.6,28.5,-0.6,25.5,-0.1,-26.0,-15.8,-14.3,109.1,109.1,-7.8,-7.8,116.9,27.0,-11.3,180.0,206.0,24.0,24.0,24.0,165.0,47.1,-6.6,16.2,1.5,16.8,1.5,0.0,4.4,9.8,6.0,4.8,0.1,1.7,0.1,0.0,0.1,1.9,17.0,3.1,28.0,0.0,0.0,0.0,0.0,1.0,9.0,1.4,13.0,0.7,1.0,0.3,1.2,1.0,-0.8,60.7,0.0,69.2,jasiel-rivero,,
,Jason Burnell,Milano,F,,,,,,,,,,,,,,,,,,,,,,,,,,,,,,,,,,,,,,,,,,,,,,,,,,,,,,,,,,,,,,,,,,,,,,,,,,,,,,,,,,,,,,,,,,,,,,,,,,,,,,,,,,,,,,,,,,,,,,,,9.2,125.0
24315.0,Jaylen Hoard,Maccabi Playtika Tel Aviv,PF,2025.0,35.0,116.0,131.0,11.7,30.0,57.0,86.0,62.0,1.3,6.9,3.1,16.1,15.2,1.3,3.0,1.1,10.0,2.2,8.0,2.5,0.5,16.7,124.7,124.2,5.18,47.0,4.8,19.0,0.8,1.5,0.3,0.5,0.2,984.0,978.0,52.9,-4.6,60.9,5.3,695.0,736.0,41.4,-2.2,42.9,-4.3,35.1,0.1,36.3,5.4,26.0,0.6,29.8,6.0,124.7,124.7,15.4,15.4,109.3,65.0,-1.6,26.5,-4.7,27.3,-5.3,-196.0,-8.7,-22.6,116.0,116.0,-7.1,-7.1,123.1,33.1,-3.4,2219.0,2415.0,71.0,71.0,72.0,1913.0,48.5,-3.1,14.3,1.5,13.6,-3.4,0.0,17.0,28.8,35.0,11.7,1.3,7.1,0.8,0.3,0.5,4.3,151.0,8.2,286.0,0.4,14.0,1.3,46.0,2.7,95.0,3.1,110.0,2.2,4.8,1.1,1.7,2.5,-4.3,52.8,30.4,86.4,jaylen-hoard,14.8,8.0
24673.0,Jean Montero,Valencia Basket,"PG,SG",2025.0,38.0,121.1,134.3,14.4,32.0,52.0,88.0,58.0,5.5,5.3,4.0,51.1,25.8,4.8,15.0,1.4,10.0,0.8,4.0,4.1,0.3,27.3,116.1,116.0,4.23,50.0,2.2,11.0,1.1,2.5,0.3,0.8,0.0,816.0,806.0,57.7,1.1,55.1,2.2,662.0,620.0,44.8,-3.4,43.5,2.6,35.2,-1.6,35.0,1.3,26.3,-2.1,25.8,0.0,116.1,116.1,5.6,5.6,110.5,65.8,-5.0,24.9,-4.5,28.8,4.0,106.0,5.0,-1.0,121.1,121.1,4.6,4.6,116.5,37.3,5.6,1966.0,1860.0,57.0,57.0,56.0,1623.0,51.3,0.2,13.1,-0.6,14.9,0.0,0.0,19.2,23.0,20.0,14.4,4.8,3.0,1.1,0.3,0.3,4.5,172.0,10.8,411.0,1.8,68.0,5.5,210.0,3.5,134.0,4.0,152.0,0.8,2.2,1.4,1.4,4.1,2.1,41.8,32.4,88.2,jean-montero,12.8,31.0
35538.0,Jeff Dowtin Jr.,Maccabi Playtika Tel Aviv,PG,2025.0,19.0,113.2,128.0,8.1,40.0,43.0,71.0,54.0,2.9,3.8,1.8,43.3,13.9,2.4,9.0,0.9,11.0,0.2,1.0,1.7,0.2,21.5,121.2,123.4,2.67,42.0,0.8,6.0,0.6,1.8,0.1,0.2,0.1,319.0,269.0,49.8,-6.3,63.2,1.5,241.0,239.0,43.0,0.7,47.0,4.3,32.8,-1.1,33.1,-1.6,21.8,-6.8,27.0,-2.2,121.2,121.2,-4.7,-4.7,125.8,59.6,-3.1,30.0,2.1,30.5,2.6,-33.0,-8.0,-0.1,113.2,113.2,-4.8,-4.8,118.0,38.8,7.1,694.0,727.0,43.0,43.0,42.0,613.0,48.1,1.1,13.5,-0.5,16.8,3.4,,,,,,,,,,,,,,,,,,,,,,,,,,,,,,,,,,
,Jeffrey Dowtin Jr,Maccabi Rapyd Tel Aviv,G,,19.0,,,,,,,,,,,,,,,,,,,,,,,,,,,,,,,,,,,,,,,,,,,,,,,,,,,,,,,,,,,,,,,,,,,,,,,,,,,,,,,,,,,,,,0.0,7.1,17.1,2.0,8.1,2.4,1.1,0.6,0.1,0.2,2.8,53.0,6.7,127.0,1.2,22.0,2.9,55.0,1.3,25.0,1.8,35.0,0.2,0.8,0.9,1.4,1.7,-2.2,41.7,40.0,71.4,jeffrey-dowtin-jr,,
24649.0,Jeremy Morgan,Paris Basketball,SG,2025.0,32.0,120.6,132.8,5.3,42.0,47.0,79.0,61.0,3.0,1.1,0.4,72.9,9.2,1.5,5.0,0.8,15.0,1.0,6.0,0.9,0.1,12.6,115.3,115.3,3.42,50.0,1.5,9.0,0.8,2.4,0.2,0.6,0.2,505.0,495.0,53.7,1.6,53.3,-4.7,490.0,417.0,49.2,1.6,45.7,-0.9,37.8,0.8,37.4,2.4,21.3,-2.9,27.8,-2.2,115.3,115.3,-0.8,-0.8,116.1,64.1,-1.2,29.9,1.4,28.7,4.1,64.0,5.3,8.6,120.6,120.6,7.8,7.8,112.8,34.6,0.7,1330.0,1266.0,44.0,44.0,44.0,1103.0,48.9,-0.2,13.1,-3.4,16.6,-0.1,0.0,6.1,17.7,15.0,5.3,1.5,2.5,0.8,0.2,0.1,1.8,58.0,4.2,133.0,1.3,41.0,3.0,97.0,0.3,11.0,0.4,14.0,1.0,1.5,0.8,2.1,0.9,2.5,43.6,42.3,78.6,jeremy-morgan,6.3,245.0
17907.0,Jerian Grant,Panathinaikos AKTOR Athens,SG,2025.0,42.0,116.7,127.9,6.9,34.0,52.0,81.0,55.0,2.2,3.5,1.3,39.1,15.6,3.5,10.0,1.0,14.0,0.5,3.0,1.9,0.1,14.8,114.2,115.3,4.24,49.0,1.2,6.0,1.1,2.5,0.0,0.1,0.3,966.0,870.0,57.6,3.3,57.5,0.6,592.0,718.0,38.0,2.4,45.2,2.5,34.5,-2.1,34.1,-0.6,25.5,0.3,26.6,-0.8,114.2,114.2,-3.4,-3.4,117.6,66.6,0.2,27.1,0.6,28.7,1.5,1.0,2.5,-0.7,116.7,116.7,-4.1,-4.1,120.7,30.9,-1.0,2093.0,2092.0,59.0,59.0,60.0,1794.0,49.1,0.4,14.4,2.9,15.6,1.5,0.0,8.8,23.6,31.0,6.9,3.5,1.7,1.1,0.0,0.1,2.5,107.0,5.7,238.0,0.8,32.0,2.2,93.0,1.0,44.0,1.3,54.0,0.5,1.2,1.0,2.4,1.9,0.9,45.0,34.4,81.5,jerian-grant,8.8,144.0
38471.0,Jimmy Clark,Maccabi Playtika Tel Aviv,PG,2025.0,37.0,120.3,114.2,9.5,31.0,50.0,80.0,52.0,3.9,4.7,1.5,45.0,19.9,4.3,15.0,2.0,18.0,0.6,3.0,1.7,0.2,25.6,122.8,122.6,3.53,48.0,1.2,8.0,1.3,3.5,0.1,0.3,0.1,715.0,658.0,53.7,0.0,59.6,0.1,536.0,512.0,42.8,0.9,43.8,-1.9,36.8,2.7,38.1,5.1,25.4,-0.6,30.2,3.4,122.8,122.8,2.0,2.0,120.8,65.3,0.4,28.4,0.3,27.2,-3.3,-13.0,-2.5,1.8,120.3,120.3,3.8,3.8,116.5,34.5,-0.2,1672.0,1685.0,49.0,49.0,49.0,1390.0,49.0,-0.8,13.1,-1.0,15.7,2.8,,,,,,,,,,,,,,,,,,,,,,,,,,,,,,,,,,
,Jimmy Clark Iii,Maccabi Rapyd Tel Aviv,G,,37.0,,,,,,,,,,,,,,,,,,,,,,,,,,,,,,,,,,,,,,,,,,,,,,,,,,,,,,,,,,,,,,,,,,,,,,,,,,,,,,,,,,,,,,0.0,9.1,19.7,24.0,9.5,4.3,1.8,1.3,0.1,0.2,3.6,132.0,8.6,318.0,1.2,44.0,3.9,143.0,1.2,44.0,1.5,55.0,0.6,1.2,2.0,2.6,1.7,-0.9,41.5,30.8,80.0,jimmy-clark-iii,9.5,114.0
35591.0,Joel Ayayi,Paris Basketball,SG,2025.0,13.0,107.6,103.3,2.5,23.0,60.0,,45.0,1.7,1.2,0.0,59.5,4.5,0.8,5.0,0.7,20.0,1.1,9.0,0.3,0.1,14.2,110.1,110.6,2.06,50.0,1.3,13.0,0.5,2.6,0.0,,0.1,128.0,127.0,48.4,-11.8,52.8,-1.0,110.0,91.0,46.2,-7.9,41.7,-5.3,31.8,-2.6,31.9,-3.8,21.5,-2.0,31.5,3.5,110.1,110.1,-3.5,-3.5,113.6,61.1,-4.4,30.6,1.3,25.2,-2.5,-13.0,-2.4,-7.4,107.6,107.6,-10.9,-10.9,118.5,41.2,6.2,282.0,295.0,26.0,26.0,26.0,262.0,50.4,0.4,16.4,0.6,18.0,1.3,0.0,2.9,10.5,4.0,2.5,0.8,2.4,0.5,0.0,0.1,1.1,14.0,2.8,37.0,0.4,5.0,1.7,22.0,0.0,0.0,0.0,0.0,1.1,1.3,0.7,1.4,0.3,-1.2,37.8,22.7,0.0,joel-ayayi,5.0,275.0
20049.0,Joel Bolomboy,Crvena Zvezda Meridianbet Belgrade,C,2025.0,15.0,112.3,120.2,5.5,60.0,59.0,69.0,65.0,0.3,3.6,0.9,8.5,6.2,0.3,1.0,1.1,21.0,2.0,15.0,1.4,0.5,17.4,121.0,119.2,2.77,54.0,2.5,23.0,0.4,1.6,0.5,2.2,0.1,211.0,175.0,51.2,-4.1,56.6,1.6,139.0,144.0,39.7,1.2,45.1,1.7,36.7,2.7,45.1,11.4,28.7,3.1,28.3,3.9,121.0,121.0,7.4,7.4,113.6,70.6,-0.5,26.2,-2.7,30.4,3.9,-39.0,-8.6,-13.5,112.3,112.3,-6.2,-6.2,118.5,40.0,2.9,428.0,467.0,34.0,34.0,34.0,381.0,53.7,-0.1,16.9,3.4,17.1,2.7,0.0,8.0,14.5,7.0,5.5,0.3,4.5,0.4,0.5,0.5,2.3,35.0,3.9,59.0,0.2,3.0,0.3,5.0,0.6,9.0,0.9,13.0,2.0,2.5,1.1,1.5,1.4,-2.0,59.3,60.0,69.2,joel-bolomboy,10.4,75.0
23735.0,Joel Parra,FC Barcelona,PF,2025.0,40.0,111.6,123.7,5.6,29.0,61.0,79.0,58.0,1.7,2.7,1.1,38.9,7.8,1.0,3.0,0.6,10.0,1.2,8.0,1.1,0.2,13.9,116.3,117.4,3.16,47.0,2.2,15.0,0.5,1.6,0.1,0.4,0.2,694.0,681.0,53.5,-2.7,56.7,-1.3,483.0,433.0,41.0,1.4,38.9,0.3,34.8,-4.8,36.0,1.5,25.2,-0.1,24.6,-0.3,116.3,116.3,0.7,0.7,115.6,67.6,-0.7,30.1,4.3,28.5,0.5,-63.0,-4.6,-10.5,111.6,111.6,-9.8,-9.8,121.4,32.7,-0.3,1496.0,1559.0,46.0,46.0,47.0,1340.0,49.5,-0.9,15.3,1.7,16.4,1.2,0.0,7.3,18.7,6.0,5.6,1.0,3.4,0.5,0.1,0.2,2.1,85.0,4.4,175.0,0.5,20.0,1.7,68.0,0.9,34.0,1.1,43.0,1.2,2.2,0.6,1.7,1.1,-1.5,48.6,29.4,79.1,joel-parra,7.0,218.0
,Joffrey Lauvergne,Partizan,C,,,,,,,,,,,,,,,,,,,,,,,,,,,,,,,,,,,,,,,,,,,,,,,,,,,,,,,,,,,,,,,,,,,,,,,,,,,,,,,,,,,,,,,,,,,,,,,,,,,,,,,,,,,,,,,,,,,,,,,,9.1,128.0
,Johannes Thiemann,Bayern Munich,C,,,,,,,,,,,,,,,,,,,,,,,,,,,,,,,,,,,,,,,,,,,,,,,,,,,,,,,,,,,,,,,,,,,,,,,,,,,,,,,,,,,,,,,,,,,,,,,,,,,,,,,,,,,,,,,,,,,,,,,,10.6,68.0
17944.0,Johannes Voigtmann,FC Bayern Munich,PF,2025.0,23.0,116.5,110.5,3.7,37.0,55.0,75.0,57.0,1.8,1.3,0.3,56.9,8.0,1.7,9.0,0.9,21.0,0.7,6.0,0.8,0.0,15.3,114.7,112.9,2.63,55.0,2.7,25.0,0.3,1.5,0.2,0.8,0.1,268.0,256.0,57.5,4.4,55.9,-2.1,213.0,208.0,44.3,2.3,44.8,1.0,37.6,5.2,37.0,3.4,28.7,3.6,25.7,-1.3,114.7,114.7,0.2,0.2,114.5,70.0,3.4,26.7,-3.0,26.5,1.8,5.0,1.8,10.9,116.5,116.5,11.0,11.0,105.4,29.1,1.0,637.0,632.0,32.0,32.0,32.0,547.0,49.6,2.5,15.7,-0.3,16.0,0.0,0.0,6.5,13.0,8.0,3.7,1.7,3.3,0.3,0.2,0.0,1.4,32.0,3.1,72.0,0.7,15.0,1.8,41.0,0.3,6.0,0.3,8.0,0.7,2.7,0.9,1.1,0.8,0.2,44.4,36.6,75.0,johannes-voigtmann,7.5,196.0
21024.0,John Dibartolomeo,Maccabi Playtika Tel Aviv,PG,2025.0,27.0,125.2,133.8,4.0,38.0,43.0,86.0,60.0,2.5,0.5,0.8,82.9,6.1,0.9,4.0,0.3,9.0,0.7,5.0,1.1,0.0,11.2,113.9,112.1,2.99,55.0,1.1,9.0,0.9,3.3,0.0,,0.1,381.0,310.0,54.3,1.4,57.1,-4.1,285.0,282.0,42.8,0.3,47.6,3.6,34.4,-0.2,34.4,-3.4,26.6,1.1,28.2,-1.5,113.9,113.9,-13.0,-13.0,126.8,68.3,2.7,33.5,8.1,30.4,2.7,88.0,11.4,24.8,125.2,125.2,11.8,11.8,113.5,42.3,9.6,918.0,830.0,35.0,35.0,35.0,733.0,54.6,6.2,12.5,-2.2,16.5,2.7,0.0,4.6,14.3,0.0,4.0,0.9,1.9,0.9,0.0,0.0,1.2,32.0,3.0,82.0,1.0,26.0,2.5,68.0,0.7,19.0,0.8,22.0,0.7,1.1,0.3,2.0,1.1,3.2,39.0,38.2,86.4,john-dibartolomeo,4.5,300.0
21637.0,Johnathan Motley,Hapoel Shlomo Tel Aviv,C,2025.0,35.0,117.2,125.0,8.3,49.0,65.0,73.0,69.0,1.2,3.8,2.2,23.6,10.5,0.9,5.0,1.1,16.0,0.7,7.0,2.3,0.2,23.6,117.3,120.7,2.23,41.0,1.6,13.0,0.3,1.0,0.2,0.6,0.1,465.0,522.0,59.6,0.7,56.3,0.8,325.0,331.0,41.1,3.8,38.8,-1.0,37.8,0.7,32.6,-1.0,25.1,1.8,23.6,-2.0,117.3,117.3,4.1,4.1,113.1,66.0,-3.7,27.4,1.1,30.3,3.6,6.0,-0.1,-5.7,117.2,117.2,-1.6,-1.6,118.8,26.5,-1.8,1112.0,1106.0,37.0,37.0,36.0,949.0,47.6,-2.4,15.6,1.3,13.6,-1.1,0.0,8.6,14.6,6.0,8.3,0.9,2.4,0.3,0.2,0.2,3.1,107.0,5.0,174.0,0.6,20.0,1.2,41.0,1.6,56.0,2.2,77.0,0.7,1.6,1.1,2.3,2.3,-0.1,61.5,48.8,72.7,johnathan-motley,11.0,62.0
,Johnny Juzang,Fenerbahce,F,,,,,,,,,,,,,,,,,,,,,,,,,,,,,,,,,,,,,,,,,,,,,,,,,,,,,,,,,,,,,,,,,,,,,,,,,,,,,,,,,,,,,,,,,,,,,,,,,,,,,,,,,,,,,,,,,,,,,,,,10.0,92.0
,Jonas Valanciunas,Zalgiris,C,,,,,,,,,,,,,,,,,,,,,,,,,,,,,,,,,,,,,,,,,,,,,,,,,,,,,,,,,,,,,,,,,,,,,,,,,,,,,,,,,,,,,,,,,,,,,,,,,,,,,,,,,,,,,,,,,,,,,,,,15.5,5.0
22997.0,Jordan Loyd,Anadolu Efes Istanbul,SG,2025.0,34.0,111.0,119.1,11.4,35.0,47.0,86.0,57.0,4.6,4.0,3.3,53.4,15.8,1.9,6.0,1.2,11.0,0.6,3.0,3.9,0.3,23.2,115.0,115.9,4.04,48.0,1.9,10.0,0.6,1.5,0.1,0.2,0.2,697.0,717.0,53.1,-5.1,53.6,-3.6,524.0,498.0,42.9,1.1,41.0,-1.2,34.7,-2.7,36.9,0.7,25.3,-1.2,26.8,-3.4,115.0,115.0,-6.1,-6.1,121.1,68.1,2.6,29.3,1.6,29.1,3.7,-48.0,-4.0,3.5,111.0,111.0,-2.6,-2.6,113.7,30.8,6.7,1592.0,1640.0,58.0,58.0,58.0,1434.0,49.1,3.8,15.5,0.1,15.6,1.0,0.0,11.3,23.5,18.0,11.4,1.9,2.5,0.6,0.1,0.3,3.5,118.0,8.6,292.0,1.6,54.0,4.6,156.0,2.9,97.0,3.3,113.0,0.6,1.9,1.2,2.4,3.9,-2.3,40.4,34.6,85.8,jordan-loyd,10.2,82.0
23675.0,Jordan Nwora,Crvena Zvezda Meridianbet Belgrade,SF,2025.0,34.0,115.3,112.5,16.9,36.0,55.0,81.0,60.0,5.1,7.6,3.9,40.4,20.4,1.6,4.0,2.2,14.0,0.7,3.0,3.5,0.3,27.2,115.9,114.5,5.4,53.0,3.7,16.0,1.1,2.2,0.3,0.5,0.2,919.0,854.0,56.8,3.9,57.7,2.5,583.0,630.0,38.8,-2.9,42.5,-7.3,33.8,-3.5,35.6,-1.5,26.1,-1.5,26.5,-0.9,115.9,115.9,0.1,0.1,115.9,69.5,-2.0,26.1,-3.7,27.8,-0.3,15.0,-0.6,-0.8,115.3,115.3,-0.7,-0.7,116.0,36.3,-2.7,2017.0,2002.0,68.0,68.0,68.0,1749.0,52.8,-2.1,16.1,1.2,15.3,0.1,0.0,16.8,27.1,29.0,16.9,1.6,4.4,1.1,0.3,0.3,6.0,203.0,12.7,431.0,1.8,62.0,5.1,174.0,3.2,108.0,3.9,134.0,0.7,3.7,2.2,1.9,3.5,-0.8,47.1,35.6,80.6,jordan-nwora,13.0,30.0
19020.0,Josep Puerto,Valencia Basket,"SG,SF",2025.0,38.0,118.9,128.5,5.2,40.0,54.0,73.0,60.0,2.6,1.5,0.7,63.4,6.6,0.6,2.0,0.4,9.0,0.7,5.0,0.8,0.1,13.5,115.8,118.6,2.59,44.0,1.8,13.0,0.3,1.2,0.1,0.2,0.1,524.0,586.0,53.6,-5.5,54.8,0.0,472.0,395.0,47.4,1.9,40.3,-1.8,41.3,8.2,33.7,-2.7,28.7,1.9,26.4,0.6,115.8,115.8,3.7,3.7,112.2,68.3,-2.2,29.0,3.8,26.5,-0.5,40.0,3.1,-2.3,118.9,118.9,1.3,1.3,117.6,35.8,0.7,1344.0,1304.0,39.0,39.0,39.0,1130.0,52.2,0.1,15.5,2.2,14.4,-1.9,0.0,5.6,15.7,11.0,5.2,0.6,2.5,0.3,0.1,0.1,1.8,69.0,4.0,153.0,1.0,39.0,2.6,97.0,0.5,19.0,0.7,26.0,0.7,1.8,0.4,1.3,0.8,1.1,45.1,40.2,73.1,josep-puerto,5.5,263.0
34954.0,Josh Nebo,EA7 Emporio Armani Milan,C,2025.0,26.0,123.7,131.8,10.2,0.0,68.0,66.0,70.0,0.0,5.5,4.0,0.7,11.7,0.5,2.0,1.1,13.0,2.2,13.0,2.9,0.4,18.9,120.6,121.4,3.56,46.0,3.3,19.0,0.3,0.7,0.8,2.2,0.1,505.0,561.0,57.6,5.5,55.8,0.9,356.0,325.0,41.3,-2.8,36.7,-1.7,41.3,2.4,39.7,1.7,28.7,4.4,25.8,0.4,120.6,120.6,0.9,0.9,119.7,70.6,3.9,26.3,-3.1,29.4,-0.1,37.0,3.0,8.1,123.7,123.7,9.0,9.0,114.7,30.3,0.4,1259.0,1222.0,54.0,54.0,53.0,1018.0,50.8,2.5,14.6,-0.4,13.1,-1.1,0.0,14.3,21.5,14.0,10.2,0.5,5.5,0.3,0.8,0.4,3.8,98.0,5.6,145.0,0.0,0.0,0.0,1.0,2.7,69.0,4.0,104.0,2.2,3.3,1.1,1.8,2.9,1.3,67.6,0.0,66.3,josh-nebo,12.5,38.0
19143.0,Juan Hernangomez,Panathinaikos AKTOR Athens,PF,2025.0,44.0,120.1,130.5,8.0,36.0,66.0,75.0,61.0,3.4,2.6,1.1,56.2,9.8,0.7,2.0,0.5,8.0,2.1,10.0,1.4,0.1,13.7,116.7,114.5,4.92,55.0,4.4,20.0,0.8,1.7,0.3,0.6,0.1,1097.0,962.0,56.2,-0.3,58.0,1.4,653.0,804.0,37.3,-0.1,45.5,4.4,36.6,3.7,33.8,-2.0,24.7,-1.8,27.3,0.3,116.7,116.7,1.6,1.6,115.1,66.4,-1.2,25.2,-3.6,27.3,-1.6,39.0,3.4,1.7,120.1,120.1,3.3,3.3,116.8,32.6,2.4,2345.0,2306.0,61.0,61.0,61.0,1952.0,49.7,1.5,13.0,0.0,14.5,-0.8,0.0,13.0,24.5,26.0,8.0,0.7,6.5,0.8,0.3,0.1,3.0,130.0,6.0,265.0,1.2,54.0,3.4,149.0,0.8,36.0,1.1,48.0,2.1,4.4,0.5,1.2,1.4,0.6,49.1,36.2,75.0,juancho-hernangomez,11.4,54.0
35178.0,Juan Nunez,FC Barcelona,PG,2025.0,1.0,77.8,23.3,0.0,,0.0,,0.0,0.0,2.0,0.0,0.0,2.0,1.0,17.0,1.0,33.0,0.0,,1.0,1.0,27.3,85.7,91.4,0.6,43.0,0.0,,0.0,0.0,0.0,,0.0,7.0,6.0,28.6,-19.4,50.0,-13.0,1.0,1.0,12.5,-40.3,14.3,-28.3,100.0,46.4,0.0,-45.0,25.0,-7.8,14.3,-15.7,85.7,85.7,-48.1,-48.1,133.8,100.0,27.3,14.3,-19.6,11.1,-17.9,1.0,-7.9,-1.5,77.8,77.8,-49.6,-49.6,127.4,40.0,14.1,7.0,6.0,13.0,13.0,10.0,9.0,66.7,19.7,27.3,11.3,0.0,-15.5,0.0,-2.0,5.3,0.0,0.0,1.0,0.0,0.0,0.0,1.0,0.0,0.0,2.0,2.0,0.0,0.0,0.0,0.0,0.0,0.0,0.0,0.0,0.0,0.0,1.0,0.0,1.0,1.0,0.0,0.0,0.0,juan-nunez,4.6,291.0
37042.0,Juani Marcos,FC Barcelona,SG,2025.0,31.0,108.3,99.5,2.0,32.0,33.0,,44.0,1.6,0.7,0.0,70.4,5.2,1.3,10.0,0.6,20.0,0.3,3.0,0.3,0.0,16.4,115.1,116.1,1.42,48.0,0.6,10.0,0.4,2.4,0.0,,0.1,223.0,215.0,51.1,-4.4,61.9,6.3,200.0,159.0,47.3,9.3,42.5,3.9,33.0,-5.3,35.2,1.1,22.0,-2.9,25.1,1.1,115.1,115.1,0.8,0.8,114.3,73.7,6.1,30.9,4.5,28.1,-0.3,-18.0,-6.8,-10.0,108.3,108.3,-9.1,-9.1,117.4,30.7,-1.9,508.0,526.0,21.0,21.0,20.0,469.0,49.8,-0.6,14.7,-0.1,16.1,1.1,0.0,1.5,8.6,2.0,2.0,1.3,0.9,0.4,0.0,0.0,0.7,23.0,2.3,71.0,0.5,16.0,1.6,50.0,0.0,0.0,0.0,0.0,0.3,0.6,0.6,1.2,0.3,-0.3,32.4,32.0,0.0,juani-marcos,,
35892.0,Juhann Begarin,AS Monaco,SG,2025.0,23.0,115.7,110.4,4.6,25.0,57.0,81.0,51.0,2.1,2.0,0.9,51.1,6.2,0.7,3.0,0.4,9.0,0.8,7.0,0.7,0.2,17.2,122.4,122.2,2.46,48.0,1.6,12.0,0.3,1.2,0.2,0.8,0.3,312.0,302.0,58.0,-0.4,54.0,-1.6,185.0,246.0,37.2,-1.0,44.9,2.4,30.3,-3.1,39.0,1.1,26.7,-2.9,22.8,-3.6,122.4,122.4,6.5,6.5,115.9,63.5,-4.5,27.3,1.4,25.4,-4.5,-51.0,-6.7,-7.7,115.7,115.7,-1.3,-1.3,117.0,30.0,1.5,670.0,721.0,34.0,34.0,35.0,579.0,47.8,-1.1,13.5,-0.1,12.5,-3.0,0.0,4.0,13.5,0.0,4.6,0.7,2.3,0.3,0.2,0.2,1.7,38.0,4.1,94.0,0.5,12.0,2.1,48.0,0.7,17.0,0.9,21.0,0.8,1.6,0.4,1.9,0.7,-2.0,40.4,25.0,81.0,juhann-begarin,,
38888.0,Juom Bol,Kosner Baskonia Vitoria-Gasteiz,C,2025.0,1.0,120.0,100.0,3.0,100.0,0.0,,50.0,1.0,2.0,0.0,33.3,3.0,0.0,0.0,0.0,0.0,0.0,,0.0,0.0,60.0,0.0,,1.4,175.0,1.0,33.0,0.0,0.0,0.0,,0.0,2.0,1.0,0.0,-58.8,0.0,-64.3,3.0,2.0,60.0,16.7,66.7,25.8,66.7,47.4,0.0,-51.7,20.0,-2.1,0.0,-32.4,0.0,0.0,-158.8,-158.8,158.8,66.7,13.1,0.0,-23.5,0.0,-29.9,6.0,120.0,169.9,120.0,120.0,11.0,11.0,109.0,0.0,-32.5,6.0,0.0,7.0,7.0,6.0,5.0,33.3,-7.8,0.0,-15.0,40.0,31.4,0.0,2.0,2.6,0.0,3.0,0.0,1.0,0.0,0.0,0.0,1.0,1.0,3.0,3.0,1.0,1.0,1.0,1.0,0.0,0.0,0.0,0.0,0.0,1.0,0.0,0.0,0.0,6.0,33.3,100.0,0.0,juom-maker-bol,,
18820.0,Justin Anderson,Dubai Basketball,SF,2025.0,33.0,118.8,132.2,6.1,41.0,55.0,88.0,63.0,2.7,1.8,1.0,59.5,9.0,1.3,3.0,0.6,12.0,0.8,4.0,0.7,0.1,11.2,118.2,121.5,3.61,42.0,2.2,11.0,0.4,1.0,0.5,1.3,0.1,754.0,776.0,55.3,0.8,53.1,1.2,472.0,485.0,38.5,3.6,38.5,-1.5,34.7,-1.1,38.8,2.2,25.9,0.2,25.0,-0.4,118.2,118.2,-1.4,-1.4,119.6,68.9,2.0,28.8,-0.5,28.6,0.6,5.0,0.6,2.2,118.8,118.8,0.8,0.8,118.0,28.6,-3.7,1690.0,1685.0,58.0,58.0,58.0,1422.0,49.1,-1.8,12.1,-2.4,13.1,2.1,0.0,6.7,23.5,12.0,6.1,1.3,3.0,0.4,0.5,0.1,2.1,69.0,4.5,148.0,1.1,36.0,2.7,88.0,0.8,28.0,1.0,32.0,0.8,2.2,0.6,2.6,0.7,-0.3,46.6,40.9,87.5,justin-anderson,6.5,234.0
,Justin Minaya,Barcelona,F,,,,,,,,,,,,,,,,,,,,,,,,,,,,,,,,,,,,,,,,,,,,,,,,,,,,,,,,,,,,,,,,,,,,,,,,,,,,,,,,,,,,,,,,,,,,,,,,,,,,,,,,,,,,,,,,,,,,,,,,7.5,197.0
34942.0,Justin Robinson,Paris Basketball,PG,2025.0,36.0,117.0,126.0,14.6,34.0,49.0,83.0,58.0,5.5,5.1,4.7,51.8,25.7,4.5,19.0,2.1,14.0,0.3,2.0,4.2,0.5,33.3,115.1,114.9,3.84,51.0,1.2,7.0,0.9,2.4,0.1,0.2,0.1,603.0,577.0,55.9,6.4,56.0,2.0,590.0,536.0,49.5,3.6,48.2,4.5,36.9,0.3,35.6,-0.5,26.1,6.7,28.0,-1.1,115.1,115.1,-3.0,-3.0,118.1,64.3,-0.6,29.5,1.1,24.3,-4.6,26.0,1.8,6.3,117.0,117.0,3.3,3.3,113.7,34.2,0.5,1578.0,1552.0,48.0,48.0,48.0,1349.0,48.8,-0.2,15.5,0.8,17.3,2.8,0.0,15.0,19.0,19.0,14.6,4.5,1.5,0.9,0.1,0.5,4.4,159.0,10.6,382.0,1.9,68.0,5.5,198.0,3.9,140.0,4.7,169.0,0.3,1.2,2.1,1.9,4.2,0.4,41.6,34.3,82.8,justin-robinson,12.2,45.0
36002.0,Justinian Jessup,FC Bayern Munich,"SG,SF",2025.0,37.0,115.0,129.4,8.2,38.0,63.0,97.0,63.0,3.7,2.5,0.8,59.3,11.5,1.4,5.0,0.6,9.0,0.6,4.0,0.7,0.1,18.4,108.6,111.1,3.36,48.0,1.8,11.0,0.8,2.2,0.2,0.6,0.1,633.0,593.0,58.8,7.8,54.1,-3.0,478.0,499.0,43.0,0.5,45.7,3.9,35.4,-0.6,34.5,-3.0,27.7,1.6,25.3,-2.2,108.6,108.6,-11.1,-11.1,119.7,66.6,-2.8,30.5,2.1,25.8,-0.7,67.0,6.3,17.5,115.0,115.0,6.4,6.4,108.6,29.6,-1.1,1475.0,1408.0,48.0,48.0,48.0,1283.0,48.8,-0.3,15.6,-0.1,17.5,3.1,0.0,8.3,19.3,3.0,8.2,1.4,2.4,0.8,0.2,0.1,3.0,111.0,6.2,231.0,1.4,52.0,3.7,137.0,0.8,30.0,0.8,31.0,0.6,1.8,0.6,1.8,0.7,1.7,48.1,38.0,96.8,justinian-jessup,7.7,191.0
35518.0,Justus Hollatz,FC Bayern Munich,SG,2025.0,26.0,108.8,117.8,3.0,45.0,39.0,73.0,56.0,1.2,1.2,0.6,50.0,10.1,2.8,11.0,1.0,27.0,0.7,5.0,0.7,0.1,10.7,115.9,116.0,3.07,51.0,1.5,11.0,0.9,3.0,0.0,,0.1,390.0,354.0,54.6,0.5,52.8,-4.5,312.0,305.0,44.4,3.7,46.3,4.0,32.7,-1.2,40.3,6.4,27.2,2.0,28.3,3.0,115.9,115.9,1.4,1.4,114.5,70.3,3.5,30.7,2.5,21.5,-7.5,-59.0,-7.0,-2.3,108.8,108.8,-0.9,-0.9,109.7,29.7,1.3,840.0,899.0,41.0,41.0,41.0,772.0,48.8,1.2,15.4,0.5,16.6,1.7,0.0,4.9,16.7,17.0,3.0,2.8,2.2,0.9,0.0,0.1,1.0,26.0,2.4,62.0,0.5,14.0,1.2,31.0,0.4,11.0,0.6,15.0,0.7,1.5,1.0,2.2,0.7,-3.0,41.9,45.2,73.3,justus-hollatz,5.1,269.0
35585.0,Kai Jones,Anadolu Efes Istanbul,C,2025.0,36.0,110.3,156.2,3.6,,92.0,67.0,92.0,0.0,1.8,0.6,0.0,4.9,0.5,2.0,0.5,19.0,1.1,9.0,0.5,0.0,8.0,120.0,115.4,3.24,58.0,2.4,19.0,0.5,1.9,1.3,4.5,0.2,493.0,511.0,57.0,4.2,51.7,-5.7,337.0,353.0,40.6,-2.1,40.9,-0.6,34.4,-1.6,39.9,5.4,24.7,-0.8,29.6,2.6,120.0,120.0,3.6,3.6,116.4,64.5,-4.2,28.8,-0.2,26.8,-0.8,-114.0,-9.7,-5.6,110.3,110.3,-2.0,-2.0,112.4,26.3,-3.2,1091.0,1205.0,38.0,38.0,39.0,989.0,45.9,-2.6,16.0,1.2,14.8,-0.1,0.0,7.7,15.5,3.0,3.6,0.5,3.5,0.5,1.3,0.0,1.6,58.0,1.8,63.0,0.0,0.0,0.0,0.0,0.4,14.0,0.6,21.0,1.1,2.4,0.5,1.7,0.5,-2.9,92.1,0.0,66.7,kai-jones,8.8,145.0
36804.0,Kajus Mikalauskas,Zalgiris Kaunas,PG,2025.0,2.0,141.2,116.1,2.5,33.0,50.0,,50.0,1.5,1.0,0.0,60.0,8.0,2.5,16.0,0.5,17.0,0.0,,1.0,0.0,14.6,110.8,108.6,2.08,56.0,0.5,5.0,1.0,5.4,0.0,,0.0,20.0,25.0,70.0,17.5,44.0,-9.4,10.0,9.0,33.3,-6.3,26.5,-15.5,40.0,12.5,22.2,-4.0,33.3,10.9,25.0,4.5,110.8,110.8,6.2,6.2,104.6,65.0,-1.7,29.7,2.0,26.5,-6.3,7.0,30.4,20.4,141.2,141.2,26.6,26.6,114.5,50.0,8.1,48.0,41.0,24.0,24.0,26.0,34.0,58.8,4.7,12.2,-2.5,9.1,-3.4,0.0,5.2,9.1,0.0,2.5,2.5,0.5,1.0,0.0,0.0,1.0,2.0,2.5,5.0,0.5,1.0,1.5,3.0,0.0,0.0,0.0,0.0,0.0,0.5,0.5,1.0,1.0,3.5,40.0,33.3,0.0,kajus-mikalauskas,,
34625.0,Kamar Baldwin,FC Bayern Munich,PG,2025.0,9.0,113.9,111.6,6.7,27.0,44.0,91.0,48.0,2.4,4.0,1.2,37.9,12.4,2.4,11.0,1.1,14.0,0.3,2.0,1.3,0.3,24.3,117.9,120.0,2.71,46.0,1.6,11.0,0.9,3.1,0.0,,0.0,130.0,119.0,56.9,3.2,52.1,-4.8,104.0,101.0,44.4,-2.5,45.9,7.2,32.7,-1.9,39.6,4.6,26.1,0.7,27.7,4.4,117.9,117.9,5.3,5.3,112.6,61.8,-13.1,34.0,3.3,30.1,2.0,-14.0,-4.0,0.1,113.9,113.9,5.4,5.4,108.5,32.0,1.4,295.0,309.0,40.0,40.0,40.0,259.0,46.6,-4.9,13.0,-3.6,18.1,3.0,0.0,5.9,16.3,2.0,6.7,2.4,1.9,0.9,0.0,0.3,2.4,22.0,6.4,58.0,0.7,6.0,2.4,22.0,1.1,10.0,1.2,11.0,0.3,1.6,1.1,2.1,1.3,-0.2,37.9,27.3,90.9,kamar-baldwin,7.1,212.0
24087.0,Kameron Taylor,Valencia Basket,SF,2025.0,40.0,120.3,123.0,11.8,39.0,60.0,82.0,63.0,3.8,4.7,2.1,44.4,16.5,2.1,6.0,1.5,14.0,1.1,5.0,2.6,0.3,20.5,111.8,110.7,4.87,54.0,3.4,16.0,0.9,2.1,0.3,0.7,0.2,868.0,877.0,60.3,6.5,53.5,-3.4,751.0,681.0,46.4,-0.6,43.7,4.0,35.2,-2.1,35.1,-0.4,27.1,-0.4,25.8,-0.9,111.8,111.8,-5.1,-5.1,116.8,70.7,2.9,25.4,-3.4,27.8,1.9,181.0,8.6,9.5,120.3,120.3,4.4,4.4,115.9,33.8,-3.0,2184.0,2003.0,59.0,59.0,59.0,1815.0,52.2,0.6,13.2,-2.4,15.0,-0.6,0.0,14.5,24.1,32.0,11.8,2.1,4.5,0.9,0.3,0.3,4.3,171.0,8.5,338.0,1.5,58.0,3.8,150.0,1.8,70.0,2.1,85.0,1.1,3.4,1.5,2.1,2.6,3.8,50.6,38.7,82.4,kameron-taylor,12.4,39.0
,Kaodirichi Akobundu-Ehiogu,Zalgiris,C,,,,,,,,,,,,,,,,,,,,,,,,,,,,,,,,,,,,,,,,,,,,,,,,,,,,,,,,,,,,,,,,,,,,,,,,,,,,,,,,,,,,,,,,,,,,,,,,,,,,,,,,,,,,,,,,,,,,,,,,6.7,227.0
18343.0,Karim Jallow,Virtus Segafredo Bologna,SG,2025.0,37.0,112.9,106.9,5.3,30.0,53.0,60.0,53.0,1.2,3.2,1.3,28.2,7.7,1.0,3.0,0.9,16.0,0.8,5.0,1.6,0.4,13.6,120.5,123.4,3.23,42.0,1.9,11.0,0.5,1.2,0.1,0.3,0.1,702.0,727.0,56.7,2.1,57.5,2.0,497.0,548.0,41.5,-0.3,43.0,-4.1,36.2,3.0,36.1,-0.1,26.4,-2.5,28.2,0.7,120.5,120.5,5.9,5.9,114.7,66.5,-1.4,27.9,-0.3,26.1,-2.8,-146.0,-7.7,-3.4,112.9,112.9,2.5,2.5,110.4,31.5,-0.3,1580.0,1726.0,52.0,52.0,53.0,1400.0,49.2,-0.8,17.0,0.3,13.9,-0.8,0.0,5.6,20.9,26.0,5.3,1.0,2.8,0.5,0.1,0.4,2.1,74.0,4.5,161.0,0.4,14.0,1.3,46.0,0.8,27.0,1.3,46.0,0.8,1.9,0.9,1.6,1.6,-3.1,46.0,30.4,58.7,karim-jallow,,
,Keaton Wallace,Maccabi Tel Aviv,G,,,,,,,,,,,,,,,,,,,,,,,,,,,,,,,,,,,,,,,,,,,,,,,,,,,,,,,,,,,,,,,,,,,,,,,,,,,,,,,,,,,,,,,,,,,,,,,,,,,,,,,,,,,,,,,,,,,,,,,,10.8,65.0
22948.0,Keenan Evans,Olympiacos Piraeus,PG,2025.0,1.0,166.7,,0.0,,,,,0.0,0.0,0.0,,0.0,0.0,0.0,0.0,,0.0,,0.0,0.0,0.0,66.7,93.3,0.0,0.0,0.0,,0.0,0.0,0.0,,0.0,2.0,0.0,50.0,-12.5,,,1.0,4.0,33.3,-1.1,100.0,60.8,100.0,71.4,0.0,-20.7,66.7,44.7,0.0,-15.5,66.7,66.7,-40.4,-40.4,107.0,50.0,-4.9,66.7,41.3,0.0,-34.7,3.0,100.0,82.0,166.7,166.7,41.7,41.7,125.0,0.0,-34.4,5.0,2.0,4.0,4.0,4.0,3.0,40.0,-7.0,0.0,-12.0,0.0,-10.6,,,,,,,,,,,,,,,,,,,,,,,,,,,,,,,,,,
35913.0,Kenan Kamenjas,Dubai Basketball,C,2025.0,28.0,114.0,116.7,4.1,0.0,56.0,68.0,58.0,0.1,2.9,1.3,2.4,5.5,0.5,3.0,0.6,15.0,1.3,13.0,1.3,0.2,18.3,127.6,125.1,1.98,51.0,2.1,24.0,0.3,1.7,0.0,0.2,0.1,278.0,293.0,51.4,-5.5,53.9,1.1,194.0,191.0,41.1,5.6,39.5,0.7,33.0,-0.2,42.4,6.5,24.5,-1.2,26.6,2.6,127.6,127.6,13.5,13.5,114.2,66.4,-2.2,31.4,3.0,31.9,3.9,-69.0,-13.6,-19.2,114.0,114.0,-5.8,-5.8,119.8,32.8,2.3,619.0,688.0,26.0,26.0,26.0,543.0,48.9,-1.5,13.4,1.1,11.9,-1.4,0.0,6.2,10.9,3.0,4.1,0.5,3.4,0.3,0.0,0.2,1.6,45.0,2.9,82.0,0.0,0.0,0.1,2.0,0.9,25.0,1.3,37.0,1.3,2.1,0.6,1.3,1.3,-2.5,54.9,0.0,67.6,kenan-kamenjas,5.9,255.0
24328.0,Kendrick Nunn,Panathinaikos AKTOR Athens,PG,2025.0,37.0,119.9,119.8,18.3,38.0,58.0,89.0,62.0,5.4,8.3,2.7,39.4,26.0,3.5,9.0,2.9,17.0,0.6,2.0,3.3,0.4,28.0,116.8,119.5,4.72,43.0,2.1,8.0,1.0,1.8,0.1,0.1,0.3,1151.0,974.0,57.3,4.8,58.7,3.5,668.0,773.0,36.7,-0.7,44.2,2.4,35.2,-2.2,34.5,0.7,26.0,-0.3,27.8,2.7,116.8,116.8,2.7,2.7,114.2,67.6,1.4,27.2,2.8,27.2,-2.4,92.0,3.1,-1.8,119.9,119.9,0.8,0.8,119.1,32.5,2.3,2444.0,2352.0,75.0,75.0,74.0,2038.0,49.9,1.5,13.3,2.5,14.6,-0.1,0.0,16.7,29.7,33.0,18.3,3.5,2.7,1.0,0.1,0.4,6.9,256.0,13.7,508.0,2.1,76.0,5.4,200.0,2.4,88.0,2.7,99.0,0.6,2.1,2.9,2.7,3.3,1.9,50.4,38.0,88.9,kendrick-nunn,14.6,12.0
8305.0,Kenneth Faried,Panathinaikos AKTOR Athens,C,2025.0,35.0,120.6,123.2,5.8,0.0,61.0,66.0,64.0,0.0,3.8,1.7,0.7,6.4,0.3,1.0,0.9,17.0,1.9,17.0,1.5,0.1,20.1,123.8,118.5,2.73,59.0,2.1,19.0,0.3,1.5,0.6,2.7,0.2,484.0,406.0,55.0,-2.6,56.2,-1.7,265.0,326.0,35.4,-3.5,44.5,-0.2,37.0,1.1,39.9,8.1,26.6,1.2,26.7,-0.4,123.8,123.8,11.3,11.3,112.5,66.1,-1.3,24.9,-2.5,26.0,-1.6,-32.0,-3.2,-10.0,120.6,120.6,1.3,1.3,119.3,35.5,6.7,977.0,1009.0,32.0,32.0,32.0,810.0,50.7,2.2,12.9,-0.2,13.7,-1.7,0.0,8.1,13.1,13.0,5.8,0.3,3.9,0.3,0.6,0.1,2.3,82.0,3.9,135.0,0.0,0.0,0.0,1.0,1.1,38.0,1.7,58.0,1.9,2.1,0.9,1.9,1.5,-0.5,60.7,0.0,65.5,kenneth-faried,9.5,115.0
35541.0,Kessler Edwards,Hapoel Shlomo Tel Aviv,SF,2025.0,13.0,111.9,113.9,3.8,53.0,41.0,79.0,64.0,1.2,1.3,1.1,46.9,5.1,0.5,3.0,0.5,14.0,0.3,3.0,0.9,0.2,12.1,111.1,107.2,3.07,60.0,3.1,25.0,0.3,1.2,0.4,1.5,0.1,177.0,179.0,55.9,-3.3,54.7,-6.9,95.0,108.0,34.9,-0.8,37.6,-7.7,37.9,0.8,30.6,-3.1,25.8,0.9,25.1,-3.3,111.1,111.1,-14.5,-14.5,125.6,76.1,11.7,28.1,3.3,27.7,0.0,-3.0,0.8,4.5,111.9,111.9,-10.0,-10.0,121.9,23.9,-4.1,368.0,371.0,34.0,34.0,34.0,329.0,51.5,4.6,15.7,2.9,12.1,0.0,0.0,6.0,13.1,0.0,3.8,0.5,3.4,0.3,0.4,0.2,1.2,15.0,2.5,32.0,0.6,8.0,1.2,15.0,0.8,11.0,1.1,14.0,0.3,3.1,0.5,1.5,0.9,-0.8,46.9,53.3,78.6,kessler-edwards,10.0,93.0
24711.0,Kevarrius Hayes,AS Monaco,C,2025.0,40.0,117.5,125.3,6.3,0.0,61.0,72.0,64.0,0.0,4.2,1.6,0.6,7.6,0.6,2.0,0.8,14.0,1.7,12.0,1.4,0.3,15.7,110.5,109.0,3.54,55.0,1.7,11.0,0.7,2.2,0.9,2.7,0.3,689.0,683.0,54.3,-4.3,52.3,-6.2,438.0,445.0,38.9,1.1,39.5,-3.7,36.5,4.4,36.4,-0.7,27.1,-1.4,23.9,-0.7,110.5,110.5,-9.8,-9.8,120.3,66.6,-0.4,28.3,3.0,27.3,-2.7,75.0,7.0,8.2,117.5,117.5,-1.6,-1.6,119.1,31.1,2.7,1500.0,1425.0,43.0,43.0,43.0,1277.0,49.1,1.2,13.2,0.8,16.2,2.2,0.0,7.8,17.4,7.0,6.3,0.6,3.4,0.7,0.9,0.3,2.6,103.0,4.2,169.0,0.0,0.0,0.0,1.0,1.2,46.0,1.6,64.0,1.7,1.7,0.8,2.7,1.4,2.6,60.9,0.0,71.9,kevarrius-hayes,7.3,207.0
,Kevin Kokila,Virtus Bologna,C,,,,,,,,,,,,,,,,,,,,,,,,,,,,,,,,,,,,,,,,,,,,,,,,,,,,,,,,,,,,,,,,,,,,,,,,,,,,,,,,,,,,,,,,,,,,,,,,,,,,,,,,,,,,,,,,,,,,,,,,8.9,139.0
21591.0,Kevin Punter,FC Barcelona,SG,2025.0,39.0,119.1,126.1,14.8,41.0,49.0,87.0,61.0,4.9,6.0,3.3,44.9,20.9,2.6,7.0,1.7,12.0,0.4,2.0,3.3,0.4,25.4,116.4,119.6,3.94,42.0,1.4,6.0,1.0,2.1,0.0,0.1,0.2,1002.0,996.0,55.6,2.3,58.1,2.9,641.0,599.0,39.0,-3.2,37.6,-2.6,38.8,2.3,35.1,-0.4,25.6,0.6,26.0,3.1,116.4,116.4,1.3,1.3,115.1,66.9,-2.1,26.0,-5.5,27.6,-1.8,63.0,2.6,3.8,119.1,119.1,5.0,5.0,114.0,31.2,-4.2,2206.0,2143.0,66.0,66.0,66.0,1853.0,48.9,-2.8,14.0,-1.2,15.6,0.0,0.0,14.2,27.2,39.0,14.8,2.6,1.8,1.0,0.0,0.4,5.0,194.0,10.9,425.0,2.0,79.0,4.9,191.0,2.8,110.0,3.3,127.0,0.4,1.4,1.7,1.7,3.3,0.9,45.6,41.4,86.6,kevin-punter,13.6,23.0
,Khadeen Carrington,Hapoel Tel Aviv,G,,,,,,,,,,,,,,,,,,,,,,,,,,,,,,,,,,,,,,,,,,,,,,,,,,,,,,,,,,,,,,,,,,,,,,,,,,,,,,,,,,,,,,,,,,,,,,,,,,,,,,,,,,,,,,,,,,,,,,,,7.5,198.0
23439.0,Khalifa Diop,Kosner Baskonia Vitoria-Gasteiz,C,2025.0,28.0,114.9,122.6,4.0,,69.0,56.0,67.0,0.0,2.4,1.1,0.0,5.8,0.6,2.0,0.9,24.0,1.9,13.0,1.2,0.1,11.1,123.0,121.0,3.09,51.0,2.3,17.0,0.5,1.7,0.6,2.0,0.2,419.0,465.0,59.7,2.6,52.9,0.0,327.0,260.0,43.8,2.5,35.9,-3.3,33.9,-0.2,43.5,3.8,25.2,-1.6,24.7,1.6,123.0,123.0,3.1,3.1,119.9,67.4,0.1,32.5,5.5,24.4,-5.6,-55.0,-8.1,-3.9,114.9,114.9,-0.7,-0.7,115.6,33.4,4.4,987.0,1042.0,41.0,41.0,40.0,859.0,50.1,1.7,16.1,1.6,13.7,-0.6,0.0,6.4,16.7,23.0,4.0,0.6,4.2,0.5,0.6,0.1,1.7,47.0,2.4,68.0,0.0,0.0,0.0,0.0,0.6,18.0,1.1,32.0,1.9,2.3,0.9,2.7,1.2,-1.5,69.1,0.0,56.3,khalifa-diop,5.8,257.0
19553.0,Khem Birch,Fenerbahce Beko Istanbul,C,2025.0,43.0,110.0,111.2,3.9,,63.0,68.0,65.0,0.0,2.3,1.5,0.0,5.0,0.4,2.0,1.0,25.0,1.5,11.0,1.5,0.1,11.7,109.7,108.6,3.27,55.0,2.5,16.0,0.3,1.1,0.4,1.3,0.3,653.0,687.0,51.3,-5.2,51.5,-0.9,428.0,436.0,39.6,-3.7,38.8,0.3,36.4,0.5,32.1,0.1,22.0,-1.8,23.7,0.6,109.7,109.7,-2.9,-2.9,112.5,68.9,1.9,31.4,0.7,26.7,-1.9,-38.0,0.3,-3.5,110.0,110.0,-6.4,-6.4,116.4,33.6,0.3,1368.0,1406.0,40.0,40.0,41.0,1244.0,52.0,1.6,16.4,0.5,14.1,0.0,0.0,5.3,16.5,40.0,3.9,0.4,4.0,0.3,0.4,0.1,1.4,61.0,2.3,97.0,0.0,0.0,0.0,0.0,1.0,44.0,1.5,65.0,1.5,2.5,1.0,3.1,1.5,-0.3,62.9,0.0,67.7,khem-birch,,
,Kilian Fischer,Bayern Munich,F,,,,,,,,,,,,,,,,,,,,,,,,,,,,,,,,,,,,,,,,,,,,,,,,,,,,,,,,,,,,,,,,,,,,,,,,,,,,,,,,,,,,,,,,,,,,,,,,,,,,,,,,,,,,,,,,,,,,,,,,4.0,331.0
12229.0,Klemen Prepelic,Dubai Basketball,"PG,SG",2025.0,27.0,117.1,118.0,3.6,32.0,57.0,79.0,58.0,2.1,0.5,1.3,80.0,7.7,1.8,9.0,0.7,19.0,0.1,1.0,1.5,0.0,13.7,112.8,112.2,2.59,52.0,1.0,8.0,0.4,1.8,0.0,,0.2,318.0,350.0,54.4,-0.5,53.4,0.7,237.0,234.0,42.7,8.7,40.1,2.4,32.9,-2.7,31.2,-7.8,26.5,1.3,23.0,-2.3,112.8,112.8,-8.4,-8.4,121.3,71.1,5.8,35.2,7.9,31.7,4.7,22.0,4.3,7.1,117.1,117.1,-1.4,-1.4,118.5,30.8,-0.6,779.0,757.0,33.0,33.0,33.0,665.0,51.8,2.9,13.7,0.7,11.7,-0.9,0.0,3.6,13.4,6.0,3.6,1.8,1.1,0.4,0.0,0.0,1.0,26.0,2.6,70.0,0.7,18.0,2.1,56.0,1.0,27.0,1.3,34.0,0.1,1.0,0.7,2.5,1.5,0.6,37.1,32.1,79.4,klemen-prepelic,4.5,301.0
21589.0,Kobi Simmons,Kosner Baskonia Vitoria-Gasteiz,PG,2025.0,31.0,113.3,123.5,11.1,29.0,64.0,91.0,61.0,3.3,4.7,2.5,41.1,18.6,3.0,10.0,1.5,14.0,0.2,1.0,2.8,0.2,22.1,122.8,125.1,3.53,42.0,1.1,6.0,0.7,1.7,0.1,0.2,0.1,644.0,674.0,57.6,-0.6,55.3,1.8,449.0,428.0,41.1,-3.1,38.8,3.2,31.4,-6.1,41.4,-0.7,23.4,-4.5,24.1,-1.1,122.8,122.8,0.7,0.7,122.1,66.4,-3.0,29.4,1.1,29.2,2.1,-116.0,-9.6,-7.8,113.3,113.3,-7.0,-7.0,120.3,27.6,-4.4,1477.0,1593.0,56.0,56.0,55.0,1304.0,46.5,-4.0,14.5,-0.5,14.8,1.4,0.0,11.3,22.2,17.0,11.1,3.0,1.3,0.7,0.1,0.2,3.9,122.0,7.9,246.0,0.9,29.0,3.3,101.0,2.3,70.0,2.5,77.0,0.2,1.1,1.5,2.3,2.8,-3.6,49.6,28.7,90.9,kobi-simmons,9.6,110.0
20995.0,Konstantinos Mitoglou,Panathinaikos AKTOR Athens,PF,2025.0,31.0,114.8,109.6,4.8,23.0,55.0,81.0,53.0,1.4,2.7,1.0,33.9,6.3,0.5,3.0,0.5,11.0,0.9,8.0,1.3,0.2,18.1,115.8,116.3,2.32,48.0,1.9,17.0,0.4,1.6,0.3,1.1,0.1,399.0,380.0,55.9,-0.8,57.6,1.2,249.0,259.0,38.4,0.9,40.5,-4.7,34.1,-2.2,33.6,-0.6,25.7,-0.5,27.6,0.8,115.8,115.8,1.0,1.0,114.8,64.2,-3.9,28.0,1.3,28.4,0.2,4.0,-1.0,-7.1,114.8,114.8,-6.0,-6.0,120.8,29.8,-3.6,868.0,864.0,33.0,33.0,33.0,756.0,46.9,-4.0,14.7,1.7,15.7,1.2,0.0,5.8,12.9,6.0,4.8,0.5,2.8,0.4,0.3,0.2,1.8,56.0,4.1,127.0,0.3,10.0,1.4,43.0,0.8,26.0,1.0,32.0,0.9,1.9,0.5,1.5,1.3,-0.4,44.1,23.3,81.3,konstantinos-mitoglou,5.5,264.0
34639.0,Kosta Kondic,Dubai Basketball,PG,2025.0,16.0,111.2,120.1,4.4,32.0,63.0,88.0,57.0,2.4,1.0,1.1,70.4,6.9,1.1,6.0,0.4,10.0,0.3,3.0,1.1,0.2,17.3,121.0,121.0,2.07,48.0,0.9,9.0,0.8,3.4,0.0,,0.1,160.0,202.0,58.8,5.9,54.5,0.5,127.0,115.0,44.3,9.3,36.3,-3.2,30.7,-5.0,37.4,-3.7,26.1,1.2,24.4,-2.8,121.0,121.0,-1.5,-1.5,122.5,63.1,-6.3,35.1,9.2,27.5,-0.7,-25.0,-9.7,-5.7,111.2,111.2,-7.2,-7.2,118.4,27.6,-3.5,396.0,421.0,30.0,30.0,29.0,356.0,46.0,-4.3,16.5,4.6,12.9,0.7,0.0,3.8,11.8,3.0,4.4,1.1,1.3,0.8,0.0,0.2,1.4,22.0,3.4,54.0,0.8,12.0,2.4,38.0,0.9,15.0,1.1,17.0,0.3,0.9,0.4,2.1,1.1,-1.8,40.7,31.6,88.2,kosta-kondic,4.2,316.0
22987.0,Kostas Antetokounmpo,Olympiacos Piraeus,C,2025.0,4.0,97.6,133.7,1.5,,75.0,0.0,60.0,0.0,1.0,0.5,0.0,3.8,1.0,11.0,0.3,17.0,0.8,14.0,0.5,0.0,12.2,126.8,127.4,0.93,45.0,0.8,13.0,0.0,0.0,0.0,,0.1,21.0,18.0,66.7,15.4,50.0,-1.7,16.0,18.0,43.2,2.0,50.0,11.6,18.8,-14.2,22.2,-13.7,24.4,1.7,23.9,1.2,126.8,126.8,14.5,14.5,112.3,66.7,-3.1,48.8,25.0,24.4,-9.4,-12.0,-29.3,-32.6,97.6,97.6,-18.1,-18.1,115.6,36.4,2.7,40.0,52.0,14.0,14.0,14.0,41.0,52.2,-0.5,16.3,2.1,6.1,-5.2,,,,,,,,,,,,,,,,,,,,,,,,,,,,,,,,,,
6639.0,Kostas Papanikolaou,Olympiacos Piraeus,SF,2025.0,36.0,121.7,103.4,2.9,31.0,64.0,29.0,49.0,2.5,0.4,0.2,86.5,6.6,1.6,7.0,1.0,25.0,0.3,3.0,0.3,0.1,13.2,113.1,116.2,2.37,46.0,1.4,11.0,0.4,1.4,0.1,0.2,0.0,398.0,486.0,62.1,3.7,53.7,-2.3,396.0,360.0,49.9,9.1,42.6,-3.6,37.6,2.3,36.4,2.8,31.3,3.3,27.2,1.6,113.1,113.1,0.1,0.1,112.9,71.6,1.7,23.4,-2.7,29.3,-2.0,88.0,8.7,-2.8,121.7,121.7,-2.6,-2.6,124.4,32.5,-5.4,1142.0,1054.0,36.0,36.0,35.0,938.0,52.9,-1.8,16.0,2.1,14.3,0.4,0.0,2.5,14.3,21.0,2.9,1.6,1.8,0.4,0.1,0.1,1.0,37.0,2.9,104.0,0.8,28.0,2.5,90.0,0.1,2.0,0.2,7.0,0.3,1.4,1.0,1.7,0.3,2.2,35.6,31.1,28.6,kostas-papanikolaou,4.3,312.0
6641.0,Kostas Sloukas,Panathinaikos AKTOR Athens,PG,2025.0,38.0,123.2,138.3,9.6,38.0,49.0,91.0,60.0,3.4,3.6,2.5,48.1,21.3,5.1,16.0,1.3,14.0,0.4,2.0,2.8,0.3,20.5,115.3,118.5,3.28,43.0,1.6,9.0,0.7,1.9,0.1,0.1,0.1,820.0,702.0,59.1,4.9,57.5,0.4,512.0,541.0,38.4,3.4,43.5,-0.5,35.5,2.1,33.6,-2.8,27.8,5.0,27.6,0.5,115.3,115.3,-1.4,-1.4,116.7,67.5,0.5,26.4,-0.4,28.8,0.6,173.0,7.9,9.2,123.2,123.2,7.8,7.8,115.4,32.1,0.3,1839.0,1666.0,54.0,54.0,52.0,1493.0,49.6,0.4,12.4,-0.7,15.0,-0.4,0.0,13.3,21.3,6.0,9.6,5.1,1.9,0.7,0.1,0.3,3.0,115.0,7.0,266.0,1.3,48.0,3.4,128.0,2.3,86.0,2.5,95.0,0.4,1.6,1.3,1.9,2.8,2.8,43.2,37.5,90.5,kostas-sloukas,10.7,67.0
,Kyle Allman,Partizan,G,,,,,,,,,,,,,,,,,,,,,,,,,,,,,,,,,,,,,,,,,,,,,,,,,,,,,,,,,,,,,,,,,,,,,,,,,,,,,,,,,,,,,,,,,,,,,,,,,,,,,,,,,,,,,,,,,,,,,,,,10.1,88.0
34870.0,Lamar Stevens,Paris Basketball,SF,2025.0,23.0,110.7,115.9,9.3,42.0,48.0,79.0,57.0,2.1,5.3,2.0,28.1,11.3,0.8,3.0,1.0,11.0,1.0,5.0,2.0,0.7,21.1,120.2,122.9,3.31,43.0,2.4,12.0,0.3,0.8,0.6,1.5,0.2,439.0,434.0,51.3,-2.7,54.6,-2.6,318.0,368.0,42.0,-8.2,45.9,1.2,34.6,-5.2,36.1,1.1,18.1,-8.1,28.3,-1.2,120.2,120.2,4.5,4.5,115.7,63.0,-0.9,27.8,-0.7,28.2,2.9,-95.0,-9.5,-12.6,110.7,110.7,-8.1,-8.1,118.8,29.6,-5.1,976.0,1071.0,49.0,49.0,50.0,882.0,46.5,-2.1,14.4,-0.5,13.3,-4.3,0.0,8.3,20.0,7.0,9.3,0.8,3.3,0.3,0.6,0.7,3.4,79.0,7.4,171.0,0.9,20.0,2.1,48.0,1.6,37.0,2.0,47.0,1.0,2.4,1.0,2.3,2.0,-4.2,46.2,41.7,78.7,lamar-stevens,8.0,183.0
14028.0,Laurynas Birutis,Zalgiris Kaunas,C,2025.0,41.0,116.1,124.1,4.1,,69.0,41.0,64.0,0.0,2.5,1.4,0.0,4.7,0.3,2.0,0.3,9.0,1.0,11.0,1.1,0.2,16.7,113.1,113.6,1.76,48.0,1.3,15.0,0.2,1.2,0.3,1.7,0.1,413.0,462.0,53.8,-1.3,50.9,-4.0,240.0,219.0,36.8,-2.5,32.2,-3.1,35.0,-4.6,35.6,0.1,24.4,-2.7,21.3,-3.8,113.1,113.1,-1.7,-1.7,114.9,67.6,0.4,24.3,-4.4,30.9,3.0,13.0,3.0,-3.3,116.1,116.1,-5.0,-5.0,121.2,34.8,1.0,857.0,844.0,25.0,25.0,25.0,738.0,51.2,0.8,13.1,-0.8,12.6,-1.6,0.0,5.6,10.0,10.0,4.1,0.3,2.4,0.2,0.3,0.2,1.8,72.0,2.5,104.0,0.0,0.0,0.0,0.0,0.6,24.0,1.4,59.0,1.0,1.3,0.3,1.0,1.1,0.6,69.2,0.0,40.7,laurynas-birutis,,
22918.0,Leandro Bolmaro,EA7 Emporio Armani Milan,PG,2025.0,29.0,121.1,120.4,9.8,40.0,49.0,81.0,56.0,1.7,6.0,2.5,21.6,17.0,2.9,9.0,1.4,14.0,0.9,5.0,2.6,0.4,21.9,115.9,115.5,4.16,51.0,2.5,13.0,0.7,1.6,0.1,0.2,0.2,648.0,628.0,55.2,1.2,52.7,-7.7,400.0,436.0,38.2,-9.8,41.0,4.2,38.5,-0.7,37.6,3.2,26.6,-1.2,24.3,-1.6,115.9,115.9,-6.3,-6.3,122.2,68.4,-0.6,26.0,-2.0,28.3,-1.4,43.0,5.2,10.0,121.1,121.1,3.7,3.7,117.4,33.9,4.9,1418.0,1375.0,56.0,56.0,56.0,1171.0,51.4,2.3,13.1,-2.5,13.5,0.9,0.0,11.2,22.6,18.0,9.8,2.9,3.4,0.7,0.1,0.4,3.6,104.0,7.7,222.0,0.7,19.0,1.7,48.0,2.0,58.0,2.5,72.0,0.9,2.5,1.4,2.4,2.6,1.0,46.8,39.6,80.6,leandro-bolmaro,8.7,152.0
24149.0,Leo Cavaliere,Paris Basketball,SF,2025.0,36.0,113.9,122.7,3.1,26.0,57.0,56.0,53.0,0.8,2.0,0.4,27.3,5.1,0.8,3.0,0.5,14.0,1.1,8.0,0.9,0.2,10.9,107.7,106.7,3.04,55.0,2.1,16.0,0.5,1.7,0.1,0.2,0.2,443.0,437.0,54.9,3.4,55.6,0.0,419.0,375.0,48.6,1.2,46.2,0.4,34.4,-3.7,31.2,-6.9,22.8,0.9,27.2,-2.3,107.7,107.7,-13.0,-13.0,120.6,67.5,3.9,27.6,-1.9,26.3,-0.6,40.0,6.2,10.4,113.9,113.9,-2.6,-2.6,116.5,32.0,-3.1,1109.0,1069.0,35.0,35.0,35.0,974.0,49.3,0.5,14.9,-0.1,18.4,3.2,0.0,4.8,14.0,11.0,3.1,0.8,3.2,0.5,0.1,0.2,1.3,48.0,2.8,99.0,0.2,7.0,0.8,27.0,0.3,9.0,0.4,16.0,1.1,2.1,0.5,1.6,0.9,1.5,48.5,25.9,56.3,leopold-cavaliere,4.8,284.0
18611.0,Leon Kratzer,FC Bayern Munich,C,2025.0,9.0,87.4,67.3,0.4,,67.0,,67.0,0.0,0.3,0.0,0.0,1.6,0.4,4.0,0.6,63.0,0.2,4.0,0.2,0.0,7.0,121.6,119.9,1.19,52.0,0.9,17.0,0.1,1.0,0.0,,0.2,54.0,52.0,46.3,-13.3,48.1,-10.9,39.0,35.0,41.9,-3.3,40.2,-3.4,30.8,0.0,42.9,6.5,21.1,-5.6,29.0,2.3,121.6,121.6,5.0,5.0,116.6,77.1,9.3,41.2,11.2,18.4,-12.7,-34.0,-34.2,-31.6,87.4,87.4,-26.6,-26.6,114.0,23.1,-7.5,90.0,124.0,16.0,16.0,16.0,103.0,49.0,0.4,17.4,3.7,11.5,-5.3,0.0,-0.3,6.4,5.0,0.4,0.4,1.1,0.1,0.0,0.0,0.2,2.0,0.3,3.0,0.0,0.0,0.0,0.0,0.0,0.0,0.0,0.0,0.2,0.9,0.6,2.1,0.2,-2.9,66.7,0.0,0.0,leon-kratzer,,
34663.0,Leonardo Tote,EA7 Emporio Armani Milan,C,2025.0,1.0,144.8,175.0,8.0,,80.0,0.0,80.0,0.0,5.0,1.0,0.0,10.0,1.0,4.0,1.0,17.0,2.0,14.0,2.0,0.0,17.6,145.2,146.7,2.19,35.0,2.0,15.0,0.0,0.0,0.0,,0.5,18.0,18.0,61.1,5.1,66.7,-9.3,10.0,12.0,35.7,-0.2,40.0,11.4,40.0,32.9,50.0,10.0,21.9,-9.9,28.1,-7.8,145.2,145.2,2.3,2.3,142.9,61.5,-13.5,12.9,-15.7,27.6,-3.5,-3.0,-0.3,51.4,144.8,144.8,53.7,53.7,91.1,35.7,15.7,42.0,45.0,39.0,39.0,42.0,29.0,48.1,10.3,5.9,-6.1,11.1,-2.2,,,,,,,,,,,,,,,,,,,,,,,,,,,,,,,,,,
19763.0,Levi Randolph,Hapoel Shlomo Tel Aviv,SF,2025.0,12.0,116.6,85.0,2.0,33.0,33.0,57.0,40.0,0.5,1.8,0.6,22.2,2.8,0.3,2.0,0.4,14.0,0.4,4.0,0.7,0.0,13.9,116.5,115.7,2.03,51.0,0.7,7.0,0.4,2.1,0.0,,0.3,128.0,132.0,50.0,-11.0,56.8,-2.3,74.0,80.0,36.6,1.6,37.7,-6.5,43.2,9.1,32.5,-1.3,24.1,-1.4,26.9,1.0,116.5,116.5,-4.6,-4.6,121.1,69.0,1.2,27.0,2.6,28.3,-0.5,-16.0,0.1,2.3,116.6,116.6,-2.3,-2.3,118.9,25.9,-1.7,260.0,276.0,25.0,25.0,26.0,223.0,47.6,-1.3,11.1,-3.9,14.0,1.7,0.0,0.7,10.3,2.0,2.0,0.3,1.1,0.4,0.0,0.0,0.8,9.0,2.3,27.0,0.2,2.0,0.5,6.0,0.3,4.0,0.6,7.0,0.4,0.7,0.4,1.7,0.7,-0.7,33.3,33.3,57.1,levi-randolph,,
22564.0,Lonnie Walker IV,Maccabi Playtika Tel Aviv,SG,2025.0,28.0,115.8,112.1,15.2,35.0,46.0,76.0,56.0,6.9,4.9,4.6,58.8,20.4,2.3,7.0,1.6,11.0,0.3,1.0,3.7,0.3,29.8,124.1,125.2,3.79,43.0,2.3,11.0,0.8,1.9,0.3,0.6,0.2,610.0,645.0,53.3,-2.2,58.9,-1.8,464.0,452.0,43.2,3.7,41.2,-5.9,35.6,4.5,34.5,2.5,26.4,1.8,27.7,0.7,124.1,124.1,8.7,8.7,115.4,65.1,-2.5,27.1,-3.5,27.8,-3.9,-72.0,-8.4,-12.0,115.8,115.8,-3.2,-3.2,119.0,30.3,-9.8,1445.0,1517.0,58.0,58.0,57.0,1248.0,47.3,-6.1,14.1,0.4,12.4,-3.9,0.0,13.3,22.7,26.0,15.2,2.3,2.5,0.8,0.3,0.3,4.6,130.0,11.8,330.0,2.4,68.0,6.9,194.0,3.5,97.0,4.6,128.0,0.3,2.3,1.6,1.9,3.7,-2.4,39.4,35.1,75.8,lonnie-walker-iv,,
15384.0,Lorenzo Brown,EA7 Emporio Armani Milan,PG,2025.0,12.0,122.4,110.8,5.8,35.0,50.0,100.0,53.0,1.7,3.7,0.4,31.3,12.2,2.7,13.0,1.3,20.0,0.3,2.0,1.5,0.2,23.1,117.9,116.1,2.8,54.0,1.3,12.0,0.9,3.5,0.1,0.3,0.2,162.0,153.0,54.9,2.3,58.2,3.5,109.0,107.0,40.2,-2.1,41.2,1.3,39.4,5.1,36.4,-0.7,26.7,6.0,28.2,6.2,117.9,117.9,-2.8,-2.8,120.8,73.0,5.2,29.5,1.0,33.4,6.0,9.0,4.5,17.7,122.4,122.4,14.9,14.9,107.5,32.6,5.2,377.0,368.0,36.0,36.0,36.0,308.0,52.3,4.3,13.5,-2.9,14.6,1.9,0.0,7.1,14.5,4.0,5.8,2.7,1.6,0.9,0.1,0.2,2.4,29.0,5.3,64.0,0.6,7.0,1.7,20.0,0.4,5.0,0.4,5.0,0.3,1.3,1.3,1.3,1.5,0.7,45.3,35.0,100.0,lorenzo-brown,,
21015.0,Luca Vildoza,Virtus Segafredo Bologna,PG,2025.0,31.0,117.9,127.0,7.6,35.0,58.0,83.0,58.0,3.3,2.7,1.1,54.8,18.2,4.4,14.0,1.5,18.0,0.4,2.0,1.7,0.3,18.3,117.3,115.9,4.02,52.0,1.8,10.0,1.4,3.6,0.0,,0.1,594.0,584.0,56.7,0.5,58.2,2.6,444.0,459.0,42.8,1.3,44.0,-3.2,38.7,6.0,35.7,-1.1,27.8,-1.6,26.7,-2.0,117.3,117.3,-3.4,-3.4,120.7,65.5,0.6,27.8,-1.3,26.2,-2.3,6.0,0.6,13.5,117.9,117.9,10.1,10.1,107.8,31.2,-0.2,1402.0,1396.0,53.0,53.0,53.0,1189.0,48.5,-0.4,15.3,-3.1,15.4,2.2,0.0,10.2,21.1,18.0,7.5,4.4,2.1,1.4,0.0,0.3,2.7,82.0,6.1,182.0,1.2,35.0,3.3,100.0,0.9,27.0,1.1,33.0,0.4,1.8,1.4,2.1,1.7,-0.1,45.1,35.0,81.8,luca-vildoza,7.7,192.0
,Lucas Mari,Valencia,G,,,,,,,,,,,,,,,,,,,,,,,,,,,,,,,,,,,,,,,,,,,,,,,,,,,,,,,,,,,,,,,,,,,,,,,,,,,,,,,,,,,,,,,,,,,,,,,,,,,,,,,,,,,,,,,,,,,,,,,,4.2,317.0
22805.0,Luka Samanic,Kosner Baskonia Vitoria-Gasteiz,C,2025.0,5.0,116.5,102.7,7.0,25.0,60.0,92.0,60.0,1.6,3.0,2.4,34.8,9.0,0.8,4.0,1.2,17.0,0.2,2.0,2.2,0.4,23.8,127.7,130.9,2.15,39.0,2.4,16.0,0.0,0.0,0.2,0.7,0.1,48.0,74.0,64.6,6.7,48.6,-8.4,54.0,57.0,52.9,5.8,43.5,9.2,33.3,0.9,38.6,0.1,29.5,2.6,22.1,-0.8,127.7,127.7,5.3,5.3,122.4,59.5,-1.9,27.7,2.5,33.8,11.4,-20.0,-11.2,0.8,116.5,116.5,6.1,6.1,110.4,25.5,-8.9,155.0,175.0,34.0,34.0,35.0,133.0,45.0,-2.6,17.0,0.8,10.8,-3.6,,,,,,,,,,,,,,,,,,,,,,,,,,,,,,,,,,
,Mady Sissoko,Besiktas,C,,,,,,,,,,,,,,,,,,,,,,,,,,,,,,,,,,,,,,,,,,,,,,,,,,,,,,,,,,,,,,,,,,,,,,,,,,,,,,,,,,,,,,,,,,,,,,,,,,,,,,,,,,,,,,,,,,,,,,,,8.6,156.0
,Mam Jaiteh,Dubai,C,,,,,,,,,,,,,,,,,,,,,,,,,,,,,,,,,,,,,,,,,,,,,,,,,,,,,,,,,,,,,,,,,,,,,,,,,,,,,,,,,,,,,,,,,,,,,,,,,,,,,,,,,,,,,,,,,,,,,,,,6.8,224.0
35449.0,Mamadi Diakite,Kosner Baskonia Vitoria-Gasteiz,"PF,C",2025.0,37.0,118.1,119.4,8.4,34.0,66.0,83.0,65.0,2.1,3.8,1.6,35.6,11.0,1.1,4.0,1.5,19.0,1.4,8.0,1.8,0.2,19.4,120.4,116.9,4.08,56.0,2.8,17.0,0.7,2.0,1.2,3.5,0.2,666.0,719.0,56.9,-2.0,54.2,0.4,476.0,457.0,41.7,-2.8,38.9,2.2,35.7,2.9,40.7,-0.8,26.9,2.2,23.3,-1.2,120.4,120.4,-2.0,-2.0,122.4,66.6,-1.1,27.2,-2.6,29.5,2.5,-45.0,-2.4,6.9,118.1,118.1,4.9,4.9,113.1,29.3,-0.1,1582.0,1627.0,47.0,47.0,48.0,1340.0,48.0,-0.4,14.8,-0.6,14.8,1.1,0.0,10.5,19.3,14.0,8.4,1.1,4.2,0.7,1.2,0.2,3.2,118.0,5.8,216.0,0.7,26.0,2.1,77.0,1.3,49.0,1.6,59.0,1.4,2.8,1.5,2.7,1.8,-0.9,54.6,33.8,83.1,mamadi-diakite,10.1,89.0
20931.0,Mantas Rubštavičius,Zalgiris Kaunas,SG,2025.0,17.0,129.5,125.3,1.8,44.0,22.0,100.0,57.0,0.9,0.5,0.4,64.0,2.2,0.2,3.0,0.2,13.0,0.1,3.0,0.4,0.2,19.5,115.0,118.8,0.67,41.0,0.5,11.0,0.1,0.7,0.0,,0.0,67.0,84.0,55.2,-0.3,52.4,0.1,49.0,46.0,42.2,3.7,35.4,-0.6,44.9,6.2,32.6,0.5,27.4,0.4,21.2,-1.9,115.0,115.0,6.2,6.2,108.8,70.0,0.8,29.3,2.1,31.1,2.7,10.0,14.5,3.2,129.5,129.5,9.4,9.4,120.1,44.3,11.0,171.0,161.0,11.0,11.0,11.0,132.0,58.0,6.4,15.1,0.9,9.3,-5.3,0.0,1.1,4.3,0.0,1.8,0.2,0.6,0.1,0.0,0.2,0.5,9.0,1.5,25.0,0.4,7.0,0.9,16.0,0.4,6.0,0.4,6.0,0.1,0.5,0.2,0.8,0.4,2.9,36.0,43.8,100.0,mantas-rubstavicius,,
17940.0,Maodo Lo,Zalgiris Kaunas,PG,2025.0,41.0,124.9,127.7,7.0,39.0,50.0,80.0,59.0,2.8,2.5,1.5,52.5,13.0,2.4,9.0,1.3,18.0,0.5,3.0,1.5,0.5,19.4,118.7,121.9,2.52,39.0,1.5,10.0,0.5,1.5,0.0,0.2,0.0,683.0,761.0,57.0,3.7,56.6,4.3,499.0,396.0,42.2,6.1,34.2,-0.2,40.3,3.2,34.6,-1.7,25.9,-1.6,24.8,0.9,118.7,118.7,7.2,7.2,111.5,66.9,-1.1,28.2,0.9,27.5,-1.7,92.0,6.2,1.7,124.9,124.9,8.9,8.9,116.0,33.9,0.2,1655.0,1563.0,45.0,45.0,44.0,1325.0,50.0,-1.0,13.3,-0.9,13.2,-1.0,0.0,7.6,18.0,5.0,7.0,2.4,1.9,0.5,0.0,0.5,2.4,97.0,5.3,219.0,1.1,45.0,2.8,115.0,1.2,48.0,1.5,60.0,0.5,1.5,1.3,1.3,1.5,1.9,44.3,39.1,80.0,maodo-lo,7.2,211.0
,Maozinha Pereira,Paris,F,,,,,,,,,,,,,,,,,,,,,,,,,,,,,,,,,,,,,,,,,,,,,,,,,,,,,,,,,,,,,,,,,,,,,,,,,,,,,,,,,,,,,,,,,,,,,,,,,,,,,,,,,,,,,,,,,,,,,,,,9.3,122.0
,Marc-Owen Fodzo Dada,ASVEL,G,,,,,,,,,,,,,,,,,,,,,,,,,,,,,,,,,,,,,,,,,,,,,,,,,,,,,,,,,,,,,,,,,,,,,,,,,,,,,,,,,,,,,,,,,,,,,,,,,,,,,,,,,,,,,,,,,,,,,,,,4.8,285.0
36658.0,Marcio Santos,Maccabi Playtika Tel Aviv,C,2025.0,37.0,121.6,118.7,6.9,40.0,55.0,80.0,64.0,1.6,2.5,2.8,39.5,8.5,0.6,3.0,1.0,16.0,0.7,6.0,2.8,0.1,20.9,119.8,117.5,2.84,54.0,0.9,8.0,0.6,2.2,0.3,1.3,0.3,464.0,432.0,55.4,2.0,58.3,-2.0,385.0,395.0,45.3,4.3,47.8,4.9,35.6,0.7,36.5,1.4,27.0,1.7,28.3,-0.4,119.8,119.8,-3.0,-3.0,122.8,62.9,-3.4,31.2,4.3,31.7,4.6,8.0,1.8,8.5,121.6,121.6,5.5,5.5,116.1,37.4,4.6,1169.0,1161.0,34.0,34.0,34.0,961.0,49.9,1.0,13.6,-0.3,15.9,2.1,0.0,6.3,14.1,4.0,6.9,0.6,1.6,0.6,0.3,0.1,2.0,75.0,4.1,152.0,0.6,24.0,1.6,60.0,2.2,82.0,2.8,102.0,0.7,0.9,1.0,3.2,2.8,-0.1,49.3,40.0,80.4,marcio-santos,,
,Marcus Bingham,Fenerbahce,C,,,,,,,,,,,,,,,,,,,,,,,,,,,,,,,,,,,,,,,,,,,,,,,,,,,,,,,,,,,,,,,,,,,,,,,,,,,,,,,,,,,,,,,,,,,,,,,,,,,,,,,,,,,,,,,,,,,,,,,,11.3,56.0
,Marcus Carr,Virtus Bologna,G,,,,,,,,,,,,,,,,,,,,,,,,,,,,,,,,,,,,,,,,,,,,,,,,,,,,,,,,,,,,,,,,,,,,,,,,,,,,,,,,,,,,,,,,,,,,,,,,,,,,,,,,,,,,,,,,,,,,,,,,9.9,99.0
,Marek Blazevic,Zalgiris,C,,,,,,,,,,,,,,,,,,,,,,,,,,,,,,,,,,,,,,,,,,,,,,,,,,,,,,,,,,,,,,,,,,,,,,,,,,,,,,,,,,,,,,,,,,,,,,,,,,,,,,,,,,,,,,,,,,,,,,,,9.5,116.0
9225.0,Mario Hezonja,Real Madrid,SF,2025.0,44.0,120.0,111.3,13.3,31.0,52.0,81.0,53.0,5.0,6.4,2.6,44.2,19.4,2.4,8.0,1.7,12.0,0.6,3.0,2.5,0.4,29.0,115.2,115.6,4.08,49.0,3.4,17.0,0.8,2.0,0.0,0.1,0.2,918.0,957.0,54.8,-2.7,53.6,2.8,736.0,659.0,44.5,6.8,40.8,-1.2,36.7,-2.7,37.0,1.0,25.7,-1.8,22.0,-1.9,115.2,115.2,3.1,3.1,112.1,71.5,-0.2,26.0,-2.4,26.6,-4.7,107.0,4.8,-4.9,120.0,120.0,-1.7,-1.7,121.7,35.5,1.4,2199.0,2092.0,57.0,57.0,57.0,1833.0,53.2,-1.4,13.8,-1.8,13.2,0.6,0.0,13.3,22.6,36.0,13.3,2.4,4.0,0.8,0.0,0.4,4.9,214.0,11.4,502.0,1.5,68.0,5.0,222.0,2.1,91.0,2.6,113.0,0.6,3.4,1.7,1.7,2.5,2.2,42.6,30.6,80.5,mario-hezonja,,
23803.0,Mario Nakic,Partizan Mozzart Bet Belgrade,SF,2025.0,1.0,100.0,200.0,2.0,,100.0,,100.0,0.0,1.0,0.0,0.0,2.0,0.0,0.0,0.0,0.0,0.0,,0.0,0.0,7.1,127.3,129.9,1.1,50.0,1.0,13.0,0.0,0.0,0.0,,0.0,12.0,3.0,50.0,-4.1,66.7,13.5,0.0,10.0,0.0,-32.7,76.9,37.3,,,30.0,6.2,16.7,-7.6,30.8,2.9,127.3,127.3,25.7,25.7,101.6,62.5,-14.9,18.2,-6.8,0.0,-29.7,-2.0,-27.3,-49.1,100.0,100.0,-23.4,-23.4,123.4,33.3,-3.3,12.0,14.0,16.0,16.0,15.0,12.0,50.0,-7.4,14.3,2.3,7.1,-6.9,0.0,3.3,6.2,1.0,2.0,0.0,1.0,0.0,0.0,0.0,1.0,1.0,1.0,1.0,0.0,0.0,0.0,0.0,0.0,0.0,0.0,0.0,0.0,1.0,0.0,0.0,0.0,-2.0,100.0,0.0,0.0,mario-nakic,5.5,265.0
,Mario Saint-Supery,Valencia,G,,,,,,,,,,,,,,,,,,,,,,,,,,,,,,,,,,,,,,,,,,,,,,,,,,,,,,,,,,,,,,,,,,,,,,,,,,,,,,,,,,,,,,,,,,,,,,,,,,,,,,,,,,,,,,,,,,,,,,,,4.7,288.0
6826.0,Marius Grigonis,Panathinaikos AKTOR Athens,SG,2025.0,19.0,117.3,98.5,1.0,31.0,40.0,,45.0,0.8,0.3,0.0,76.2,1.8,0.3,3.0,0.3,19.0,0.2,4.0,0.4,0.0,11.5,128.1,131.5,0.77,37.0,0.5,9.0,0.1,0.5,0.0,,0.1,100.0,90.0,56.0,-0.1,60.0,0.5,73.0,90.0,42.2,4.5,50.0,9.4,38.4,3.6,35.6,2.5,28.4,3.6,30.8,2.4,128.1,128.1,14.3,14.3,113.9,68.4,-3.0,32.2,7.0,30.7,4.4,-18.0,-10.8,-10.9,117.3,117.3,3.4,3.4,113.9,27.2,-2.4,237.0,255.0,14.0,14.0,14.0,202.0,48.4,-1.6,14.5,0.5,8.3,-6.0,0.0,0.6,5.8,0.0,1.0,0.3,0.7,0.1,0.0,0.0,0.4,7.0,1.1,21.0,0.3,5.0,0.8,16.0,0.0,0.0,0.0,0.0,0.2,0.5,0.3,0.9,0.4,-0.6,33.3,31.3,0.0,marius-grigonis,6.3,246.0
,Marjon Beauchamp,Bayern Munich,F,,,,,,,,,,,,,,,,,,,,,,,,,,,,,,,,,,,,,,,,,,,,,,,,,,,,,,,,,,,,,,,,,,,,,,,,,,,,,,,,,,,,,,,,,,,,,,,,,,,,,,,,,,,,,,,,,,,,,,,,11.3,57.0
18642.0,Marko Guduric,EA7 Emporio Armani Milan,SG,2025.0,35.0,115.1,121.9,9.9,38.0,58.0,90.0,66.0,3.4,2.9,2.9,54.1,18.9,3.7,12.0,2.2,23.0,0.3,2.0,2.9,0.2,21.6,117.8,119.1,3.67,46.0,2.3,12.0,0.5,1.3,0.0,0.1,0.2,641.0,749.0,52.9,-5.1,55.9,0.8,519.0,491.0,44.7,5.3,39.6,2.7,37.4,-3.9,35.2,-6.4,25.1,-3.3,23.7,-2.6,117.8,117.8,-7.2,-7.2,125.0,70.4,4.4,27.7,0.4,30.9,3.4,-39.0,-2.7,-4.5,115.1,115.1,-11.6,-11.6,126.7,30.1,-0.7,1600.0,1639.0,55.0,55.0,55.0,1390.0,50.4,1.4,15.3,3.4,12.7,0.0,0.0,11.7,22.0,10.0,9.9,3.7,2.7,0.5,0.0,0.2,3.0,105.0,6.3,222.0,1.3,46.0,3.4,120.0,2.6,92.0,2.9,102.0,0.3,2.3,2.2,2.5,2.9,-1.7,47.3,38.3,90.2,marko-guduric,9.6,111.0
37319.0,Markquis Nowell,Kosner Baskonia Vitoria-Gasteiz,PG,2025.0,28.0,114.3,119.1,5.7,31.0,60.0,81.0,55.0,3.0,1.7,1.1,64.4,12.9,3.0,15.0,1.0,16.0,0.2,2.0,1.7,0.3,20.2,119.0,118.3,2.75,50.0,0.9,7.0,0.6,2.3,0.0,,0.1,346.0,378.0,60.4,2.0,54.5,0.8,301.0,261.0,46.5,2.3,40.8,4.0,34.6,-0.4,40.6,1.4,27.4,1.0,26.4,3.4,119.0,119.0,-1.5,-1.5,120.6,68.8,4.1,27.6,-1.2,26.3,-2.0,-44.0,-4.7,-0.3,114.3,114.3,-1.9,-1.9,116.2,28.0,-1.0,869.0,913.0,36.0,36.0,36.0,760.0,48.0,0.8,15.6,0.4,15.4,0.9,0.0,6.2,14.4,3.0,5.7,3.0,1.1,0.6,0.0,0.3,1.9,54.0,4.7,132.0,0.9,26.0,3.0,85.0,0.9,25.0,1.1,31.0,0.2,0.9,1.0,1.9,1.7,-1.2,40.9,30.6,80.6,markquis-nowell,9.7,106.0
34840.0,Markus Howard,Kosner Baskonia Vitoria-Gasteiz,PG,2025.0,23.0,119.5,118.2,10.4,35.0,53.0,81.0,55.0,6.5,2.5,1.1,72.0,15.6,2.1,7.0,1.2,11.0,0.3,2.0,1.9,0.3,23.1,124.8,128.6,2.95,38.0,1.3,7.0,0.4,1.1,0.0,,0.1,436.0,520.0,58.5,1.4,51.7,-4.2,367.0,285.0,45.7,3.4,35.4,-5.0,35.1,3.1,41.8,4.0,25.6,0.2,20.7,-4.2,124.8,124.8,3.1,3.1,121.7,63.1,-3.9,29.6,2.6,26.5,-2.9,-26.0,-5.3,4.1,119.5,119.5,7.2,7.2,112.3,31.3,2.5,1101.0,1127.0,51.0,51.0,50.0,921.0,47.1,-0.8,14.4,-1.0,12.9,-1.3,0.0,7.1,20.6,15.0,10.4,2.1,1.6,0.4,0.0,0.3,3.6,83.0,9.0,207.0,2.3,52.0,6.5,149.0,0.9,21.0,1.1,26.0,0.3,1.3,1.2,2.3,1.9,-1.7,40.1,34.9,80.8,markus-howard,8.3,169.0
20975.0,Mathias Lessort,Panathinaikos AKTOR Athens,C,2025.0,14.0,121.3,125.5,8.3,,59.0,67.0,62.0,0.0,5.7,2.4,0.0,11.6,1.2,4.0,1.6,20.0,2.5,13.0,3.9,0.5,17.7,116.6,116.3,4.01,49.0,3.1,17.0,0.7,1.7,0.3,0.7,0.1,313.0,274.0,57.8,2.3,63.1,9.2,191.0,220.0,37.9,0.0,44.5,0.8,36.6,-1.5,32.3,-4.0,27.3,2.9,29.5,4.4,116.6,116.6,-3.9,-3.9,120.5,68.1,2.0,27.2,2.0,29.3,8.1,27.0,4.7,-0.8,121.3,121.3,-4.7,-4.7,126.0,30.3,-4.5,696.0,669.0,57.0,57.0,56.0,574.0,49.0,-1.2,13.6,4.0,14.8,2.4,0.0,13.0,22.7,13.0,8.3,1.2,5.6,0.7,0.3,0.5,3.4,47.0,5.7,80.0,0.0,0.0,0.0,0.0,1.6,22.0,2.4,33.0,2.5,3.1,1.6,2.6,3.9,1.5,58.8,0.0,66.7,mathias-lessort,14.4,15.0
,Mathis Dossou-Yovo,ASVEL,F,,,,,,,,,,,,,,,,,,,,,,,,,,,,,,,,,,,,,,,,,,,,,,,,,,,,,,,,,,,,,,,,,,,,,,,,,,,,,,,,,,,,,,,,,,,,,,,,,,,,,,,,,,,,,,,,,,,,,,,,9.4,120.0
35776.0,Matt Ryan,Dubai Basketball,SF,2025.0,2.0,73.9,78.2,4.0,33.0,100.0,,57.0,3.0,0.5,0.0,85.7,4.0,0.0,0.0,1.0,22.0,0.5,8.0,0.0,0.0,33.3,150.0,147.2,0.93,42.0,0.0,,0.5,4.5,0.0,,0.0,10.0,14.0,50.0,-1.3,64.3,-2.4,10.0,9.0,50.0,20.4,39.1,4.2,20.0,1.3,44.4,14.7,28.6,5.6,20.8,-2.1,150.0,150.0,23.0,23.0,127.0,60.0,-1.2,22.7,-5.1,13.0,-13.4,-16.0,-76.1,-52.3,73.9,73.9,-29.4,-29.4,103.3,30.8,3.6,17.0,33.0,16.0,16.0,15.0,23.0,43.5,2.3,22.2,9.4,7.7,-5.8,,,,,,,,,,,,,,,,,,,,,,,,,,,,,,,,,,
38875.0,Matteo Accorsi,Virtus Segafredo Bologna,PG,2025.0,6.0,133.3,93.8,1.0,0.0,100.0,,38.0,0.8,0.5,0.0,62.5,1.3,0.2,2.0,0.0,0.0,0.2,4.0,0.0,0.0,14.3,98.0,96.2,1.03,62.0,0.3,8.0,0.3,4.0,0.0,,0.0,29.0,23.0,55.2,1.4,43.5,-18.7,17.0,20.0,37.0,-2.7,46.5,3.3,35.3,-1.3,35.0,-1.7,30.2,4.0,29.8,1.4,98.0,98.0,-27.8,-27.8,125.8,83.3,19.0,18.0,-13.8,23.5,-4.1,19.0,35.3,53.7,133.3,133.3,26.0,26.0,107.4,20.8,-10.1,68.0,49.0,11.0,11.0,11.0,51.0,52.1,4.8,5.4,-13.1,13.0,-1.7,0.0,0.7,5.1,0.0,1.2,0.2,0.6,0.4,0.0,0.0,0.6,3.0,1.6,8.0,0.0,0.0,1.0,5.0,0.0,0.0,0.0,0.0,0.2,0.4,0.0,0.8,0.0,3.0,37.5,0.0,0.0,matteo-accorsi,,
39598.0,Matteo Baiocchi,Virtus Segafredo Bologna,SG,2025.0,5.0,111.8,43.2,0.8,0.0,40.0,,33.0,0.2,1.0,0.0,16.7,1.8,0.4,3.0,1.4,54.0,0.0,,0.4,0.0,12.6,96.9,104.3,1.63,42.0,0.6,6.0,0.2,1.0,0.0,,0.0,45.0,45.0,57.8,10.2,48.9,-14.0,25.0,33.0,35.7,-1.0,42.3,1.2,28.0,-5.0,27.3,-12.7,26.5,3.1,22.2,-14.3,96.9,96.9,-26.7,-26.7,123.6,80.9,13.3,33.3,8.0,28.0,-0.7,11.0,15.0,31.7,111.8,111.8,4.9,4.9,106.9,26.3,-9.7,104.0,93.0,24.0,24.0,25.0,93.0,56.5,6.7,19.4,4.0,14.3,-1.4,0.0,-1.1,9.9,0.0,0.8,0.4,0.6,0.2,0.0,0.0,0.4,2.0,1.2,6.0,0.0,0.0,0.2,1.0,0.0,0.0,0.0,0.0,0.0,0.6,1.4,1.4,0.4,1.8,33.3,0.0,0.0,matteo-baiocchi,4.0,332.0
35840.0,Matteo Spagnolo,Kosner Baskonia Vitoria-Gasteiz,PG,2025.0,37.0,115.4,119.8,5.4,34.0,52.0,79.0,57.0,1.1,2.9,1.5,27.3,10.0,1.9,8.0,0.8,15.0,0.3,2.0,1.5,0.2,17.0,121.4,123.3,2.54,43.0,1.4,10.0,0.5,1.6,0.1,0.3,0.1,507.0,586.0,57.0,-2.0,53.4,-0.9,393.0,355.0,43.7,0.6,37.7,1.0,36.4,3.3,40.0,-0.9,25.6,-0.6,24.2,0.6,121.4,121.4,-0.8,-0.8,122.1,67.5,1.1,28.8,0.0,27.8,-0.2,-85.0,-6.0,-0.4,115.4,115.4,-1.2,-1.2,116.6,27.6,-3.0,1245.0,1330.0,38.0,38.0,39.0,1079.0,47.8,-0.6,15.2,0.3,13.4,-0.9,0.0,6.6,15.5,1.0,5.4,1.9,1.7,0.5,0.1,0.2,1.9,71.0,4.1,150.0,0.4,14.0,1.1,41.0,1.2,44.0,1.5,56.0,0.3,1.4,0.8,1.2,1.5,-1.8,47.3,34.1,78.6,matteo-spagnolo,6.4,241.0
20035.0,Matthew Costello,Valencia Basket,PF,2025.0,40.0,120.0,120.2,6.2,39.0,62.0,47.0,59.0,3.0,1.6,1.5,64.7,8.3,0.9,3.0,0.6,11.0,1.0,6.0,1.2,0.1,15.8,109.2,107.3,3.49,57.0,2.8,18.0,0.5,1.7,0.5,1.6,0.2,585.0,617.0,57.6,0.0,51.7,-3.9,556.0,453.0,48.7,3.0,42.3,1.0,35.4,-0.9,30.2,-8.2,25.4,-3.5,23.8,-3.3,109.2,109.2,-7.4,-7.4,116.5,67.5,-2.5,27.6,1.3,27.1,0.9,165.0,10.8,9.2,120.0,120.0,1.8,1.8,118.2,37.7,4.7,1512.0,1347.0,42.0,42.0,41.0,1260.0,52.4,1.1,13.3,-0.9,14.9,-0.1,0.0,7.9,16.6,10.0,6.2,0.9,3.8,0.5,0.5,0.1,2.2,87.0,4.6,184.0,1.2,47.0,3.0,119.0,0.7,28.0,1.5,59.0,1.0,2.8,0.6,1.8,1.2,4.4,47.3,39.5,47.5,matthew-costello,,
36996.0,Matthew Morgan,Virtus Segafredo Bologna,PG,2025.0,34.0,114.2,129.4,13.5,37.0,61.0,91.0,67.0,5.0,3.5,4.1,58.9,18.5,2.2,9.0,1.5,13.0,0.2,1.0,3.3,0.6,27.8,116.8,122.6,2.66,37.0,1.4,8.0,0.3,0.9,0.0,,0.1,596.0,589.0,58.1,3.8,56.2,-0.5,426.0,500.0,41.7,-0.6,45.9,1.1,33.6,-3.0,33.8,-5.9,29.9,3.7,26.9,-1.8,116.8,116.8,-2.4,-2.4,119.3,63.9,-6.1,29.2,2.3,29.8,4.4,4.0,-2.6,4.7,114.2,114.2,2.3,2.3,112.0,30.4,-2.9,1428.0,1424.0,50.0,50.0,49.0,1250.0,48.0,-3.1,16.6,0.1,14.4,0.0,0.0,12.7,19.9,2.0,13.5,2.2,1.6,0.3,0.0,0.6,3.9,134.0,8.4,287.0,1.8,62.0,5.0,169.0,3.8,128.0,4.1,140.0,0.2,1.4,1.5,1.7,3.3,-1.1,46.7,36.7,91.4,matthew-morgan,,
23745.0,Matthew Strazel,AS Monaco,PG,2025.0,43.0,116.5,123.7,9.2,36.0,51.0,84.0,61.0,3.5,2.9,2.9,54.5,18.4,3.9,11.0,1.7,19.0,0.4,2.0,3.3,0.1,18.2,114.8,117.3,4.04,45.0,1.6,7.0,0.8,1.8,0.0,0.1,0.1,997.0,1029.0,55.8,-2.4,54.9,-1.2,662.0,707.0,39.9,4.2,40.7,-2.6,34.9,2.1,36.1,-3.5,27.6,-0.4,23.7,-2.4,114.8,114.8,-5.1,-5.1,119.9,66.9,0.9,27.0,0.1,29.8,1.7,42.0,1.6,0.0,116.5,116.5,-5.1,-5.1,121.6,28.1,-4.0,2270.0,2228.0,61.0,61.0,60.0,1949.0,48.1,-0.8,13.4,1.5,14.5,-1.0,0.0,11.8,24.3,21.0,9.2,3.9,1.9,0.8,0.0,0.1,2.7,118.0,6.4,275.0,1.3,54.0,3.5,150.0,2.4,105.0,2.9,125.0,0.4,1.6,1.7,2.1,3.3,1.1,42.9,36.0,84.0,matthew-strazel,10.3,79.0
,Max Shulga,Real Madrid,G,,,,,,,,,,,,,,,,,,,,,,,,,,,,,,,,,,,,,,,,,,,,,,,,,,,,,,,,,,,,,,,,,,,,,,,,,,,,,,,,,,,,,,,,,,,,,,,,,,,,,,,,,,,,,,,,,,,,,,,,8.0,184.0
36608.0,Mbaye Ndiaye,LDLC ASVEL Villeurbanne,SF,2025.0,32.0,109.1,103.1,7.7,18.0,70.0,55.0,55.0,2.3,3.8,2.1,37.1,10.7,1.3,3.0,1.4,17.0,1.7,8.0,1.5,0.1,16.8,116.1,111.9,5.04,58.0,3.1,15.0,1.2,2.7,1.4,3.3,0.2,707.0,678.0,52.8,2.5,54.4,-8.8,508.0,495.0,41.8,-3.3,42.2,6.0,31.5,-3.1,36.0,-0.9,23.2,-2.1,25.8,-6.1,116.1,116.1,-5.3,-5.3,121.4,65.4,-3.0,29.7,-2.3,28.0,2.4,-83.0,-7.0,10.0,109.1,109.1,4.8,4.8,104.4,31.8,0.9,1517.0,1600.0,59.0,59.0,59.0,1390.0,48.0,0.5,14.1,-3.2,15.3,-1.2,0.0,10.2,23.6,10.0,7.4,1.3,4.7,1.1,1.4,0.1,2.9,91.0,5.9,183.0,0.4,12.0,2.2,68.0,1.2,36.0,2.1,64.0,1.7,3.1,1.4,2.2,1.5,-3.2,49.7,17.6,56.3,mbaye-ndiaye,7.5,199.0
,McKinley Wright,Dubai,G,,,,,,,,,,,,,,,,,,,,,,,,,,,,,,,,,,,,,,,,,,,,,,,,,,,,,,,,,,,,,,,,,,,,,,,,,,,,,,,,,,,,,,,,,,,,,,,,,,,,,,,,,,,,,,,,,,,,,,,,13.5,24.0
35443.0,McKinley Wright IV,Dubai Basketball,PG,2025.0,38.0,122.1,134.0,12.7,38.0,56.0,85.0,63.0,1.9,6.8,3.4,22.2,27.3,6.1,14.0,2.0,16.0,0.4,2.0,3.1,0.6,19.8,117.0,118.5,5.04,47.0,2.3,8.0,1.0,1.8,0.2,0.3,0.3,1171.0,1111.0,56.4,4.9,51.6,-5.4,614.0,738.0,34.4,-10.0,39.9,4.2,35.7,2.5,38.8,4.0,26.5,2.9,25.0,0.3,117.0,117.0,-7.6,-7.6,124.6,69.5,7.6,27.6,-6.4,28.8,0.0,109.0,5.1,17.6,122.1,122.1,10.0,10.0,112.1,31.3,2.7,2497.0,2388.0,73.0,73.0,73.0,2045.0,51.5,6.9,12.6,-0.5,12.4,-0.4,0.0,16.7,29.6,38.0,12.7,6.1,2.7,1.0,0.2,0.6,4.5,172.0,8.8,333.0,0.7,28.0,1.9,74.0,2.9,110.0,3.4,129.0,0.4,2.3,2.0,2.8,3.1,2.2,51.7,37.8,85.3,mckinley-wright-iv,,
24482.0,Mehdy Ngouama,LDLC ASVEL Villeurbanne,PG,2025.0,12.0,89.6,83.9,3.3,17.0,23.0,87.0,32.0,2.0,2.5,1.3,44.4,4.8,0.7,5.0,0.7,12.0,0.3,4.0,1.0,0.6,25.7,119.7,119.4,1.81,47.0,0.7,7.0,0.8,3.9,0.1,0.4,0.0,102.0,116.0,47.1,-2.2,56.9,-2.7,85.0,93.0,45.5,2.3,44.5,6.0,23.5,-8.3,32.3,-3.2,20.7,-0.9,28.6,-1.1,119.7,119.7,-1.4,-1.4,121.1,59.5,-2.4,32.8,2.2,27.3,-2.0,-67.0,-30.0,-17.2,89.6,89.6,-18.6,-18.6,108.2,32.5,-0.9,207.0,274.0,27.0,27.0,27.0,231.0,46.1,-0.2,19.0,4.5,13.8,-1.9,,,,,,,,,,,,,,,,,,,,,,,,,,,,,,,,,,
14693.0,Melih Mahmutoglu,Fenerbahce Beko Istanbul,SG,2025.0,7.0,112.3,118.9,2.1,31.0,25.0,100.0,44.0,1.9,0.6,0.1,76.5,2.4,0.1,2.0,0.3,11.0,0.1,3.0,0.0,0.1,21.6,149.3,154.5,0.48,23.0,0.3,7.0,0.0,0.0,0.0,,0.0,29.0,39.0,44.8,-13.1,59.0,6.7,34.0,21.0,54.0,11.2,35.0,-0.9,38.2,3.8,47.6,22.8,19.2,-2.3,20.5,-1.4,149.3,149.3,42.8,42.8,106.5,51.7,-18.5,42.5,8.8,27.4,-3.0,-27.0,-37.0,-42.6,112.3,112.3,0.2,0.2,112.2,40.5,12.7,82.0,109.0,14.0,14.0,14.0,73.0,45.5,-5.5,17.0,-0.5,10.3,-3.6,0.0,0.3,6.0,1.0,2.1,0.1,0.4,0.0,0.0,0.1,0.7,5.0,2.4,17.0,0.6,4.0,1.9,13.0,0.1,1.0,0.1,1.0,0.1,0.3,0.3,0.4,0.0,-4.1,29.4,30.8,100.0,melih-mahmutoglu,4.0,333.0
37628.0,Melvin Ajinca,LDLC ASVEL Villeurbanne,SF,2025.0,31.0,106.1,104.1,6.0,33.0,40.0,80.0,48.0,3.5,2.3,0.8,60.4,7.1,0.5,2.0,0.7,10.0,0.8,5.0,1.0,0.2,18.1,121.1,124.6,2.56,39.0,1.0,7.0,0.5,1.5,0.0,0.1,0.2,489.0,528.0,52.1,1.0,59.7,-0.2,394.0,325.0,44.6,0.8,38.1,-1.8,32.5,-1.1,36.6,1.9,23.8,-1.2,28.5,0.3,121.1,121.1,3.9,3.9,117.2,64.8,-4.6,30.5,0.1,26.7,0.0,-146.0,-15.0,-7.0,106.1,106.1,-3.2,-3.2,109.2,31.1,-0.7,1083.0,1229.0,44.0,44.0,44.0,1021.0,46.6,-2.5,15.9,1.3,15.6,-0.1,0.0,3.6,17.7,18.0,6.2,0.5,1.8,0.5,0.0,0.2,2.2,65.0,6.0,181.0,1.2,36.0,3.6,109.0,0.7,20.0,0.8,25.0,0.8,1.0,0.7,1.6,1.0,-5.5,35.9,33.0,80.0,melvin-ajinca,,
,Mert Eksioglu,Fenerbahce,G,,,,,,,,,,,,,,,,,,,,,,,,,,,,,,,,,,,,,,,,,,,,,,,,,,,,,,,,,,,,,,,,,,,,,,,,,,,,,,,,,,,,,,,,,,,,,,,,,,,,,,,,,,,,,,,,,,,,,,,,4.0,334.0
12213.0,Metecan Birsen,Fenerbahce Beko Istanbul,PF,2025.0,24.0,112.9,114.4,2.4,35.0,42.0,84.0,54.0,0.8,1.0,0.8,45.5,3.3,0.3,2.0,0.5,17.0,0.6,7.0,0.8,0.0,11.3,118.5,117.3,2.1,51.0,1.5,16.0,0.3,1.6,0.1,0.4,0.1,238.0,276.0,53.4,-0.3,53.3,3.3,177.0,156.0,42.7,-0.2,36.1,-2.4,35.6,0.7,35.9,3.4,21.7,-1.8,25.7,2.6,118.5,118.5,11.0,11.0,107.6,66.7,-2.0,30.8,1.6,27.4,-0.3,-44.0,-5.7,-8.8,112.9,112.9,2.2,2.2,110.7,36.6,4.4,544.0,588.0,28.0,28.0,28.0,482.0,51.8,1.1,17.0,0.1,13.2,-2.2,0.0,2.9,11.2,3.0,2.4,0.3,2.2,0.3,0.1,0.0,0.7,17.0,1.8,44.0,0.3,7.0,0.8,20.0,0.7,16.0,0.8,19.0,0.6,1.5,0.5,1.6,0.8,-1.0,38.6,35.0,84.2,metecan-birsen,5.5,266.0
23521.0,Mfiondu Kabengele,Dubai Basketball,C,2025.0,36.0,122.2,128.2,14.2,32.0,62.0,82.0,64.0,1.8,7.9,3.3,18.6,17.2,1.2,4.0,1.0,8.0,2.0,11.0,3.2,0.3,26.4,116.5,112.6,4.73,58.0,4.1,20.0,0.7,1.8,0.7,1.8,0.3,848.0,807.0,57.4,5.9,51.2,-3.9,406.0,524.0,32.4,-10.0,39.4,0.7,36.0,2.2,38.5,2.9,27.8,4.5,24.8,-0.3,116.5,116.5,-3.9,-3.9,120.4,69.2,3.3,28.2,-2.0,27.6,-2.0,68.0,5.7,11.8,122.2,122.2,7.9,7.9,114.2,30.5,0.3,1769.0,1701.0,54.0,54.0,55.0,1448.0,51.3,3.5,13.0,0.3,12.1,-0.9,0.0,18.4,22.2,35.0,14.2,1.2,6.1,0.7,0.7,0.3,5.5,197.0,9.7,350.0,0.6,21.0,1.8,65.0,2.7,96.0,3.3,117.0,2.0,4.1,1.0,2.6,3.2,1.7,56.3,32.3,82.1,mfiondu-kabengele,14.6,13.0
37526.0,Miikka Muurinen,Partizan Mozzart Bet Belgrade,"PF,SF",2025.0,6.0,88.9,40.7,0.2,0.0,,50.0,25.0,0.2,0.0,0.3,100.0,0.2,0.0,0.0,0.0,0.0,0.0,,0.3,0.0,8.7,166.7,173.8,0.13,19.0,0.0,,0.0,0.0,0.0,,0.0,14.0,6.0,35.7,-22.0,100.0,38.9,4.0,12.0,22.2,-19.1,66.7,25.0,25.0,-8.3,41.7,-0.4,20.0,-0.9,40.9,12.5,166.7,166.7,43.2,43.2,123.4,55.6,-10.5,47.6,22.5,33.3,3.5,-19.0,-77.8,-71.4,88.9,88.9,-28.2,-28.2,117.1,45.5,17.3,16.0,35.0,4.0,4.0,5.0,18.0,50.0,4.3,13.0,0.5,12.0,-4.9,0.0,0.0,1.8,0.0,0.2,0.0,0.0,0.0,0.0,0.0,0.0,0.0,0.2,1.0,0.0,0.0,0.2,1.0,0.2,1.0,0.3,2.0,0.0,0.0,0.0,0.2,0.3,-2.8,0.0,0.0,50.0,miikka-muurinen,,
35271.0,Mikael Jantunen,Fenerbahce Beko Istanbul,PF,2025.0,36.0,116.5,112.6,5.3,32.0,48.0,87.0,55.0,2.5,1.6,1.5,60.8,6.9,0.7,2.0,0.7,12.0,1.1,7.0,1.9,0.1,14.1,113.8,111.5,3.56,54.0,2.1,13.0,0.4,1.3,0.2,0.7,0.4,584.0,650.0,53.8,-0.5,53.4,1.7,464.0,345.0,44.3,4.2,34.7,-6.5,34.5,-3.1,33.6,3.2,23.4,0.4,24.6,2.2,113.8,113.8,5.3,5.3,108.6,67.9,-0.1,34.3,4.9,31.3,5.3,45.0,2.6,-0.7,116.5,116.5,4.6,4.6,111.9,34.4,3.3,1386.0,1341.0,46.0,46.0,45.0,1190.0,50.9,0.4,14.6,-2.1,14.3,0.1,0.0,5.4,18.6,14.0,5.3,0.7,3.2,0.4,0.2,0.1,1.6,57.0,4.1,148.0,0.8,29.0,2.5,90.0,1.3,46.0,1.5,53.0,1.1,2.1,0.7,3.1,1.9,1.5,38.5,32.2,86.8,mikael-jantunen,6.0,253.0
17917.0,Mike James,AS Monaco,PG,2025.0,39.0,118.8,125.4,16.4,33.0,48.0,86.0,57.0,4.3,7.8,5.5,35.5,31.4,6.4,16.0,2.5,15.0,0.4,1.0,4.4,0.5,26.4,119.2,122.5,4.6,41.0,3.1,12.0,0.9,1.6,0.1,0.2,0.2,1194.0,1124.0,57.5,4.3,56.8,6.9,707.0,787.0,37.2,-5.4,41.2,-2.8,33.4,-0.9,38.5,4.5,27.4,0.2,25.6,4.4,119.2,119.2,13.9,13.9,105.3,66.7,0.2,25.2,-7.1,29.0,-0.6,-10.0,-0.4,-10.8,118.8,118.8,3.1,3.1,115.7,29.3,-2.2,2595.0,2605.0,75.0,75.0,75.0,2185.0,47.9,-1.9,12.9,0.3,14.9,-1.8,0.0,20.0,29.9,39.0,16.4,6.4,3.5,0.9,0.1,0.5,5.1,200.0,12.1,473.0,1.4,55.0,4.3,168.0,4.7,185.0,5.5,215.0,0.4,3.1,2.5,1.9,4.4,-0.3,42.3,32.7,86.0,mike-james,16.0,2.0
37284.0,Miles Norris,FC Barcelona,PF,2025.0,36.0,111.7,125.4,4.0,38.0,62.0,89.0,61.0,2.0,1.3,0.3,61.2,4.9,0.3,2.0,0.3,8.0,0.8,8.0,0.2,0.2,14.6,119.1,115.4,2.38,56.0,1.8,18.0,0.5,2.5,0.3,1.5,0.2,389.0,415.0,58.6,5.0,55.9,-1.9,288.0,249.0,42.5,3.5,37.5,-1.6,33.3,-4.8,37.8,5.1,23.9,-1.7,25.1,0.4,119.1,119.1,6.1,6.1,112.9,64.9,-4.2,29.0,1.4,25.7,-3.7,-61.0,-7.4,-12.6,111.7,111.7,-6.5,-6.5,118.1,33.3,0.6,851.0,912.0,29.0,29.0,29.0,762.0,48.9,-1.6,16.1,2.4,15.1,-0.9,0.0,4.9,12.4,10.0,4.0,0.3,2.6,0.5,0.3,0.2,1.5,55.0,3.2,116.0,0.8,27.0,2.0,71.0,0.2,8.0,0.3,9.0,0.8,1.8,0.3,1.1,0.2,-1.6,47.4,38.0,88.9,miles-norris,8.9,140.0
37625.0,Mitar Bosnjakovic,Partizan Mozzart Bet Belgrade,SG,2025.0,3.0,100.0,228.6,0.0,,,,,0.0,0.0,0.0,,0.0,0.0,0.0,0.0,,0.3,13.0,0.0,0.0,0.0,128.6,136.6,0.44,31.0,0.0,,0.0,0.0,0.0,,0.0,9.0,11.0,55.6,6.1,54.5,-1.8,6.0,7.0,40.0,-4.1,38.9,-7.1,16.7,-19.2,57.1,12.5,0.0,-20.1,31.6,3.2,128.6,128.6,5.3,5.3,123.3,71.4,1.1,23.8,-6.4,12.5,-19.1,-11.0,-28.6,-16.3,100.0,100.0,-11.0,-11.0,111.0,25.0,-7.3,16.0,27.0,7.0,7.0,9.0,16.0,46.7,-2.8,11.1,-4.2,17.4,0.1,0.0,0.0,3.1,0.0,0.0,0.0,0.3,0.0,0.0,0.0,0.0,0.0,0.0,0.0,0.0,0.0,0.0,0.0,0.0,0.0,0.0,0.0,0.3,0.0,0.0,0.3,0.0,-3.0,0.0,0.0,0.0,mitar-bosnjakovic,4.0,335.0
,Mo Gueye,Valencia,F,,,,,,,,,,,,,,,,,,,,,,,,,,,,,,,,,,,,,,,,,,,,,,,,,,,,,,,,,,,,,,,,,,,,,,,,,,,,,,,,,,,,,,,,,,,,,,,,,,,,,,,,,,,,,,,,,,,,,,,,8.7,153.0
21604.0,Monte Morris,Olympiacos Piraeus,PG,2025.0,8.0,115.4,88.5,1.6,0.0,30.0,58.0,30.0,0.9,1.3,1.5,41.2,4.9,1.4,8.0,0.5,15.0,0.3,3.0,0.9,0.3,13.5,129.6,131.4,1.67,42.0,1.0,10.0,0.1,0.6,0.1,0.6,0.1,73.0,82.0,52.1,-13.1,58.5,-3.2,58.0,71.0,44.3,0.2,46.4,0.1,32.8,-1.4,42.3,13.2,27.0,-6.6,31.3,4.1,129.6,129.6,21.0,21.0,108.5,70.1,-4.2,27.7,4.0,35.2,3.7,-19.0,-14.1,-32.8,115.4,115.4,-11.8,-11.8,127.2,40.3,1.0,187.0,206.0,28.0,28.0,27.0,162.0,55.2,-2.3,15.5,0.0,10.4,-6.5,0.0,1.5,11.5,0.0,1.6,1.4,1.3,0.1,0.1,0.3,0.4,3.0,2.1,17.0,0.0,0.0,0.9,7.0,0.9,7.0,1.5,12.0,0.3,1.0,0.5,1.0,0.9,-2.0,17.6,0.0,58.3,monte-morris,,
35693.0,Moses Wright,Zalgiris Kaunas,C,2025.0,42.0,121.1,125.2,13.2,31.0,63.0,73.0,66.0,0.9,7.7,3.6,10.0,15.2,0.8,3.0,1.5,13.0,2.4,12.0,3.4,0.4,23.6,116.1,113.4,4.58,54.0,4.1,21.0,0.6,1.5,0.9,2.1,0.2,964.0,1033.0,55.2,1.0,56.0,4.4,603.0,576.0,38.5,-0.5,35.8,3.2,39.3,1.3,35.6,0.4,27.4,1.7,26.0,4.3,116.1,116.1,3.2,3.2,112.9,67.5,0.8,27.6,-0.1,27.5,-2.1,89.0,4.9,-0.7,121.1,121.1,2.5,2.5,118.6,33.7,-0.2,2149.0,2060.0,58.0,58.0,58.0,1775.0,50.6,0.2,14.0,0.6,13.5,-0.5,0.0,18.2,23.6,29.0,13.2,0.8,6.5,0.6,0.9,0.4,5.2,217.0,8.6,361.0,0.3,11.0,0.9,36.0,2.6,110.0,3.6,150.0,2.4,4.1,1.5,2.0,3.4,2.0,60.1,30.6,73.3,moses-wright,14.0,19.0
37789.0,Mouhamed Faye,Paris Basketball,C,2025.0,38.0,115.6,127.3,4.6,,65.0,49.0,63.0,0.0,3.0,1.3,0.0,5.3,0.2,1.0,0.8,19.0,2.2,13.0,1.3,0.4,11.5,119.4,116.6,3.59,55.0,2.8,17.0,0.4,1.1,1.0,3.0,0.4,632.0,605.0,49.8,-4.6,53.6,-2.9,496.0,495.0,44.0,-6.6,45.0,-1.5,38.3,2.2,37.0,1.9,19.0,-6.2,27.5,-2.1,119.4,119.4,5.2,5.2,114.2,63.8,-1.2,29.2,0.7,27.1,1.0,-42.0,-3.8,-4.8,115.6,115.6,0.5,0.5,115.1,35.4,2.0,1448.0,1490.0,42.0,42.0,42.0,1253.0,49.4,0.8,14.5,-1.0,14.0,-3.7,0.0,7.3,17.2,23.0,4.6,0.2,5.0,0.4,1.0,0.4,2.0,75.0,3.0,115.0,0.0,0.0,0.0,0.0,0.7,25.0,1.3,51.0,2.2,2.8,0.8,2.5,1.3,-0.8,65.2,0.0,49.0,mouhamed-faye,7.0,219.0
36112.0,Mouhamet Diouf,Virtus Segafredo Bologna,C,2025.0,33.0,112.0,118.3,8.0,,60.0,75.0,64.0,0.0,5.3,2.3,0.0,10.9,1.2,5.0,1.5,19.0,1.8,12.0,2.6,0.3,20.0,116.5,116.3,3.45,51.0,2.4,14.0,0.5,1.6,0.7,2.2,0.2,596.0,515.0,53.7,-3.0,54.2,-3.0,348.0,473.0,36.9,-8.4,47.9,3.4,35.9,1.3,37.2,1.4,28.0,0.7,28.4,1.8,116.5,116.5,-1.5,-1.5,118.0,67.6,0.8,27.1,-1.3,28.8,2.2,-45.0,-4.5,1.5,112.0,112.0,0.0,0.0,112.0,31.4,-0.6,1248.0,1293.0,46.0,46.0,46.0,1114.0,50.1,0.7,16.3,-0.5,14.6,0.5,0.0,10.8,18.5,19.0,8.0,1.2,4.2,0.5,0.7,0.3,3.2,104.0,5.3,174.0,0.0,0.0,0.0,0.0,1.7,56.0,2.3,75.0,1.8,2.4,1.5,2.3,2.6,-0.8,59.8,0.0,74.7,mouhamet-diouf,9.3,123.0
22666.0,Moustapha Fall,Olympiacos Piraeus,C,2025.0,2.0,112.5,221.1,0.0,,,,,0.0,0.0,0.0,,5.5,2.5,18.0,0.0,,0.5,7.0,0.5,0.0,0.0,140.9,124.5,1.7,77.0,1.0,20.0,0.0,0.0,1.0,9.1,0.0,13.0,11.0,69.2,11.9,45.5,-6.0,14.0,9.0,51.9,12.6,45.0,3.1,14.3,-19.8,66.7,29.9,25.0,-7.0,36.4,8.3,140.9,140.9,36.1,36.1,104.8,100.0,24.6,22.7,1.8,29.2,4.6,-4.0,-28.4,-40.2,112.5,112.5,-4.2,-4.2,116.7,40.0,13.7,27.0,31.0,16.0,16.0,15.0,24.0,64.0,11.5,6.7,-6.8,0.0,-13.6,0.0,6.1,6.7,0.0,0.0,2.5,1.5,0.0,1.0,0.0,0.0,0.0,0.0,0.0,0.0,0.0,0.0,0.0,0.0,0.0,0.0,0.0,0.5,1.0,0.0,0.0,0.5,-2.0,0.0,0.0,0.0,moustapha-fall,8.2,172.0
37642.0,Myles Cale,FC Barcelona,SF,2025.0,34.0,114.8,127.0,3.3,29.0,51.0,76.0,50.0,1.6,1.4,0.5,52.9,4.9,0.7,3.0,0.3,7.0,0.8,6.0,0.9,0.1,11.4,114.5,114.4,2.75,50.0,1.1,9.0,0.5,1.8,0.1,0.6,0.1,489.0,458.0,53.6,-2.8,54.4,-4.2,336.0,304.0,40.7,-0.3,39.9,2.0,34.8,-3.5,37.8,3.2,23.9,-1.9,23.4,-2.1,114.5,114.5,-2.2,-2.2,116.7,69.2,1.0,28.8,1.1,27.1,-1.8,-17.0,0.3,-1.8,114.8,114.8,-4.0,-4.0,118.8,33.7,1.1,1049.0,1066.0,37.0,37.0,38.0,914.0,50.6,0.7,13.9,-0.6,16.0,0.1,0.0,3.4,15.2,8.0,3.3,0.7,1.9,0.5,0.1,0.1,1.2,41.0,3.1,104.0,0.5,16.0,1.6,55.0,0.4,13.0,0.5,17.0,0.8,1.1,0.3,1.8,0.9,0.3,39.4,29.1,76.5,myles-cale,7.1,213.0
36942.0,Nadir Hifi,Paris Basketball,SG,2025.0,37.0,115.7,121.7,18.9,35.0,47.0,84.0,57.0,6.7,7.5,5.6,47.2,28.2,3.8,14.0,2.4,13.0,0.3,1.0,5.6,0.5,36.6,117.9,119.0,3.99,46.0,2.0,10.0,0.9,2.2,0.0,0.1,0.1,768.0,760.0,50.4,-4.4,54.5,-2.4,669.0,601.0,46.6,-2.1,44.2,-3.8,37.1,0.5,36.4,1.7,19.7,-6.3,28.7,0.1,117.9,117.9,4.1,4.1,113.8,64.8,0.2,27.9,-1.7,28.3,3.8,5.0,-2.2,-3.3,115.7,115.7,0.9,0.9,114.9,34.2,0.2,1875.0,1870.0,56.0,56.0,55.0,1620.0,48.9,0.0,13.9,-2.2,15.1,-2.5,0.0,18.4,22.3,19.0,18.9,3.8,2.3,0.9,0.0,0.5,5.9,218.0,14.2,525.0,2.4,87.0,6.7,248.0,4.8,176.0,5.6,209.0,0.3,2.0,2.4,1.9,5.6,-0.1,41.5,35.1,84.2,nadir-hifi,14.8,9.0
6540.0,Nando de Colo,Fenerbahce Beko Istanbul,PG,2025.0,17.0,124.9,133.2,9.8,47.0,63.0,97.0,75.0,2.8,3.1,2.1,47.5,15.6,2.4,10.0,1.5,18.0,0.2,1.0,2.3,0.2,22.0,108.9,112.0,2.72,46.0,1.2,8.0,0.2,0.8,0.0,,0.2,259.0,247.0,59.8,5.1,50.6,-0.8,199.0,201.0,43.4,3.8,44.9,8.1,40.2,7.9,31.3,-0.6,26.5,5.2,22.8,-1.9,108.9,108.9,-3.1,-3.1,112.0,65.7,-2.6,33.2,5.1,29.1,1.6,132.0,16.0,20.4,124.9,124.9,17.3,17.3,107.6,32.2,-2.3,683.0,551.0,45.0,45.0,41.0,547.0,50.1,-2.3,15.8,-1.8,13.5,0.3,0.0,14.0,18.8,8.0,11.5,3.4,1.7,0.6,0.0,0.2,3.4,103.0,6.5,195.0,1.5,44.0,3.4,102.0,3.1,94.0,3.2,96.0,0.2,1.5,2.0,1.8,3.3,2.8,52.8,43.1,97.9,nando-de-colo,,
36114.0,Nate Reuvers,Valencia Basket,C,2025.0,44.0,117.5,127.1,10.4,41.0,73.0,67.0,69.0,2.8,3.6,2.5,43.6,11.5,0.4,2.0,0.7,8.0,1.1,7.0,2.3,0.1,20.0,116.2,117.0,3.49,49.0,2.2,13.0,0.5,1.4,0.7,2.0,0.1,724.0,805.0,58.8,2.3,55.8,2.3,659.0,582.0,47.7,2.1,42.0,0.3,35.5,-1.1,37.5,4.8,28.6,2.1,27.4,2.6,116.2,116.2,4.1,4.1,112.1,69.9,2.0,25.5,-2.5,26.5,-0.6,23.0,1.2,-6.6,117.5,117.5,-2.5,-2.5,120.0,30.2,-8.8,1856.0,1833.0,47.0,47.0,47.0,1580.0,50.2,-2.7,14.1,0.3,14.9,-0.2,0.0,11.6,19.1,19.0,10.4,0.4,3.3,0.5,0.7,0.1,3.8,167.0,6.4,282.0,1.2,51.0,2.8,123.0,1.6,72.0,2.5,108.0,1.1,2.2,0.7,2.5,2.3,0.1,59.2,41.5,66.7,nathan-reuvers,10.3,80.0
35909.0,Nathan Sestina,EA7 Emporio Armani Milan,PF,2025.0,10.0,123.0,109.7,3.1,16.0,91.0,100.0,50.0,1.9,1.1,0.2,63.3,3.8,0.3,2.0,0.0,0.0,0.3,4.0,0.1,0.0,17.7,122.2,124.5,1.31,43.0,0.5,7.0,0.4,2.6,0.0,,0.0,78.0,82.0,59.0,6.2,56.1,-0.6,58.0,53.0,42.6,-2.7,39.3,-2.6,31.0,-9.1,37.7,1.5,28.4,-0.4,25.5,0.2,122.2,122.2,5.1,5.1,117.2,69.1,0.7,33.3,8.0,29.7,3.4,-5.0,0.8,0.6,123.0,123.0,5.7,5.7,117.3,35.5,6.0,182.0,187.0,20.0,20.0,20.0,148.0,51.4,2.4,11.4,-2.2,14.4,0.0,0.0,1.7,8.5,1.0,2.8,0.5,1.2,0.3,0.0,0.0,1.2,15.0,3.3,43.0,0.4,5.0,2.2,29.0,0.2,2.0,0.2,2.0,0.4,0.8,0.0,1.2,0.2,-0.5,34.9,17.2,100.0,nathan-sestina,7.9,187.0
24753.0,Neal Sako,Valencia Basket,C,2025.0,42.0,119.1,111.6,4.7,,59.0,38.0,55.0,0.0,3.4,1.9,0.0,6.4,0.6,3.0,0.8,15.0,1.8,15.0,1.8,0.2,17.4,112.7,111.9,2.55,52.0,2.0,18.0,0.3,1.2,0.4,1.7,0.2,547.0,522.0,55.9,-2.7,55.7,1.4,400.0,369.0,42.2,-5.6,41.4,-0.4,38.5,3.1,33.1,-3.6,27.2,-0.5,25.3,-1.5,112.7,112.7,-2.8,-2.8,115.5,68.9,0.4,27.9,1.7,27.8,1.2,75.0,6.4,2.5,119.1,119.1,-0.3,-0.3,119.5,38.6,4.6,1227.0,1152.0,32.0,32.0,32.0,1030.0,53.3,2.2,14.9,1.3,15.5,0.7,0.0,6.6,13.4,25.0,4.7,0.6,3.8,0.3,0.4,0.2,2.0,84.0,3.4,142.0,0.0,0.0,0.0,0.0,0.7,30.0,1.9,79.0,1.8,2.0,0.8,2.0,1.8,2.3,59.2,0.0,38.0,neal-sako,8.8,146.0
16636.0,Nemanja Dangubic,Dubai Basketball,SF,2025.0,14.0,109.6,95.9,1.1,20.0,40.0,33.0,38.0,0.4,1.1,0.2,25.0,1.9,0.4,3.0,0.1,9.0,0.8,11.0,0.4,0.1,10.6,126.2,126.1,1.3,47.0,0.9,13.0,0.0,0.0,0.0,,0.1,119.0,95.0,51.3,-6.0,58.9,6.2,53.0,74.0,30.8,-7.1,43.8,6.2,26.4,-11.1,37.8,-0.9,20.8,-6.3,24.2,-1.0,126.2,126.2,5.6,5.6,120.5,62.6,-4.4,39.0,11.1,28.9,-0.7,-41.0,-16.5,-20.6,109.6,109.6,-15.0,-15.0,124.6,29.1,-0.1,205.0,246.0,18.0,18.0,19.0,187.0,44.8,-4.8,9.2,-3.9,13.5,1.4,0.0,0.6,7.7,4.0,1.1,0.4,1.6,0.0,0.0,0.1,0.5,7.0,1.4,20.0,0.1,1.0,0.4,5.0,0.1,1.0,0.2,3.0,0.8,0.9,0.1,1.8,0.4,-0.9,35.0,20.0,33.3,nemanja-dangubic,4.0,336.0
11213.0,Nemanja Nedovic,AS Monaco,SG,2025.0,35.0,114.9,119.4,6.1,41.0,56.0,87.0,62.0,2.8,1.7,0.9,61.6,9.1,1.4,7.0,0.7,12.0,0.2,2.0,1.0,0.1,19.7,115.7,116.8,2.34,48.0,1.0,8.0,0.5,2.2,0.1,0.5,0.2,436.0,427.0,56.4,-0.2,54.8,-1.8,337.0,320.0,43.6,7.3,42.8,1.4,32.6,-2.3,37.2,-1.1,26.5,-1.8,24.4,-1.3,115.7,115.7,-3.4,-3.4,119.1,65.7,-1.5,31.3,5.9,27.7,-2.0,14.0,-0.8,-1.7,114.9,114.9,-5.1,-5.1,120.0,30.5,1.0,1000.0,986.0,33.0,33.0,33.0,870.0,47.9,-0.5,13.0,0.7,16.0,1.4,0.0,5.3,13.4,8.0,6.1,1.4,1.2,0.5,0.1,0.1,2.1,74.0,4.5,159.0,1.1,40.0,2.8,98.0,0.7,26.0,0.9,30.0,0.2,1.0,0.7,2.0,1.0,0.3,46.5,40.8,86.7,nemanja-nedovic,,
23734.0,Nenad Dimitrijevic,FC Bayern Munich,PG,2025.0,16.0,112.5,111.7,11.0,44.0,54.0,82.0,64.0,2.3,4.9,3.2,31.3,20.6,4.1,15.0,2.6,23.0,0.3,2.0,3.8,0.1,25.9,110.9,110.5,3.96,53.0,2.0,11.0,0.8,2.2,0.1,0.2,0.0,331.0,292.0,54.7,-1.2,55.8,0.1,197.0,245.0,37.3,-6.6,45.6,-2.6,36.0,-6.7,30.6,-11.8,25.0,-7.4,26.8,-3.3,110.9,110.9,-10.7,-10.7,121.6,67.0,3.0,27.8,0.0,26.6,3.1,23.0,1.6,4.9,112.5,112.5,-5.8,-5.8,118.2,28.0,-1.4,686.0,663.0,53.0,53.0,51.0,610.0,48.3,1.4,14.4,-1.8,14.9,-1.7,0.0,14.8,20.9,4.0,11.0,4.1,2.3,0.8,0.1,0.1,3.7,59.0,7.2,115.0,1.0,16.0,2.3,36.0,2.6,42.0,3.2,51.0,0.3,2.0,2.6,1.4,3.8,1.6,51.3,44.4,82.4,neno-dimitrijevic,,
34847.0,Niccolo Mannion,EA7 Emporio Armani Milan,PG,2025.0,22.0,114.0,97.2,4.2,36.0,42.0,56.0,49.0,2.0,2.2,0.4,47.8,8.5,2.0,13.0,1.1,20.0,0.0,0.0,1.3,0.1,23.2,120.1,122.1,1.76,43.0,0.6,6.0,0.1,0.4,0.0,,0.1,220.0,254.0,51.8,-4.1,54.7,-1.6,165.0,153.0,42.9,0.4,37.6,-2.8,40.0,-0.2,35.9,-2.3,28.4,0.5,29.7,5.6,120.1,120.1,0.6,0.6,119.5,66.2,-3.7,29.2,2.9,28.5,0.8,-26.0,-6.1,-7.4,114.0,114.0,-6.7,-6.7,120.8,30.3,1.6,512.0,538.0,28.0,28.0,28.0,449.0,48.5,-1.2,15.4,2.0,12.7,-0.8,0.0,3.5,11.5,3.0,4.2,2.0,0.6,0.1,0.0,0.1,1.6,36.0,4.2,92.0,0.7,16.0,2.0,44.0,0.2,5.0,0.4,9.0,0.0,0.6,1.1,1.2,1.3,-0.8,39.1,36.4,55.6,niccolo-mannion,,
6526.0,Nick Calathes,Partizan Mozzart Bet Belgrade,PG,2025.0,31.0,108.3,111.2,4.3,29.0,43.0,56.0,44.0,1.9,2.8,0.5,40.0,14.6,4.2,15.0,1.5,23.0,0.4,3.0,1.1,0.1,16.3,116.4,116.2,3.42,49.0,2.0,13.0,0.9,2.5,0.1,0.2,0.2,558.0,548.0,55.9,2.5,56.8,0.5,382.0,354.0,40.6,3.0,39.2,-4.0,32.2,-2.3,35.3,-1.6,27.0,3.3,25.8,-2.2,116.4,116.4,1.4,1.4,115.0,68.9,-0.8,31.3,4.9,24.7,-1.3,-101.0,-8.1,-3.0,108.3,108.3,-1.6,-1.6,109.9,29.8,2.6,1151.0,1252.0,46.0,46.0,47.0,1063.0,49.0,0.8,15.9,0.7,14.5,-1.1,0.0,6.3,19.2,5.0,4.3,4.2,2.5,0.9,0.1,0.1,1.7,54.0,4.7,145.0,0.5,17.0,1.9,58.0,0.3,9.0,0.5,16.0,0.4,2.0,1.5,2.4,1.1,-3.3,37.2,29.3,56.3,nick-calathes,,
24628.0,Nick Weiler-Babb,Anadolu Efes Istanbul,SG,2025.0,37.0,112.8,119.4,7.7,37.0,48.0,75.0,56.0,3.8,2.2,1.8,63.1,19.3,4.8,12.0,1.6,19.0,0.8,3.0,2.2,0.1,15.0,114.9,114.3,5.08,51.0,2.6,12.0,1.2,2.4,0.1,0.1,0.2,941.0,914.0,53.8,-1.8,56.3,3.0,656.0,664.0,41.1,-3.0,42.1,1.2,37.7,6.8,34.9,-3.9,26.3,3.0,27.5,-1.6,114.9,114.9,-6.7,-6.7,121.6,69.4,6.6,28.6,-0.9,27.4,-1.0,-25.0,-2.1,12.4,112.8,112.8,5.6,5.6,107.1,27.1,-4.3,2104.0,2129.0,70.0,70.0,70.0,1866.0,47.9,0.7,15.0,-1.7,15.1,-0.1,0.0,11.3,28.8,36.0,7.7,4.8,3.4,1.2,0.1,0.1,2.5,92.0,6.1,225.0,1.4,52.0,3.8,142.0,1.3,49.0,1.8,65.0,0.8,2.6,1.6,2.7,2.2,-1.3,40.9,36.6,75.4,nick-weiler-babb,10.0,94.0
35207.0,Nicola Akele,Virtus Segafredo Bologna,PF,2025.0,27.0,107.9,126.7,2.5,33.0,66.0,50.0,63.0,0.2,1.6,0.2,12.0,4.1,0.7,4.0,0.3,13.0,0.7,8.0,0.4,0.0,11.3,114.4,116.7,1.66,46.0,1.3,15.0,0.2,1.2,0.1,0.4,0.1,237.0,240.0,52.3,-3.2,48.3,-10.2,178.0,189.0,42.9,2.1,44.1,-1.5,33.7,-1.0,40.7,4.6,25.8,-1.5,27.8,-1.4,114.4,114.4,-5.5,-5.5,119.9,65.8,-2.0,28.4,0.7,25.7,-3.1,-48.0,-6.5,-0.6,107.9,107.9,-6.1,-6.1,113.9,28.5,-3.8,508.0,556.0,24.0,24.0,25.0,471.0,47.4,-2.6,14.9,-1.3,14.4,0.4,0.0,3.4,10.0,8.0,2.6,0.6,2.1,0.2,0.1,0.0,1.2,31.0,1.9,50.0,0.1,2.0,0.2,6.0,0.1,3.0,0.2,6.0,0.7,1.3,0.3,1.5,0.4,-1.8,62.0,33.3,50.0,nicola-akele,4.0,337.0
16024.0,Nicolas Laprovittola,FC Barcelona,PG,2025.0,20.0,121.7,115.9,8.0,35.0,59.0,92.0,59.0,4.4,1.9,1.3,70.4,16.9,3.9,17.0,2.1,23.0,0.2,1.0,2.0,0.3,25.5,125.6,125.6,2.64,45.0,1.0,8.0,0.7,2.4,0.0,,0.1,292.0,302.0,58.6,3.9,57.0,-0.8,230.0,186.0,44.1,5.9,38.1,1.6,40.9,5.6,40.3,3.4,28.4,3.7,25.7,0.5,125.6,125.6,10.0,10.0,115.6,63.1,-6.2,32.4,6.9,30.1,3.8,0.0,-3.9,-3.5,121.7,121.7,6.5,6.5,115.2,32.7,1.3,736.0,736.0,42.0,42.0,40.0,605.0,47.7,-1.7,15.8,1.9,15.3,-0.9,0.0,7.7,16.8,2.0,8.0,3.9,1.1,0.7,0.0,0.3,2.7,53.0,6.3,125.0,1.6,31.0,4.4,88.0,1.2,23.0,1.3,25.0,0.2,1.0,2.1,2.4,2.0,-0.8,42.4,35.2,92.0,nicolas-laprovittola,,
7240.0,Nicolo Melli,Fenerbahce Beko Istanbul,PF,2025.0,35.0,114.7,113.7,7.2,42.0,53.0,55.0,59.0,3.1,2.7,0.8,53.2,10.8,1.6,5.0,1.3,18.0,1.5,8.0,2.1,0.1,15.4,104.7,101.0,5.26,62.0,4.2,19.0,0.8,1.8,0.5,1.2,0.2,738.0,778.0,55.3,3.2,48.5,-7.3,523.0,521.0,41.5,-0.6,40.1,2.7,38.6,4.5,30.1,-3.7,25.2,4.1,21.5,-1.8,104.7,104.7,-12.8,-12.8,117.5,67.8,-2.2,29.4,-4.7,27.5,-1.3,141.0,10.0,14.6,114.7,114.7,1.8,1.8,112.9,33.2,0.6,1692.0,1551.0,59.0,59.0,58.0,1475.0,51.6,0.4,17.0,2.0,14.5,1.4,0.0,11.0,23.7,26.0,7.2,1.6,5.6,0.8,0.5,0.1,2.7,95.0,5.7,201.0,1.3,45.0,3.1,107.0,0.5,16.0,0.8,29.0,1.5,4.2,1.3,2.7,2.1,3.1,47.3,42.1,55.2,nicolo-melli,8.2,173.0
14073.0,Niels Giffey,FC Bayern Munich,SF,2025.0,32.0,112.2,117.4,4.6,35.0,55.0,85.0,57.0,1.7,1.9,0.8,47.8,6.4,0.8,4.0,0.5,11.0,0.6,5.0,0.8,0.1,16.3,119.6,121.1,2.18,46.0,0.8,8.0,0.4,1.9,0.0,0.1,0.2,396.0,359.0,55.3,1.3,53.2,-5.2,292.0,284.0,42.4,1.2,44.2,1.4,33.6,-2.9,42.6,9.4,25.7,-1.1,27.6,0.1,119.6,119.6,4.6,4.6,115.0,64.5,-3.2,32.2,4.0,24.1,-2.5,-50.0,-7.4,-3.7,112.2,112.2,0.9,0.9,111.2,34.0,4.7,848.0,898.0,33.0,33.0,33.0,756.0,48.7,0.4,15.0,-1.0,16.3,0.8,0.0,3.8,13.2,2.0,4.6,0.8,1.4,0.4,0.0,0.1,1.6,52.0,3.6,115.0,0.6,19.0,1.7,55.0,0.7,23.0,0.8,27.0,0.6,0.8,0.5,1.6,0.8,-1.6,45.2,34.5,85.2,niels-giffey,4.4,309.0
22353.0,Nigel Hayes-Davis,Panathinaikos AKTOR Athens,PF,2025.0,16.0,120.3,115.3,14.1,34.0,51.0,86.0,56.0,5.5,6.1,2.8,47.6,18.9,1.9,5.0,0.9,6.0,1.4,6.0,2.2,0.2,22.7,116.2,119.2,4.38,42.0,2.0,9.0,1.1,2.2,0.3,0.5,0.2,460.0,411.0,56.5,-2.5,59.4,2.8,306.0,296.0,39.9,5.6,41.9,-9.7,35.0,-7.2,34.1,-2.6,24.9,-4.7,26.9,-2.7,116.2,116.2,-10.9,-10.9,127.1,68.8,7.4,26.8,1.2,25.3,-4.2,27.0,4.1,0.7,120.3,120.3,-10.1,-10.1,130.4,31.2,-3.2,995.0,968.0,71.0,71.0,71.0,827.0,49.0,-0.4,11.8,-1.5,14.7,2.9,0.0,13.6,28.6,12.0,14.1,1.9,3.4,1.1,0.3,0.2,4.9,79.0,11.6,185.0,1.9,30.0,5.5,88.0,2.4,38.0,2.8,44.0,1.4,2.0,0.9,2.1,2.2,1.8,42.7,34.1,86.4,nigel-hayes-davis,13.4,26.0
21320.0,Nigel Williams-Goss,Zalgiris Kaunas,PG,2025.0,31.0,113.1,120.2,11.5,38.0,49.0,79.0,54.0,2.5,7.3,2.0,25.7,20.3,3.8,12.0,1.5,12.0,0.4,2.0,2.0,0.5,24.3,113.7,115.8,3.89,45.0,2.0,10.0,0.9,2.2,0.1,0.2,0.1,784.0,779.0,52.9,-3.5,52.9,-0.8,395.0,418.0,33.5,-10.3,34.9,1.3,34.4,-8.6,37.8,3.3,25.8,-2.8,23.9,-1.3,113.7,113.7,-2.1,-2.1,115.8,68.2,3.3,26.5,-2.2,28.3,0.5,-17.0,-0.6,-12.8,113.1,113.1,-15.0,-15.0,128.1,32.2,-4.4,1503.0,1520.0,59.0,59.0,60.0,1329.0,49.9,-1.0,13.5,-0.4,14.0,0.8,0.0,11.6,24.1,29.0,11.5,3.8,2.4,0.9,0.1,0.5,4.5,140.0,9.8,304.0,1.0,30.0,2.5,78.0,1.5,48.0,2.0,61.0,0.4,2.0,1.5,2.2,2.0,-0.7,46.1,38.5,78.7,nigel-williams-goss,9.7,107.0
,Nikola Djurisic,Crvena Zvezda,G,,,,,,,,,,,,,,,,,,,,,,,,,,,,,,,,,,,,,,,,,,,,,,,,,,,,,,,,,,,,,,,,,,,,,,,,,,,,,,,,,,,,,,,,,,,,,,,,,,,,,,,,,,,,,,,,,,,,,,,,4.8,286.0
14047.0,Nikola Kalinic,Crvena Zvezda Meridianbet Belgrade,SF,2025.0,39.0,114.7,111.3,5.8,40.0,50.0,67.0,57.0,2.3,2.2,1.3,51.1,9.9,1.8,5.0,1.5,22.0,1.1,5.0,1.6,0.2,13.2,115.5,117.0,3.99,47.0,2.4,12.0,0.5,1.2,0.3,0.6,0.2,875.0,808.0,55.8,0.1,56.1,-1.0,548.0,622.0,38.5,-1.8,43.5,-2.6,34.3,-1.7,35.0,-1.0,27.0,0.5,25.2,-2.6,115.5,115.5,1.0,1.0,114.5,69.4,-0.3,29.2,3.1,29.3,1.9,-24.0,-0.8,-3.8,114.7,114.7,-2.8,-2.8,117.5,37.5,-0.1,1885.0,1909.0,56.0,56.0,57.0,1644.0,53.7,0.5,16.0,0.5,14.3,-2.0,0.0,6.7,23.2,25.0,5.8,1.8,3.5,0.5,0.3,0.2,2.0,79.0,4.5,176.0,0.9,36.0,2.3,90.0,0.8,33.0,1.3,49.0,1.1,2.4,1.5,2.6,1.6,-0.3,44.9,40.0,67.3,nikola-kalinic,,
39343.0,Nikola Kusturica,FC Barcelona,SF,2025.0,1.0,0.0,0.0,0.0,,0.0,,0.0,0.0,1.0,0.0,0.0,0.0,0.0,0.0,0.0,0.0,0.0,,0.0,1.0,50.0,200.0,200.0,0.0,0.0,0.0,,0.0,0.0,0.0,,0.0,1.0,2.0,0.0,-61.5,100.0,52.4,1.0,0.0,50.0,12.9,0.0,-34.4,0.0,-30.4,,,0.0,-25.7,0.0,-17.1,200.0,200.0,107.1,107.1,92.9,,,50.0,24.3,0.0,-30.6,-4.0,-200.0,-225.2,0.0,0.0,-118.1,-118.1,118.1,0.0,-36.7,0.0,4.0,3.0,3.0,3.0,2.0,0.0,-55.6,0.0,-15.7,0.0,-15.7,0.0,-1.8,1.1,0.0,0.0,0.0,0.0,0.0,0.0,1.0,0.0,0.0,1.0,1.0,0.0,0.0,0.0,0.0,0.0,0.0,0.0,0.0,0.0,0.0,0.0,0.0,0.0,-4.0,0.0,0.0,0.0,nikola-kusturica,,
12245.0,Nikola Milutinov,Olympiacos Piraeus,C,2025.0,40.0,122.3,149.4,10.2,0.0,68.0,78.0,72.0,0.1,5.2,4.0,1.4,13.6,1.4,4.0,0.7,9.0,3.2,17.0,3.8,0.3,16.7,112.0,110.8,4.32,55.0,4.0,21.0,0.6,1.5,0.6,1.5,0.0,769.0,785.0,58.1,-4.4,55.3,0.2,611.0,633.0,44.3,-0.5,44.6,-0.3,36.3,-0.8,35.2,1.1,28.5,-2.0,27.3,1.7,112.0,112.0,0.4,0.4,111.6,72.3,2.8,20.8,-8.3,29.8,-1.4,184.0,10.3,-3.7,122.3,122.3,-3.2,-3.2,125.5,36.2,2.2,1939.0,1755.0,54.0,54.0,53.0,1586.0,54.6,1.7,14.6,-0.1,14.1,-1.4,0.0,20.9,21.5,40.0,10.2,1.4,7.2,0.6,0.6,0.3,3.5,141.0,5.3,211.0,0.0,0.0,0.1,3.0,3.1,125.0,4.0,160.0,3.2,4.0,0.7,0.6,3.8,4.2,66.8,0.0,78.1,nikola-milutinov,15.3,6.0
6345.0,Nikola Mirotic,AS Monaco,PF,2025.0,31.0,124.6,130.6,11.0,39.0,57.0,82.0,63.0,3.8,3.6,3.1,51.3,14.4,1.4,5.0,0.7,8.0,1.0,6.0,2.6,0.2,23.2,114.1,112.4,3.87,54.0,3.3,19.0,0.7,2.0,0.3,0.9,0.1,600.0,570.0,55.5,-0.7,52.3,-4.1,379.0,395.0,38.7,2.0,40.9,0.8,41.4,9.7,37.2,0.2,28.7,1.7,25.2,1.1,114.1,114.1,-2.2,-2.2,116.3,66.5,-0.8,28.5,2.5,28.6,-2.1,122.0,10.5,10.1,124.6,124.6,7.9,7.9,116.7,31.0,0.7,1377.0,1255.0,47.0,47.0,47.0,1105.0,49.3,0.6,12.2,-0.3,15.5,0.2,0.0,13.5,19.0,8.0,11.0,1.4,4.3,0.7,0.3,0.2,3.5,109.0,7.4,228.0,1.5,46.0,3.8,117.0,2.5,78.0,3.1,95.0,1.0,3.3,0.7,2.4,2.6,4.0,47.8,39.3,82.1,nikola-mirotic,,
,Nikola Tanaskovic,Partizan,C,,,,,,,,,,,,,,,,,,,,,,,,,,,,,,,,,,,,,,,,,,,,,,,,,,,,,,,,,,,,,,,,,,,,,,,,,,,,,,,,,,,,,,,,,,,,,,,,,,,,,,,,,,,,,,,,,,,,,,,,7.8,189.0
,Nikolaos Plotas,Olympiacos,G,,,,,,,,,,,,,,,,,,,,,,,,,,,,,,,,,,,,,,,,,,,,,,,,,,,,,,,,,,,,,,,,,,,,,,,,,,,,,,,,,,,,,,,,,,,,,,,,,,,,,,,,,,,,,,,,,,,,,,,,4.4,310.0
24143.0,Nikos Rogkavopoulos,Panathinaikos AKTOR Athens,SF,2025.0,34.0,120.1,117.5,5.6,32.0,63.0,89.0,59.0,2.4,2.0,0.8,54.4,6.7,0.5,3.0,0.3,6.0,0.6,6.0,0.6,0.2,19.6,112.2,116.2,1.91,44.0,1.4,13.0,0.2,0.9,0.1,0.4,0.1,448.0,380.0,54.0,-3.0,53.2,-4.5,268.0,283.0,37.4,-0.6,42.7,-2.4,34.7,0.1,33.6,0.2,26.6,1.7,25.1,-1.9,112.2,112.2,-2.9,-2.9,115.1,64.4,-1.5,26.0,-1.6,27.6,-0.4,59.0,7.9,6.2,120.1,120.1,3.3,3.3,116.8,33.8,3.1,897.0,838.0,30.0,30.0,30.0,747.0,48.6,-0.2,10.6,-4.1,15.8,0.8,0.0,5.0,12.3,8.0,5.6,0.5,2.0,0.2,0.1,0.2,2.0,69.0,4.4,149.0,0.8,26.0,2.4,81.0,0.7,25.0,0.8,28.0,0.6,1.4,0.3,1.4,0.6,1.9,46.3,32.1,89.3,nikolaos-rogkavopoulos,4.5,302.0
,Nobel Boungou-Colo,Paris,F,,,,,,,,,,,,,,,,,,,,,,,,,,,,,,,,,,,,,,,,,,,,,,,,,,,,,,,,,,,,,,,,,,,,,,,,,,,,,,,,,,,,,,,,,,,,,,,,,,,,,,,,,,,,,,,,,,,,,,,,5.7,258.0
19539.0,Ognjen Dobric,Crvena Zvezda Meridianbet Belgrade,SG,2025.0,25.0,116.7,131.1,5.0,45.0,46.0,100.0,61.0,2.5,1.4,0.3,63.9,5.6,0.3,2.0,0.2,5.0,0.8,6.0,0.8,0.1,15.1,113.9,114.1,2.34,50.0,1.0,9.0,0.4,1.7,0.0,,0.1,316.0,293.0,52.8,-3.2,55.3,-1.7,219.0,217.0,40.9,2.9,42.5,-2.8,34.7,-1.8,34.1,-1.3,28.0,0.8,24.2,-2.8,113.9,113.9,-1.7,-1.7,115.6,65.4,-6.5,27.8,-0.1,29.1,0.8,14.0,2.8,-0.9,116.7,116.7,-2.6,-2.6,119.2,39.5,1.3,686.0,672.0,31.0,31.0,31.0,588.0,52.2,-2.8,13.8,-1.5,15.8,1.7,0.0,4.9,12.5,9.0,5.0,0.3,1.8,0.4,0.0,0.1,1.8,44.0,3.9,97.0,1.1,28.0,2.5,62.0,0.3,8.0,0.3,8.0,0.8,1.0,0.2,1.3,0.8,1.4,45.4,45.2,100.0,ognjen-dobric,5.0,277.0
36031.0,Ognjen Radosic,Crvena Zvezda Meridianbet Belgrade,SG,2025.0,1.0,0.0,,0.0,,,,,0.0,0.0,0.0,,0.0,0.0,0.0,0.0,,0.0,,0.0,0.0,0.0,0.0,,0.2,50.0,0.0,,0.0,0.0,0.0,,0.0,0.0,0.0,,,,,2.0,0.0,100.0,73.0,,,0.0,-35.3,,,0.0,-28.4,,,0.0,0.0,-137.3,-137.3,137.3,,,0.0,-31.3,0.0,-23.9,0.0,0.0,14.9,0.0,0.0,-122.4,-122.4,122.4,0.0,-32.3,0.0,0.0,3.0,3.0,3.0,2.0,0.0,-49.2,0.0,-13.0,100.0,85.7,0.0,0.0,0.9,0.0,0.0,0.0,0.0,0.0,0.0,0.0,0.0,0.0,0.0,0.0,0.0,0.0,0.0,0.0,0.0,0.0,0.0,0.0,0.0,0.0,0.0,0.0,0.0,-10.0,0.0,0.0,0.0,ognjen-radosic,,
,Olivier Nkamboua,Barcelona,F,,,,,,,,,,,,,,,,,,,,,,,,,,,,,,,,,,,,,,,,,,,,,,,,,,,,,,,,,,,,,,,,,,,,,,,,,,,,,,,,,,,,,,,,,,,,,,,,,,,,,,,,,,,,,,,,,,,,,,,,7.8,190.0
,Olivier Sarr,Real Madrid,C,,,,,,,,,,,,,,,,,,,,,,,,,,,,,,,,,,,,,,,,,,,,,,,,,,,,,,,,,,,,,,,,,,,,,,,,,,,,,,,,,,,,,,,,,,,,,,,,,,,,,,,,,,,,,,,,,,,,,,,,9.1,129.0
38538.0,Omari Moore,Valencia Basket,"SG,PG",2025.0,43.0,114.4,124.0,7.5,32.0,52.0,73.0,54.0,2.3,4.0,1.7,36.3,14.6,2.9,11.0,1.4,17.0,0.7,5.0,1.5,0.4,21.6,112.6,116.8,2.73,42.0,1.3,9.0,0.5,1.6,0.1,0.2,0.1,706.0,690.0,57.4,-0.1,55.8,2.3,558.0,501.0,44.1,-4.4,42.1,0.5,32.6,-5.9,36.3,2.4,27.4,0.0,26.7,1.4,112.6,112.6,-2.5,-2.5,115.1,71.7,5.0,25.7,-2.3,27.0,0.2,52.0,1.8,-5.1,114.4,114.4,-7.6,-7.6,122.0,36.6,2.9,1626.0,1574.0,43.0,43.0,43.0,1421.0,53.3,3.0,14.9,1.6,15.8,1.5,0.0,8.3,17.3,16.0,7.5,2.9,2.1,0.5,0.1,0.4,2.8,119.0,6.2,267.0,0.7,31.0,2.3,97.0,1.3,54.0,1.7,74.0,0.7,1.3,1.4,1.1,1.5,0.4,44.6,32.0,73.0,omari-moore,8.5,161.0
17649.0,Omer Yurtseven,Panathinaikos AKTOR Athens,C,2025.0,19.0,115.0,123.8,6.3,,64.0,81.0,68.0,0.0,3.9,1.6,0.0,7.8,0.6,3.0,0.7,14.0,1.3,12.0,1.5,0.1,20.4,110.4,106.2,2.88,61.0,2.2,19.0,0.4,1.8,0.6,2.7,0.2,249.0,221.0,55.8,2.7,55.7,-2.5,133.0,169.0,34.8,-1.8,43.3,-0.2,35.3,3.9,32.5,-5.3,28.2,5.1,26.1,-1.4,110.4,110.4,-7.3,-7.3,117.7,67.9,-0.1,28.0,1.9,29.9,1.6,10.0,4.5,9.2,115.0,115.0,1.9,1.9,113.1,28.2,-4.0,507.0,497.0,31.0,31.0,32.0,441.0,48.5,-0.9,13.2,-0.9,14.5,-1.5,,,,,,,,,,,,,,,,,,,,,,,,,,,,,,,,,,
37246.0,Omiros Netzipoglou,Olympiacos Piraeus,SG,2025.0,4.0,115.4,89.6,0.5,0.0,25.0,,20.0,0.3,1.0,0.0,20.0,0.5,0.0,0.0,0.0,0.0,0.5,18.0,0.0,0.0,16.7,110.7,117.4,0.49,35.0,0.0,,0.0,0.0,0.0,,0.1,16.0,12.0,62.5,-0.1,58.3,6.6,6.0,8.0,27.3,-17.1,40.0,0.2,16.7,-25.2,37.5,4.2,33.3,5.9,26.9,2.0,110.7,110.7,5.4,5.4,105.3,90.0,18.5,39.3,17.0,34.6,1.2,-1.0,4.7,-21.6,115.4,115.4,-16.2,-16.2,131.6,36.4,1.3,30.0,31.0,9.0,9.0,10.0,26.0,61.9,6.9,10.0,-4.4,10.3,-3.8,,,,,,,,,,,,,,,,,,,,,,,,,,,,,,,,,4.0,338.0
21014.0,Onuralp Bitim,Fenerbahce Beko Istanbul,SG,2025.0,29.0,116.2,111.2,2.7,36.0,68.0,54.0,60.0,1.1,0.9,0.4,56.9,3.3,0.3,2.0,0.4,15.0,0.2,3.0,0.7,0.0,12.5,111.6,109.3,2.29,57.0,1.1,11.0,0.4,1.9,0.2,1.2,0.2,239.0,319.0,56.5,4.1,50.2,-3.3,185.0,206.0,43.6,0.3,39.2,1.5,40.0,6.6,32.0,0.5,24.9,2.3,20.7,-4.0,111.6,111.6,1.7,1.7,109.9,66.6,-2.9,31.4,0.7,28.6,0.7,-37.0,4.6,5.7,116.2,116.2,7.4,7.4,108.8,32.0,-0.5,617.0,654.0,25.0,25.0,28.0,531.0,52.0,1.7,18.6,2.3,12.7,-2.4,0.0,2.6,10.6,0.0,2.7,0.3,1.3,0.4,0.2,0.0,1.0,29.0,2.0,58.0,0.4,12.0,1.1,33.0,0.2,7.0,0.4,13.0,0.2,1.1,0.4,1.5,0.7,0.4,50.0,36.4,53.8,onuralp-bitim,5.0,278.0
35182.0,Oscar da Silva,FC Bayern Munich,PF,2025.0,35.0,114.5,139.4,6.2,19.0,64.0,92.0,65.0,0.5,3.9,1.0,10.6,8.2,0.9,4.0,0.8,14.0,1.7,12.0,1.0,0.5,16.3,110.4,110.7,2.99,52.0,1.9,14.0,0.5,1.9,0.3,1.2,0.2,541.0,490.0,54.9,0.7,56.3,-1.2,357.0,369.0,39.8,-5.4,43.0,-1.0,34.5,-1.7,33.6,-4.3,25.6,-1.6,26.4,-0.8,110.4,110.4,-9.7,-9.7,120.1,69.1,1.4,29.2,-1.0,26.6,0.7,44.0,4.1,14.9,114.5,114.5,5.3,5.3,109.3,34.0,6.2,1159.0,1115.0,40.0,40.0,40.0,1012.0,51.3,3.9,15.8,0.0,16.8,1.9,0.0,8.1,15.9,17.0,6.2,0.9,3.6,0.5,0.3,0.5,2.6,90.0,4.3,151.0,0.1,3.0,0.5,16.0,0.9,33.0,1.0,36.0,1.7,1.9,0.8,1.7,1.0,1.1,59.6,18.8,91.7,oscar-da-silva,7.3,208.0
23518.0,Oshae Brissett,Maccabi Playtika Tel Aviv,SF,2025.0,36.0,115.3,119.0,8.7,32.0,52.0,82.0,57.0,2.8,3.6,2.8,43.7,10.7,0.8,2.0,0.9,10.0,1.8,8.0,2.5,0.0,15.7,123.7,121.7,4.83,51.0,3.3,16.0,0.9,1.9,0.3,0.6,0.3,833.0,824.0,53.4,0.0,60.0,0.6,627.0,650.0,42.9,1.3,44.1,-1.1,34.4,-3.1,36.0,1.6,25.4,-0.4,29.5,3.0,123.7,123.7,5.3,5.3,118.4,64.9,0.2,27.5,-1.2,28.6,-0.4,-149.0,-8.4,-12.4,115.3,115.3,-7.0,-7.0,122.3,31.8,-7.2,1958.0,2107.0,62.0,62.0,62.0,1698.0,47.8,-3.6,14.2,0.8,14.2,-1.2,0.0,11.0,24.6,20.0,8.7,0.8,5.1,0.9,0.3,0.0,2.8,99.0,6.4,229.0,0.9,32.0,2.8,100.0,2.3,84.0,2.8,102.0,1.8,3.3,0.9,2.8,2.5,-3.9,43.2,32.0,82.4,oshae-j-brissett,10.2,83.0
35352.0,Ousmane Diop,EA7 Emporio Armani Milan,PF,2025.0,2.0,79.2,86.0,1.0,,0.0,100.0,50.0,0.0,0.5,1.0,0.0,1.5,0.5,6.0,0.0,0.0,0.0,,1.0,0.0,8.0,117.4,107.2,1.68,73.0,1.0,13.0,0.0,0.0,0.5,3.8,0.0,9.0,10.0,44.4,2.2,30.0,-19.2,4.0,13.0,30.8,-2.9,56.5,13.8,0.0,-41.7,38.5,8.9,15.8,-6.8,11.5,-15.0,117.4,117.4,13.8,13.8,103.6,56.3,-14.7,21.7,-3.5,33.3,7.2,-8.0,-38.2,-45.4,79.2,79.2,-31.6,-31.6,110.8,11.1,-25.0,19.0,27.0,18.0,18.0,17.0,24.0,40.0,-13.7,24.0,10.5,13.3,0.9,0.0,3.3,6.7,0.0,1.0,0.5,1.0,0.0,0.5,0.0,0.0,0.0,0.5,1.0,0.0,0.0,0.0,0.0,1.0,2.0,1.0,2.0,0.0,1.0,0.0,0.5,1.0,-3.5,0.0,0.0,100.0,ousmane-diop,4.0,339.0
,Oz Blayzer,Hapoel Tel Aviv,F,,,,,,,,,,,,,,,,,,,,,,,,,,,,,,,,,,,,,,,,,,,,,,,,,,,,,,,,,,,,,,,,,,,,,,,,,,,,,,,,,,,,,,,,,,,,,,,,,,,,,,,,,,,,,,,,,,,,,,,,4.0,340.0
21746.0,P.J. Dozier,Anadolu Efes Istanbul,SG,2025.0,26.0,106.8,97.3,9.7,34.0,40.0,71.0,46.0,3.7,6.0,1.6,37.7,15.7,2.5,9.0,1.6,13.0,0.6,3.0,2.3,0.5,27.3,119.4,118.1,4.01,52.0,1.8,11.0,1.0,2.7,0.2,0.4,0.2,537.0,476.0,49.3,-11.2,53.6,0.3,354.0,361.0,39.7,-6.2,43.1,2.2,35.6,-0.6,42.7,10.1,23.6,-5.2,28.5,2.7,119.4,119.4,8.0,8.0,111.4,67.4,1.4,28.3,-0.9,24.4,-6.2,-128.0,-12.6,-16.7,106.8,106.8,-8.7,-8.7,115.5,28.4,4.2,1071.0,1199.0,53.0,53.0,53.0,1003.0,46.6,0.4,14.2,-1.6,16.1,-0.2,0.0,7.4,21.9,16.0,9.7,2.5,2.4,1.0,0.2,0.5,3.7,95.0,9.7,252.0,1.2,32.0,3.7,95.0,1.2,30.0,1.6,42.0,0.6,1.8,1.6,2.4,2.3,-4.6,37.7,33.7,71.4,pj-dozier,7.7,193.0
21239.0,Panagiotis Kalaitzakis,Panathinaikos AKTOR Athens,SF,2025.0,26.0,117.6,120.4,1.0,23.0,67.0,33.0,50.0,0.5,0.5,0.1,52.0,1.8,0.3,4.0,0.1,10.0,0.1,2.0,0.3,0.0,11.8,114.8,116.5,1.04,48.0,0.5,11.0,0.2,2.1,0.0,,0.1,112.0,131.0,57.1,-0.2,56.5,-0.1,76.0,112.0,40.4,4.1,46.1,2.2,32.9,-3.1,36.6,1.6,25.0,-1.8,25.3,-1.8,114.8,114.8,-1.5,-1.5,116.3,63.8,-3.2,25.4,-0.6,29.6,1.5,-71.0,2.8,-2.6,117.6,117.6,-4.1,-4.1,121.7,30.3,-1.8,254.0,325.0,11.0,11.0,15.0,216.0,49.1,-0.3,13.8,1.6,17.0,2.5,0.0,1.1,5.1,3.0,1.0,0.3,0.6,0.2,0.0,0.0,0.4,11.0,1.0,25.0,0.1,3.0,0.5,13.0,0.0,1.0,0.1,3.0,0.1,0.5,0.1,0.7,0.3,0.1,44.0,23.1,33.3,panagiotis-kalaitzakis,4.0,341.0
,Patrick Baldwin Jr.,Crvena Zvezda,C,,,,,,,,,,,,,,,,,,,,,,,,,,,,,,,,,,,,,,,,,,,,,,,,,,,,,,,,,,,,,,,,,,,,,,,,,,,,,,,,,,,,,,,,,,,,,,,,,,,,,,,,,,,,,,,,,,,,,,,,10.6,69.0
,Patty Mills,ASVEL,G,,,,,,,,,,,,,,,,,,,,,,,,,,,,,,,,,,,,,,,,,,,,,,,,,,,,,,,,,,,,,,,,,,,,,,,,,,,,,,,,,,,,,,,,,,,,,,,,,,,,,,,,,,,,,,,,,,,,,,,,12.3,42.0
37492.0,Paul Eboua,LDLC ASVEL Villeurbanne,PF,2025.0,18.0,109.6,116.8,7.6,40.0,54.0,65.0,59.0,2.6,2.7,2.4,49.5,8.5,0.3,1.0,0.8,11.0,1.6,9.0,2.6,0.4,18.8,123.0,124.5,2.95,44.0,2.7,19.0,0.1,0.3,0.2,0.5,0.3,298.0,308.0,52.0,0.9,61.4,2.0,240.0,185.0,44.6,0.6,37.5,0.3,34.6,1.4,37.8,5.4,24.0,-2.8,26.6,-2.3,123.0,123.0,10.2,10.2,112.7,70.3,0.0,32.3,3.1,25.9,-0.4,-85.0,-13.4,-6.4,109.6,109.6,3.8,3.8,105.8,27.5,-3.4,665.0,750.0,46.0,46.0,47.0,607.0,46.9,-1.8,13.3,-2.2,15.0,-1.1,0.0,7.4,18.7,12.0,7.4,0.3,4.2,0.1,0.2,0.4,2.4,41.0,5.1,87.0,1.1,18.0,2.6,44.0,1.5,26.0,2.4,41.0,1.5,2.7,0.8,2.7,2.6,-4.3,47.1,40.9,63.4,paul-eboua,,
36948.0,Quinn Ellis,EA7 Emporio Armani Milan,"SG,PG",2025.0,36.0,120.6,125.8,8.2,38.0,54.0,82.0,59.0,1.7,4.4,2.0,28.0,19.1,4.5,12.0,1.7,20.0,0.9,4.0,2.4,0.2,16.8,121.8,123.6,3.91,43.0,2.0,9.0,0.8,1.7,0.1,0.2,0.1,826.0,927.0,55.7,2.4,55.0,-1.4,580.0,564.0,41.3,-3.0,37.8,-2.4,39.8,2.6,38.7,3.2,26.9,0.9,23.4,-3.3,121.8,121.8,1.9,1.9,120.0,67.5,-0.9,25.7,-4.3,29.1,-0.4,-19.0,-1.2,1.7,120.6,120.6,3.5,3.5,117.0,29.5,-2.4,1969.0,1988.0,63.0,63.0,62.0,1633.0,49.0,-1.0,14.0,0.0,12.2,-0.7,0.0,11.8,25.4,31.0,8.2,4.5,2.9,0.8,0.1,0.2,3.0,107.0,6.1,218.0,0.6,23.0,1.7,61.0,1.6,59.0,2.0,72.0,0.9,2.0,1.7,2.3,2.4,-0.8,49.1,37.7,81.9,quinn-ellis,,
,RJ Cole,Milano,G,,,,,,,,,,,,,,,,,,,,,,,,,,,,,,,,,,,,,,,,,,,,,,,,,,,,,,,,,,,,,,,,,,,,,,,,,,,,,,,,,,,,,,,,,,,,,,,,,,,,,,,,,,,,,,,,,,,,,,,,8.5,162.0
35185.0,Rafa Villar,Kosner Baskonia Vitoria-Gasteiz,PG,2025.0,27.0,112.1,132.4,0.7,0.0,67.0,100.0,53.0,0.2,0.4,0.1,29.4,2.0,0.6,5.0,0.1,14.0,0.1,3.0,0.4,0.0,6.2,114.2,114.7,1.16,51.0,0.4,8.0,0.3,2.3,0.0,0.3,0.0,157.0,170.0,60.5,0.9,55.3,1.8,103.0,111.0,39.6,-6.1,39.5,1.2,27.2,-6.9,36.0,-3.9,25.7,-0.4,23.5,0.0,114.2,114.2,-7.1,-7.1,121.4,68.9,3.1,27.5,-0.8,29.5,1.9,-19.0,-2.2,3.9,112.1,112.1,-3.2,-3.2,115.3,28.9,-0.1,334.0,353.0,15.0,15.0,15.0,298.0,49.3,1.9,13.9,-2.1,14.9,0.6,0.0,1.0,6.2,14.0,0.7,0.6,0.6,0.3,0.0,0.0,0.3,8.0,0.6,17.0,0.0,0.0,0.2,5.0,0.1,3.0,0.1,3.0,0.1,0.4,0.1,1.2,0.4,-1.0,47.1,0.0,100.0,rafa-villar,,
,Rasheed Bello,Virtus Bologna,G,,,,,,,,,,,,,,,,,,,,,,,,,,,,,,,,,,,,,,,,,,,,,,,,,,,,,,,,,,,,,,,,,,,,,,,,,,,,,,,,,,,,,,,,,,,,,,,,,,,,,,,,,,,,,,,,,,,,,,,,11.0,63.0
18834.0,Richaun Holmes,Panathinaikos AKTOR Athens,C,2025.0,19.0,120.3,131.6,7.9,,64.0,68.0,68.0,0.0,4.7,2.6,0.0,8.7,0.4,1.0,0.8,12.0,2.1,13.0,2.3,0.3,17.5,115.2,118.1,3.0,45.0,2.2,13.0,0.3,0.8,0.5,1.4,0.3,368.0,303.0,55.7,0.3,50.8,-8.2,194.0,260.0,34.5,-1.5,46.2,4.7,35.6,0.7,38.1,2.9,24.8,-1.2,28.3,1.5,115.2,115.2,0.2,0.2,115.0,68.7,2.9,27.0,0.1,31.6,4.0,32.0,5.1,5.2,120.3,120.3,5.4,5.4,114.9,30.9,-1.1,753.0,721.0,45.0,45.0,45.0,626.0,50.0,1.4,11.9,-3.5,14.0,-2.7,,,,,,,,,,,,,,,,,,,,,,,,,,,,,,,,,,
16906.0,Rodions Kurucs,Kosner Baskonia Vitoria-Gasteiz,"SF,PF",2025.0,26.0,113.8,110.9,7.5,39.0,52.0,67.0,56.0,2.4,3.6,1.4,39.7,11.2,1.5,5.0,1.6,19.0,1.5,8.0,1.8,0.4,18.3,120.0,119.9,3.71,47.0,2.2,13.0,0.9,2.3,0.0,0.1,0.1,518.0,565.0,57.9,-0.8,54.7,3.0,353.0,299.0,40.5,-1.4,34.6,-5.7,33.4,-1.6,39.1,-4.7,23.4,-4.7,22.3,-2.7,120.0,120.0,-0.5,-0.5,120.5,70.3,2.5,28.9,-1.1,27.2,-1.7,-59.0,-6.1,-4.2,113.8,113.8,-4.7,-4.7,118.6,31.6,3.8,1161.0,1220.0,52.0,52.0,52.0,1020.0,50.8,3.1,15.4,1.6,14.0,-1.2,0.0,7.4,21.2,18.0,7.5,1.5,3.7,0.9,0.0,0.4,2.8,73.0,6.0,156.0,0.9,24.0,2.4,62.0,0.9,24.0,1.4,36.0,1.5,2.2,1.6,2.7,1.8,-2.3,46.8,38.7,66.7,rodions-kurucs,6.5,236.0
6702.0,Rodrigue Beaubois,Anadolu Efes Istanbul,SG,2025.0,21.0,101.4,114.7,5.1,36.0,57.0,100.0,58.0,2.0,2.4,0.2,45.2,7.8,1.1,6.0,0.5,10.0,0.1,1.0,0.2,0.1,19.5,118.0,118.7,2.08,47.0,1.1,11.0,0.6,2.6,0.2,0.9,0.0,244.0,258.0,53.3,2.7,55.0,2.4,161.0,154.0,39.8,0.4,37.4,-3.2,31.7,-5.6,31.2,-9.1,26.4,2.1,29.8,2.6,118.0,118.0,1.1,1.1,116.9,65.3,-5.2,27.5,-2.1,22.8,-6.2,-57.0,-16.6,-12.7,101.4,101.4,-11.6,-11.6,113.0,18.6,-12.9,493.0,550.0,32.0,32.0,31.0,486.0,42.1,-8.3,15.2,0.9,14.0,-0.4,0.0,4.8,12.4,4.0,5.1,1.1,1.2,0.6,0.2,0.1,2.1,44.0,4.4,93.0,0.7,15.0,2.0,42.0,0.2,5.0,0.2,5.0,0.1,1.1,0.5,0.9,0.2,-2.5,47.3,35.7,100.0,rodrigue-beaubois,,
,Rokas Jokubaitis,Bayern Munich,G,,,,,,,,,,,,,,,,,,,,,,,,,,,,,,,,,,,,,,,,,,,,,,,,,,,,,,,,,,,,,,,,,,,,,,,,,,,,,,,,,,,,,,,,,,,,,,,,,,,,,,,,,,,,,,,,,,,,,,,,8.6,157.0
19569.0,Rolands Smits,Anadolu Efes Istanbul,PF,2025.0,35.0,109.1,111.0,6.7,33.0,62.0,73.0,59.0,2.1,2.9,1.3,41.5,8.6,0.7,3.0,0.8,12.0,0.9,6.0,1.6,0.1,16.9,119.0,121.1,2.92,43.0,2.1,14.0,0.3,1.0,0.1,0.3,0.2,585.0,583.0,52.8,-3.1,56.9,1.7,417.0,405.0,41.6,0.0,41.0,-1.8,33.8,-1.9,35.8,-0.8,24.6,-0.8,29.3,2.0,119.0,119.0,2.4,2.4,116.6,69.3,3.1,30.2,2.3,28.4,0.8,-128.0,-9.9,-4.5,109.1,109.1,-2.1,-2.1,111.1,29.1,1.1,1273.0,1401.0,46.0,46.0,47.0,1167.0,48.3,1.0,15.4,-0.8,14.5,-1.1,0.0,6.3,19.0,12.0,6.7,0.7,3.1,0.3,0.1,0.1,2.5,88.0,5.0,176.0,0.7,24.0,2.1,73.0,0.9,33.0,1.3,45.0,0.9,2.1,0.8,2.7,1.6,-2.8,50.0,32.9,73.3,rolands-smits,,
35087.0,Roman Sorkin,Maccabi Playtika Tel Aviv,C,2025.0,38.0,115.9,127.6,13.5,34.0,57.0,82.0,60.0,2.4,7.7,2.8,23.7,17.8,1.7,5.0,1.2,9.0,1.7,8.0,2.8,0.5,24.7,122.6,123.7,3.85,45.0,2.5,12.0,0.6,1.3,0.6,1.5,0.1,855.0,850.0,51.8,-4.7,59.2,-1.3,603.0,617.0,41.4,-2.3,42.1,-5.8,37.3,4.5,36.5,2.5,25.8,-0.2,29.0,1.2,122.6,122.6,2.3,2.3,120.3,67.0,4.0,26.2,-4.5,26.4,-5.4,-94.0,-6.7,-7.4,115.9,115.9,-5.1,-5.1,121.0,32.1,-5.7,1911.0,2005.0,57.0,57.0,56.0,1649.0,49.0,-0.9,14.2,1.0,13.4,-2.4,0.0,14.9,22.9,35.0,13.5,1.7,4.2,0.6,0.6,0.5,5.2,198.0,10.1,384.0,0.8,31.0,2.4,91.0,2.3,86.0,2.8,105.0,1.7,2.5,1.2,2.2,2.8,-2.8,51.6,34.1,81.9,roman-sorkin,13.4,27.0
,Ruzgar Fenemen,Anadolu Efes,G,,,,,,,,,,,,,,,,,,,,,,,,,,,,,,,,,,,,,,,,,,,,,,,,,,,,,,,,,,,,,,,,,,,,,,,,,,,,,,,,,,,,,,,,,,,,,,,,,,,,,,,,,,,,,,,,,,,,,,,,4.0,342.0
34872.0,Saben Lee,Anadolu Efes Istanbul,PG,2025.0,16.0,114.9,119.8,11.3,28.0,55.0,75.0,58.0,2.7,5.1,4.5,34.4,18.7,3.1,12.0,1.2,11.0,0.4,2.0,3.8,0.4,26.5,115.6,118.1,3.25,44.0,1.3,8.0,0.9,2.4,0.0,,0.1,263.0,282.0,60.8,12.0,53.5,-0.1,227.0,206.0,46.3,7.7,42.2,1.3,34.4,-2.9,37.9,-2.5,27.1,2.6,26.9,-2.5,115.6,115.6,-2.8,-2.8,118.4,65.3,-5.8,29.5,1.3,28.9,4.9,5.0,-0.7,13.3,114.9,114.9,10.5,10.5,104.4,24.1,-3.1,687.0,682.0,52.0,52.0,52.0,598.0,45.0,-2.9,14.5,-1.2,16.3,1.9,0.0,8.3,16.8,3.0,8.0,2.4,1.1,0.7,0.0,0.3,2.6,69.0,5.7,154.0,0.6,16.0,2.0,54.0,2.3,63.0,3.1,83.0,0.2,0.9,1.2,1.3,2.5,-1.5,44.8,29.6,75.9,saben-lee,8.6,158.0
36950.0,Saliou Niang,Virtus Segafredo Bologna,SF,2025.0,38.0,110.0,122.7,7.1,33.0,65.0,79.0,67.0,0.3,4.2,1.7,7.1,11.6,1.9,6.0,1.4,22.0,2.0,11.0,1.8,0.2,14.8,116.3,114.1,4.4,55.0,3.0,16.0,0.9,2.2,0.4,1.0,0.3,731.0,717.0,55.8,0.3,57.7,2.2,516.0,623.0,41.4,-0.3,46.5,3.1,33.1,-4.1,34.0,-5.6,28.4,1.4,28.2,0.6,116.3,116.3,-4.0,-4.0,120.3,66.6,-0.4,28.4,0.5,28.0,1.0,-136.0,-6.3,-0.4,110.0,110.0,-4.4,-4.4,114.4,34.0,5.8,1633.0,1769.0,53.0,53.0,55.0,1484.0,50.7,3.2,17.9,2.7,14.5,0.2,0.0,11.4,21.4,13.0,7.0,1.9,5.0,0.9,0.4,0.2,2.8,104.0,4.5,165.0,0.1,4.0,0.3,12.0,1.3,48.0,1.6,61.0,1.9,3.1,1.5,2.4,1.8,-2.7,63.0,33.3,78.7,saliou-niang,,
,Santi Yusta,Anadolu Efes,F,,,,,,,,,,,,,,,,,,,,,,,,,,,,,,,,,,,,,,,,,,,,,,,,,,,,,,,,,,,,,,,,,,,,,,,,,,,,,,,,,,,,,,,,,,,,,,,,,,,,,,,,,,,,,,,,,,,,,,,,8.7,154.0
38480.0,Sayon Keita,FC Barcelona,C,2025.0,6.0,111.4,95.3,2.5,,58.0,50.0,58.0,0.0,2.0,0.3,0.0,3.0,0.2,1.0,0.7,24.0,0.7,8.0,0.7,0.2,16.3,119.8,116.4,1.57,52.0,0.8,12.0,0.5,3.3,0.2,1.1,0.0,52.0,51.0,50.0,-3.2,62.7,9.2,32.0,30.0,38.1,2.2,37.0,-3.0,28.1,-5.8,30.0,-5.2,22.8,2.6,27.2,4.5,119.8,119.8,8.9,8.9,110.9,71.4,1.2,26.4,-1.5,29.5,1.2,-11.0,-8.4,-13.9,111.4,111.4,-5.1,-5.1,116.4,32.7,-0.9,98.0,109.0,19.0,19.0,20.0,88.0,50.5,-1.0,11.5,-0.8,10.7,-6.0,0.0,2.8,8.6,3.0,2.5,0.2,1.5,0.5,0.2,0.2,1.2,7.0,2.0,12.0,0.0,0.0,0.0,0.0,0.2,1.0,0.3,2.0,0.7,0.8,0.7,1.2,0.7,-1.2,58.3,0.0,50.0,sayon-keita,,
18915.0,Scottie Wilbekin,Fenerbahce Beko Istanbul,SG,2025.0,6.0,104.9,121.3,7.7,44.0,55.0,50.0,62.0,4.2,1.8,0.3,69.4,11.3,1.3,7.0,1.0,14.0,0.3,2.0,1.8,0.0,22.8,115.9,110.2,3.37,62.0,0.3,4.0,0.8,3.0,0.0,,0.3,76.0,75.0,50.0,-2.6,66.7,16.0,66.0,50.0,46.5,6.7,40.0,1.9,33.3,1.5,38.0,8.0,20.9,0.1,27.8,2.1,115.9,115.9,5.6,5.6,110.3,76.4,8.5,28.0,-5.3,32.3,5.4,-18.0,-11.0,-6.3,104.9,104.9,-0.7,-0.7,105.6,30.1,-3.7,172.0,190.0,38.0,38.0,38.0,164.0,48.6,-2.8,16.4,-1.3,18.6,5.0,,,,,,,,,,,,,,,,,,,,,,,,,,,,,,,,,7.5,201.0
35311.0,Sebastian Herrera,Paris Basketball,SG,2025.0,36.0,116.2,125.7,7.6,37.0,51.0,90.0,58.0,5.1,1.1,0.8,81.6,10.1,1.1,4.0,0.6,8.0,0.4,3.0,0.9,0.2,18.7,110.5,115.2,2.73,42.0,1.1,7.0,0.6,1.7,0.1,0.2,0.1,497.0,509.0,54.9,4.8,56.0,1.9,524.0,452.0,51.3,6.4,47.0,2.2,37.2,0.0,32.1,-6.5,24.8,4.1,26.4,-3.3,110.5,110.5,-10.1,-10.1,120.7,66.8,3.9,31.7,4.5,25.7,-1.6,64.0,5.6,11.5,116.2,116.2,1.3,1.3,114.8,32.2,-3.8,1366.0,1302.0,42.0,42.0,42.0,1176.0,49.2,0.3,15.9,1.4,17.3,2.1,0.0,5.3,16.4,12.0,7.6,1.1,1.5,0.6,0.1,0.2,2.5,89.0,6.2,223.0,1.9,68.0,5.1,182.0,0.7,26.0,0.8,29.0,0.4,1.1,0.6,2.0,0.9,1.6,39.9,37.4,89.7,sebastian-herrera,5.0,280.0
22132.0,Sehmus Hazer,Anadolu Efes Istanbul,SG,2025.0,33.0,113.3,103.9,5.6,30.0,48.0,76.0,51.0,1.8,3.1,1.4,37.2,8.3,1.1,6.0,0.9,14.0,0.2,2.0,1.5,0.2,24.2,121.8,126.2,1.76,37.0,0.7,7.0,0.4,1.5,0.0,,0.0,393.0,397.0,54.5,0.3,58.2,3.4,260.0,276.0,39.8,-3.5,41.0,0.7,35.4,-0.3,35.1,-0.7,23.3,-3.3,27.4,-1.9,121.8,121.8,5.9,5.9,115.9,66.1,-1.0,29.7,1.4,29.4,1.8,-80.0,-8.5,-4.1,113.3,113.3,1.8,1.8,111.5,29.4,1.3,871.0,951.0,33.0,33.0,33.0,769.0,47.6,0.1,14.4,-1.1,13.8,-1.5,0.0,4.2,13.2,1.0,5.6,1.1,0.9,0.4,0.0,0.2,2.0,67.0,5.0,164.0,0.5,18.0,1.8,61.0,1.0,34.0,1.4,45.0,0.2,0.7,0.9,1.1,1.5,-1.5,40.9,29.5,75.6,sehmus-hazer,,
20829.0,Semi Ojeleye,Crvena Zvezda Meridianbet Belgrade,PF,2025.0,39.0,111.3,125.5,7.2,36.0,54.0,76.0,58.0,2.1,3.3,2.0,38.9,9.2,0.8,2.0,0.7,10.0,1.7,8.0,1.7,0.3,13.8,112.7,116.8,3.65,43.0,1.8,9.0,0.5,1.2,0.4,0.9,0.2,860.0,767.0,52.1,-8.2,55.3,-2.7,589.0,648.0,40.6,3.1,45.8,2.8,33.8,-3.2,34.1,-3.3,24.6,-5.0,25.1,-2.8,112.7,112.7,-5.4,-5.4,118.1,70.2,1.5,28.3,0.9,28.5,0.3,-26.0,-1.4,-5.2,111.3,111.3,-10.6,-10.6,121.8,37.9,1.1,1836.0,1862.0,56.0,56.0,57.0,1650.0,53.9,1.0,15.8,0.1,14.5,-1.5,0.0,8.4,22.9,2.0,7.2,0.8,3.6,0.5,0.4,0.3,2.5,97.0,5.3,208.0,0.7,29.0,2.1,81.0,1.5,59.0,2.0,78.0,1.7,1.8,0.7,1.9,1.7,1.3,46.6,35.8,75.6,semi-ojeleye,7.5,202.0
36509.0,Sergio De Larrea,Valencia Basket,SG,2025.0,31.0,117.4,114.2,4.2,40.0,47.0,72.0,57.0,1.5,1.6,1.2,48.5,9.5,2.2,13.0,1.2,25.0,0.5,5.0,1.2,0.1,20.6,120.3,120.8,1.94,47.0,0.9,9.0,0.4,2.0,0.2,0.8,0.0,303.0,339.0,55.8,-3.8,55.5,-0.2,249.0,231.0,45.1,-1.1,40.5,-1.4,40.6,5.7,35.9,0.8,31.5,4.5,23.8,-3.5,120.3,120.3,5.4,5.4,114.9,66.7,-2.6,29.1,2.7,26.1,-0.6,-15.0,-2.9,-8.4,117.4,117.4,-3.1,-3.1,120.5,30.8,-5.2,761.0,776.0,28.0,28.0,27.0,648.0,49.1,-3.3,16.2,3.0,14.1,-0.7,0.0,4.9,11.2,9.0,4.2,2.2,1.4,0.4,0.2,0.1,1.4,43.0,3.2,99.0,0.6,19.0,1.5,48.0,0.8,26.0,1.2,36.0,0.5,0.9,1.2,1.5,1.2,0.6,43.4,39.6,72.2,sergio-de-larrea,,
4913.0,Sergio Llull,Real Madrid,"PG,SG",2025.0,40.0,114.0,106.6,3.1,27.0,36.0,67.0,42.0,2.4,1.1,0.6,69.8,6.7,1.5,10.0,0.5,13.0,0.2,2.0,0.7,0.1,18.6,117.2,122.9,1.37,36.0,0.6,6.0,0.2,0.8,0.0,,0.0,360.0,443.0,57.8,2.5,54.4,3.3,301.0,287.0,45.5,4.8,39.3,-2.9,32.6,-6.0,33.8,-4.2,27.0,1.0,23.1,0.4,117.2,117.2,4.6,4.6,112.6,67.9,-5.2,25.6,-1.9,30.6,3.0,4.0,-3.2,-12.9,114.0,114.0,-8.3,-8.3,122.3,31.8,-3.8,898.0,894.0,27.0,27.0,26.0,788.0,50.7,-3.9,15.2,1.1,10.5,-3.2,0.0,2.1,10.7,0.0,3.1,1.5,0.8,0.2,0.0,0.1,1.0,41.0,3.5,139.0,0.7,26.0,2.4,97.0,0.4,16.0,0.6,24.0,0.2,0.6,0.5,1.0,0.7,-0.5,29.5,26.8,66.7,sergio-llull,4.5,303.0
8327.0,Sertac Sanli,Dubai Basketball,C,2025.0,7.0,127.8,122.8,2.4,67.0,67.0,100.0,85.0,0.4,0.9,0.4,33.3,2.4,0.0,0.0,0.4,23.0,0.3,5.0,0.7,0.0,11.7,122.7,125.1,1.11,40.0,0.7,12.0,0.0,0.0,0.0,,0.2,54.0,53.0,53.7,-1.0,67.9,13.1,31.0,28.0,36.5,0.0,34.6,-3.2,41.9,11.7,17.9,-27.3,22.2,-2.6,17.3,-7.1,122.7,122.7,-6.5,-6.5,129.2,55.8,-13.4,44.3,14.9,28.9,-5.0,5.0,5.2,12.5,127.8,127.8,6.1,6.1,121.8,33.3,1.6,124.0,119.0,19.0,19.0,19.0,97.0,44.7,-5.4,10.8,0.9,15.5,3.9,,,,,,,,,,,,,,,,,,,,,,,,,,,,,,,,,4.5,304.0
22972.0,Shake Milton,Partizan Mozzart Bet Belgrade,SG,2025.0,23.0,106.7,110.0,6.9,26.0,49.0,85.0,52.0,1.5,4.3,1.7,26.1,12.6,2.4,9.0,1.3,16.0,0.5,3.0,2.1,0.4,21.0,116.2,120.8,2.56,38.0,0.9,6.0,0.5,1.4,0.1,0.4,0.2,451.0,384.0,52.3,-3.9,57.6,5.3,232.0,250.0,34.0,-4.7,39.4,-2.1,31.9,-3.9,34.4,-5.1,23.9,-0.9,27.2,0.5,116.2,116.2,2.2,2.2,113.9,66.3,-4.3,29.0,0.5,25.9,-0.8,-81.0,-9.4,-9.5,106.7,106.7,-7.3,-7.3,114.0,25.8,-6.2,824.0,905.0,45.0,45.0,46.0,772.0,44.9,-6.8,13.6,-2.9,16.2,0.7,0.0,6.2,18.6,10.0,6.9,2.4,1.4,0.5,0.1,0.4,2.5,58.0,5.8,134.0,0.4,9.0,1.5,35.0,1.4,33.0,1.7,39.0,0.5,0.9,1.3,2.2,2.1,-3.6,43.3,25.7,84.6,shake-milton,,
,Shane Hunter,Maccabi Tel Aviv,C,,,,,,,,,,,,,,,,,,,,,,,,,,,,,,,,,,,,,,,,,,,,,,,,,,,,,,,,,,,,,,,,,,,,,,,,,,,,,,,,,,,,,,,,,,,,,,,,,,,,,,,,,,,,,,,,,,,,,,,,5.9,256.0
14015.0,Shane Larkin,Anadolu Efes Istanbul,PG,2025.0,12.0,115.8,125.5,15.3,43.0,51.0,89.0,63.0,5.4,5.4,3.1,50.0,25.6,4.2,10.0,2.5,17.0,0.5,2.0,3.5,0.8,23.9,119.0,125.7,3.67,35.0,1.8,8.0,0.3,0.6,0.0,,0.0,311.0,297.0,54.7,5.1,57.2,1.2,250.0,231.0,44.6,4.6,43.8,-1.8,36.4,4.3,38.5,9.7,24.5,0.9,26.8,0.4,119.0,119.0,8.5,8.5,110.5,67.0,-1.1,27.8,0.7,29.2,0.5,-10.0,-3.2,0.2,115.8,115.8,8.7,8.7,107.0,29.9,-4.6,742.0,752.0,74.0,74.0,73.0,641.0,47.8,-4.0,14.0,-1.1,16.4,1.6,0.0,15.6,30.4,10.0,15.3,4.2,2.3,0.3,0.0,0.8,5.1,61.0,10.8,130.0,2.3,28.0,5.4,65.0,2.8,33.0,3.1,37.0,0.5,1.8,2.5,1.2,3.5,-1.7,46.9,43.1,89.2,shane-larkin,13.5,25.0
19613.0,Shaquielle McKissic,Olympiacos Piraeus,SG,2025.0,27.0,120.5,125.5,4.3,26.0,62.0,64.0,55.0,1.4,1.7,1.6,45.3,7.8,1.4,8.0,0.4,9.0,0.3,3.0,1.3,0.1,17.6,113.5,113.8,2.22,52.0,0.9,9.0,0.7,3.3,0.0,,0.1,261.0,265.0,62.5,4.2,56.2,1.6,224.0,226.0,46.2,4.2,46.0,2.0,33.9,-3.6,34.5,2.1,28.8,-1.1,26.2,0.2,113.5,113.5,7.1,7.1,106.4,71.6,-2.0,30.0,7.1,27.2,-2.8,33.0,7.0,-9.3,120.5,120.5,-2.2,-2.2,122.7,32.5,-1.5,687.0,654.0,28.0,28.0,29.0,570.0,53.2,-1.6,14.3,-0.1,14.3,-0.5,0.0,5.4,11.5,0.0,4.3,1.4,1.2,0.7,0.0,0.1,1.4,39.0,3.2,86.0,0.4,10.0,1.4,39.0,1.0,28.0,1.6,44.0,0.3,0.9,0.4,1.1,1.3,1.6,45.3,25.6,63.6,shaquielle-mckissic,,
22403.0,Shaquille Harrison,LDLC ASVEL Villeurbanne,"PG,SG",2025.0,29.0,107.9,112.1,7.8,28.0,51.0,63.0,52.0,1.7,4.7,2.3,26.7,12.7,2.0,8.0,1.1,13.0,0.7,4.0,2.2,0.2,21.8,116.3,113.7,3.86,55.0,2.1,14.0,1.3,3.7,0.1,0.3,0.1,526.0,506.0,51.3,-1.7,55.3,-5.8,334.0,333.0,38.8,-6.4,39.7,0.8,34.7,2.3,39.6,10.0,24.8,0.0,28.1,2.0,116.3,116.3,-0.5,-0.5,116.8,68.7,0.8,28.5,-3.6,26.1,-0.5,-117.0,-8.3,0.4,107.9,107.9,-0.1,-0.1,108.0,31.3,0.3,1062.0,1179.0,46.0,46.0,47.0,984.0,48.8,0.6,15.6,0.5,16.2,1.5,0.0,9.3,19.1,18.0,7.9,2.1,2.8,1.3,0.1,0.2,3.0,83.0,6.5,183.0,0.5,14.0,1.7,48.0,1.5,42.0,2.4,66.0,0.7,2.1,1.2,1.5,2.3,-3.2,45.4,29.2,63.6,shaquille-harrison,,
19724.0,Shavon Shields,EA7 Emporio Armani Milan,SF,2025.0,35.0,119.2,124.7,12.7,37.0,52.0,88.0,60.0,5.1,4.5,2.5,53.1,19.6,2.7,7.0,1.4,12.0,0.7,3.0,2.8,0.3,22.0,122.3,123.5,4.34,44.0,2.5,11.0,0.7,1.5,0.1,0.2,0.2,859.0,979.0,55.2,1.1,56.2,0.3,590.0,582.0,40.7,-5.2,37.3,-4.2,39.3,2.0,38.3,3.3,26.2,0.0,24.8,0.1,122.3,122.3,3.8,3.8,118.5,67.4,-1.9,25.5,-5.6,28.6,-2.4,-66.0,-3.1,-3.4,119.2,119.2,0.4,0.4,118.8,28.5,-4.7,2024.0,2090.0,67.0,67.0,67.0,1698.0,48.5,-2.8,14.0,0.2,12.4,-0.4,0.0,13.4,26.9,35.0,12.7,2.7,3.2,0.7,0.1,0.3,4.3,149.0,9.6,337.0,1.9,67.0,5.1,179.0,2.2,78.0,2.5,89.0,0.7,2.5,1.4,2.0,2.8,-2.0,44.2,37.4,87.6,shavon-shields,12.4,40.0
17140.0,Spencer Dinwiddie,FC Bayern Munich,"PG,SG",2025.0,11.0,110.6,114.1,11.7,30.0,50.0,81.0,56.0,4.8,3.8,4.4,55.8,19.1,2.9,10.0,2.5,20.0,0.4,2.0,4.2,0.0,26.7,112.1,113.2,4.2,50.0,1.6,8.0,0.3,0.6,0.2,0.5,0.4,210.0,241.0,51.9,2.5,55.2,-5.6,188.0,151.0,47.2,2.2,38.5,-0.5,36.2,3.3,35.8,2.1,24.2,-0.3,26.0,4.3,112.1,112.1,-6.0,-6.0,118.2,68.9,1.4,28.8,-2.3,26.4,0.3,2.0,-1.5,18.7,110.6,110.6,12.7,12.7,97.9,29.1,2.0,520.0,518.0,58.0,58.0,57.0,470.0,48.9,2.7,17.2,-1.0,16.4,1.3,,,,,,,,,,,,,,,,,,,,,,,,,,,,,,,,,,
,Stanley Umude,Barcelona,G,,,,,,,,,,,,,,,,,,,,,,,,,,,,,,,,,,,,,,,,,,,,,,,,,,,,,,,,,,,,,,,,,,,,,,,,,,,,,,,,,,,,,,,,,,,,,,,,,,,,,,,,,,,,,,,,,,,,,,,,9.1,130.0
38963.0,Stefan Joksimovic,Kosner Baskonia Vitoria-Gasteiz,PG,2025.0,11.0,109.8,47.5,0.6,13.0,33.0,,25.0,0.7,0.5,0.0,57.1,1.5,0.3,3.0,0.5,30.0,0.0,,0.2,0.0,14.0,121.2,120.5,1.05,49.0,0.5,13.0,0.3,2.5,0.0,,0.0,49.0,56.0,65.3,10.8,57.1,2.3,52.0,40.0,51.5,8.0,41.7,1.8,36.5,4.3,50.0,10.2,35.1,12.1,27.1,5.5,121.2,121.2,-3.0,-3.0,124.1,73.3,9.4,22.0,-7.2,23.8,-4.9,-9.0,-11.4,0.3,109.8,109.8,-2.7,-2.7,112.5,40.4,7.1,134.0,143.0,15.0,15.0,14.0,122.0,55.7,7.7,22.4,7.5,17.7,3.4,0.0,-0.4,5.9,4.0,0.6,0.3,0.5,0.3,0.0,0.0,0.3,3.0,1.3,14.0,0.1,1.0,0.7,8.0,0.0,0.0,0.0,0.0,0.0,0.5,0.5,0.8,0.2,-2.4,21.4,12.5,0.0,stefan-joksimovic,4.0,343.0
15936.0,Stefan Jovic,FC Bayern Munich,PG,2025.0,19.0,112.4,115.0,5.3,38.0,57.0,75.0,58.0,1.5,2.7,0.6,36.3,15.3,4.3,16.0,1.7,27.0,0.4,2.0,1.4,0.3,16.2,116.5,114.7,3.57,52.0,1.5,10.0,1.1,3.1,0.0,,0.2,320.0,311.0,55.9,1.2,60.5,3.9,228.0,216.0,41.6,-5.6,41.0,-1.0,36.4,2.4,36.6,-0.3,29.9,6.2,24.5,-3.0,116.5,116.5,0.0,0.0,116.5,70.5,2.7,29.8,-1.6,29.6,5.2,-41.0,-4.1,0.6,112.4,112.4,0.6,0.6,111.9,32.5,1.8,714.0,755.0,46.0,46.0,47.0,635.0,50.9,2.6,16.6,1.1,16.6,0.3,0.0,8.0,18.5,11.0,5.3,4.3,1.8,1.1,0.0,0.3,2.1,40.0,4.2,80.0,0.6,11.0,1.5,29.0,0.5,9.0,0.6,12.0,0.4,1.5,1.7,2.1,1.4,-1.8,50.0,37.9,75.0,stefan-jovic,,
38889.0,Stefan Miljenovic,Crvena Zvezda Meridianbet Belgrade,PG,2025.0,13.0,107.9,110.3,2.2,30.0,33.0,82.0,54.0,0.8,0.7,1.3,52.6,3.7,0.7,7.0,0.3,13.0,0.1,1.0,1.2,0.2,16.1,117.4,115.6,1.41,55.0,0.7,12.0,0.2,1.8,0.1,0.6,0.2,94.0,86.0,54.3,-3.2,55.8,-0.9,43.0,59.0,31.4,-5.4,40.7,-3.0,32.6,-0.1,39.0,3.6,28.4,0.9,30.6,3.9,117.4,117.4,1.9,1.9,115.4,67.5,-0.5,32.3,5.0,31.7,3.8,-19.0,-9.4,-11.2,107.9,107.9,-9.3,-9.3,117.2,37.3,-1.5,177.0,196.0,17.0,17.0,17.0,164.0,52.6,-0.6,19.3,4.7,16.7,1.2,0.0,2.4,6.9,5.0,2.2,0.7,0.8,0.2,0.1,0.2,0.5,6.0,1.5,19.0,0.2,3.0,0.8,10.0,1.1,14.0,1.3,17.0,0.1,0.7,0.3,1.3,1.2,0.3,31.6,30.0,82.4,stefan-miljenovic,4.0,344.0
18487.0,Stefano Tonut,EA7 Emporio Armani Milan,SG,2025.0,10.0,115.6,120.1,0.9,0.0,75.0,75.0,50.0,0.4,0.4,0.4,50.0,2.2,0.5,4.0,0.1,10.0,0.2,3.0,0.5,0.0,5.8,124.2,121.1,1.69,51.0,0.7,11.0,0.5,3.0,0.0,,0.1,77.0,88.0,53.2,1.3,61.4,6.8,60.0,48.0,43.8,4.0,35.3,-2.7,36.7,-2.6,33.3,-0.5,28.4,0.7,32.5,9.1,124.2,124.2,6.5,6.5,117.7,60.0,-7.2,33.3,9.1,29.3,2.3,-35.0,-8.6,-8.8,115.6,115.6,-2.3,-2.3,117.9,33.3,3.9,170.0,205.0,21.0,21.0,23.0,147.0,45.5,-3.3,14.5,1.6,14.7,3.2,0.0,1.6,9.0,0.0,0.9,0.5,0.9,0.5,0.0,0.0,0.3,3.0,0.8,8.0,0.0,0.0,0.4,4.0,0.3,3.0,0.4,4.0,0.2,0.7,0.1,1.2,0.5,-2.2,37.5,0.0,75.0,stefano-tonut,4.2,318.0
21639.0,Sterling Brown,Partizan Mozzart Bet Belgrade,SG,2025.0,37.0,113.5,114.9,13.7,39.0,52.0,90.0,59.0,5.2,5.8,1.7,47.4,19.4,2.3,6.0,2.0,15.0,0.6,2.0,1.7,0.6,23.5,116.6,119.9,4.33,42.0,2.3,10.0,0.9,1.7,0.2,0.4,0.3,1005.0,947.0,54.5,0.7,56.6,-1.9,639.0,675.0,38.9,2.1,41.6,-1.5,36.5,6.4,36.3,-3.8,24.4,-0.9,27.6,1.6,116.6,116.6,0.3,0.3,116.3,68.5,-3.1,27.1,-3.5,26.0,-0.4,-47.0,-3.1,6.3,113.5,113.5,6.6,6.6,106.9,29.6,-1.0,2153.0,2200.0,70.0,70.0,69.0,1897.0,49.0,0.0,15.5,1.7,14.7,-2.8,0.0,11.6,28.1,33.0,13.7,2.3,2.8,0.9,0.2,0.6,5.1,187.0,11.1,409.0,2.1,76.0,5.2,194.0,1.5,57.0,1.7,63.0,0.6,2.3,2.0,1.8,1.7,-2.1,45.7,39.2,90.5,sterling-brown,10.6,70.0
21280.0,Sylvain Francisco,Zalgiris Kaunas,"PG,SG",2025.0,42.0,123.0,127.1,16.5,39.0,51.0,80.0,62.0,7.0,4.5,4.9,61.0,31.7,6.5,18.0,2.8,17.0,0.5,2.0,4.7,0.5,27.6,113.7,112.9,5.06,51.0,2.4,10.0,1.0,2.0,0.3,0.7,0.2,1126.0,1208.0,56.6,5.7,53.1,-3.2,761.0,653.0,40.3,5.5,35.1,1.8,39.9,4.5,36.1,2.3,28.1,4.6,24.8,1.8,113.7,113.7,-3.4,-3.4,117.1,66.7,-1.6,27.8,0.4,29.0,1.9,283.0,9.3,13.3,123.0,123.0,9.9,9.9,113.1,34.2,1.4,2627.0,2344.0,70.0,70.0,68.0,2136.0,50.8,0.8,14.0,1.1,14.2,1.8,0.0,20.4,27.8,35.0,16.5,6.5,2.9,1.0,0.3,0.5,5.0,209.0,11.4,480.0,2.7,113.0,7.0,293.0,3.9,163.0,4.9,204.0,0.5,2.4,2.8,2.0,4.7,4.6,43.5,38.6,79.9,sylvain-francisco,14.8,10.0
20827.0,T.J. Leaf,Maccabi Playtika Tel Aviv,PF,2025.0,24.0,122.4,152.5,9.1,42.0,63.0,85.0,68.0,0.5,5.4,2.0,8.5,11.7,1.1,4.0,0.5,6.0,2.0,12.0,1.5,0.1,18.3,117.3,116.5,3.41,51.0,2.7,17.0,0.5,1.4,0.5,1.4,0.3,428.0,367.0,57.0,4.1,59.4,-1.2,290.0,332.0,40.4,-2.3,47.5,4.7,33.8,-1.7,31.6,-4.3,24.1,-2.9,25.7,-3.4,117.3,117.3,-6.4,-6.4,123.7,59.9,-7.6,28.3,0.7,32.0,5.3,43.0,5.1,14.1,122.4,122.4,7.7,7.7,114.8,34.8,4.7,977.0,934.0,44.0,44.0,44.0,798.0,47.4,-0.7,12.3,-1.5,16.3,3.5,0.0,13.2,18.2,1.0,9.1,1.1,4.7,0.5,0.5,0.1,3.6,87.0,5.9,142.0,0.2,5.0,0.5,12.0,1.7,40.0,2.0,47.0,2.0,2.7,0.5,1.6,1.5,1.2,61.3,41.7,85.1,tj-leaf,10.5,73.0
36152.0,TJ Shorts II,Panathinaikos AKTOR Athens,PG,2025.0,43.0,114.4,116.5,8.1,29.0,49.0,72.0,52.0,1.1,5.8,2.1,16.2,15.3,2.9,13.0,1.0,11.0,0.1,1.0,2.2,0.4,25.7,116.6,118.2,2.67,46.0,1.2,9.0,0.6,2.2,0.0,,0.1,763.0,652.0,53.5,-4.7,58.4,1.8,390.0,455.0,33.8,-6.0,41.1,-4.8,33.6,-2.1,34.7,0.2,22.7,-4.7,27.5,0.7,116.6,116.6,0.7,0.7,115.9,66.7,-0.8,25.1,-2.6,26.1,-3.1,6.0,-2.2,-7.4,114.4,114.4,-6.7,-6.7,121.1,30.3,-2.1,1469.0,1463.0,41.0,41.0,40.0,1284.0,47.7,-2.5,12.3,-1.2,15.2,0.9,,,,,,,,,,,,,,,,,,,,,,,,,,,,,,,,,,
,TJ Warren,Paris,F,,,,,,,,,,,,,,,,,,,,,,,,,,,,,,,,,,,,,,,,,,,,,,,,,,,,,,,,,,,,,,,,,,,,,,,,,,,,,,,,,,,,,,,,,,,,,,,,,,,,,,,,,,,,,,,,,,,,,,,,11.5,52.0
11069.0,Tadas Sedekerskis,Kosner Baskonia Vitoria-Gasteiz,"PF,SF",2025.0,13.0,111.5,115.5,8.0,28.0,78.0,54.0,58.0,3.5,2.8,1.0,55.4,11.7,1.5,4.0,0.9,12.0,0.9,4.0,0.8,0.1,15.3,120.5,123.5,3.86,43.0,3.8,17.0,0.3,0.7,0.1,0.2,0.0,276.0,310.0,60.5,-2.5,52.3,3.4,224.0,218.0,44.8,2.1,41.3,3.2,31.7,-4.1,39.0,-3.0,28.7,1.5,23.9,-0.1,120.5,120.5,2.7,2.7,117.8,64.2,-4.0,27.8,-2.4,25.5,-2.1,-55.0,-9.0,-9.1,111.5,111.5,-6.4,-6.4,117.9,28.3,-1.6,651.0,706.0,60.0,60.0,60.0,584.0,46.6,-3.7,15.3,-1.3,13.8,0.1,0.0,10.4,23.9,10.0,8.0,1.5,4.8,0.3,0.1,0.1,3.2,42.0,6.4,83.0,1.0,13.0,3.5,46.0,0.5,7.0,1.0,13.0,0.9,3.8,0.9,0.8,0.8,-3.9,50.6,28.3,53.8,tadas-sedekerskis,10.4,76.0
35314.0,Tai Odiase,Hapoel Shlomo Tel Aviv,C,2025.0,29.0,116.5,119.3,3.5,,60.0,74.0,64.0,0.0,2.3,0.9,0.0,4.4,0.3,2.0,0.4,13.0,0.5,5.0,1.1,0.2,13.1,116.2,114.7,2.3,53.0,1.2,12.0,0.4,1.7,0.2,1.1,0.1,324.0,333.0,56.5,-1.5,56.2,-0.2,201.0,228.0,38.3,1.5,40.6,0.0,37.3,2.1,35.5,3.6,22.8,-0.3,26.1,1.7,116.2,116.2,2.0,2.0,114.2,69.1,4.2,26.8,0.9,31.0,4.1,-15.0,0.2,-2.1,116.5,116.5,-0.1,-0.1,116.6,30.1,1.0,722.0,737.0,29.0,29.0,30.0,620.0,50.7,2.9,15.0,0.4,14.2,-0.1,0.0,4.3,11.9,0.0,3.5,0.3,1.7,0.4,0.2,0.2,1.4,41.0,2.3,68.0,0.0,0.0,0.0,0.0,0.7,20.0,0.9,27.0,0.5,1.2,0.4,1.5,1.1,-0.3,60.3,0.0,74.1,tai-odiase,6.3,247.0
,Talen Horton Tucker,Fenerbahce Beko Istanbul,G,,41.0,,,,,,,,,,,,,,,,,,,,,,,,,,,,,,,,,,,,,,,,,,,,,,,,,,,,,,,,,,,,,,,,,,,,,,,,,,,,,,,,,,,,,,0.0,15.5,23.8,33.0,15.7,2.2,3.8,0.7,0.5,0.5,5.7,233.0,11.9,489.0,1.0,40.0,3.7,151.0,3.3,137.0,4.4,181.0,1.1,2.7,2.1,2.4,4.1,1.9,47.6,26.5,75.7,talen-horton-tucker,,
24349.0,Talen Horton-Tucker,Fenerbahce Beko Istanbul,SG,2025.0,41.0,113.3,119.9,15.7,26.0,57.0,76.0,57.0,3.7,8.2,4.4,30.9,21.0,2.2,7.0,2.1,13.0,1.1,5.0,4.1,0.5,31.1,109.3,110.3,4.28,50.0,2.7,12.0,0.7,1.7,0.5,1.2,0.2,925.0,929.0,53.3,-1.8,51.3,-1.4,650.0,598.0,41.3,-0.9,39.2,1.2,34.3,-4.7,31.8,-0.6,21.0,-5.4,22.8,-1.1,109.3,109.3,-4.3,-4.3,113.6,68.8,2.5,30.3,-1.3,28.0,0.8,104.0,4.0,2.9,113.3,113.3,-1.5,-1.5,114.8,33.5,-0.1,2024.0,1920.0,60.0,60.0,59.0,1786.0,51.1,-0.1,14.9,-2.9,14.4,0.6,,,,,,,,,,,,,,,,,,,,,,,,,,,,,,,,,12.7,35.0
21168.0,Tamir Blatt,Maccabi Playtika Tel Aviv,PG,2025.0,38.0,115.2,109.6,7.1,38.0,40.0,76.0,57.0,4.8,1.1,0.9,81.3,18.3,5.2,17.0,2.3,27.0,0.3,2.0,1.4,0.1,19.8,123.7,129.1,2.56,35.0,1.6,9.0,0.3,0.8,0.0,,0.0,727.0,699.0,54.2,0.8,60.1,0.8,483.0,560.0,39.9,-4.6,44.5,0.0,34.6,-1.3,33.6,-3.6,27.9,3.9,27.3,-2.4,123.7,123.7,3.9,3.9,119.7,64.7,-1.2,27.7,-0.7,30.0,2.4,-101.0,-8.5,-9.6,115.2,115.2,-5.7,-5.7,120.9,32.7,-3.4,1624.0,1725.0,49.0,49.0,48.0,1410.0,48.8,-1.2,14.6,1.7,12.4,-4.0,0.0,9.4,19.4,15.0,7.1,5.2,1.8,0.3,0.0,0.1,2.3,87.0,5.9,224.0,1.8,70.0,4.8,182.0,0.7,26.0,0.9,34.0,0.3,1.6,2.3,0.8,1.4,-3.1,38.8,38.5,76.5,tamir-blatt,7.7,194.0
39134.0,Taran Armstrong,Dubai Basketball,PG,2025.0,7.0,88.6,58.2,0.6,0.0,67.0,,40.0,0.3,0.4,0.0,40.0,1.3,0.3,3.0,0.6,44.0,0.1,2.0,0.1,0.0,10.3,119.4,118.7,0.98,48.0,0.6,12.0,0.1,1.4,0.0,,0.2,37.0,41.0,48.6,-6.2,53.7,7.3,32.0,20.0,46.4,9.3,32.8,-10.8,15.6,-19.7,30.0,-7.1,13.2,-14.6,25.3,3.3,119.4,119.4,9.8,9.8,109.6,64.7,-4.2,33.3,4.1,27.1,-6.8,-24.0,-30.9,-43.6,88.6,88.6,-33.8,-33.8,122.3,36.2,2.7,62.0,86.0,14.0,14.0,14.0,70.0,48.1,-4.8,12.6,-1.4,10.7,-3.1,,,,,,,,,,,,,,,,,,,,,,,,,,,,,,,,,,
23413.0,Tarik Biberovic,Fenerbahce Beko Istanbul,SF,2025.0,41.0,114.0,116.0,11.3,42.0,52.0,95.0,62.0,5.3,3.5,1.0,60.3,14.4,1.3,4.0,1.3,13.0,0.6,3.0,0.7,0.2,21.0,110.1,114.0,3.75,43.0,2.4,11.0,0.4,1.0,0.1,0.2,0.2,879.0,958.0,55.9,3.9,51.7,-0.8,643.0,612.0,42.2,0.8,39.0,0.8,37.0,2.3,31.7,1.1,24.0,2.2,23.7,1.9,110.1,110.1,-1.7,-1.7,111.7,68.4,0.3,29.5,-3.9,27.1,-1.7,84.0,3.9,2.4,114.0,114.0,0.7,0.7,113.3,32.2,-2.9,2038.0,1954.0,61.0,61.0,60.0,1788.0,51.2,-0.4,16.9,1.9,13.8,-0.3,0.0,9.0,24.3,36.0,11.3,1.3,3.0,0.4,0.1,0.2,4.0,166.0,8.8,360.0,2.2,91.0,5.3,217.0,1.0,40.0,1.0,42.0,0.6,2.4,1.3,2.1,0.7,1.5,46.1,41.9,95.2,tarik-biberovic,,
22859.0,Terry Tarpey,AS Monaco,SF,2025.0,36.0,117.5,145.3,2.0,46.0,68.0,63.0,68.0,0.7,0.7,0.2,49.0,3.0,0.4,3.0,0.2,10.0,0.7,10.0,0.4,0.0,10.0,108.5,107.2,1.65,58.0,1.1,16.0,0.4,2.7,0.1,0.6,0.1,265.0,235.0,54.0,-2.4,53.2,-2.9,187.0,210.0,41.4,4.2,47.2,6.1,34.8,1.5,35.7,-2.0,26.8,-0.2,22.1,-2.9,108.5,108.5,-10.2,-10.2,118.7,66.9,0.8,30.0,3.1,30.3,1.3,45.0,8.9,10.1,117.5,117.5,-0.1,-0.1,117.6,32.0,2.4,605.0,560.0,19.0,19.0,19.0,515.0,50.0,2.2,13.0,0.4,18.0,3.2,0.0,3.5,7.7,1.0,2.0,0.4,1.8,0.4,0.1,0.0,0.8,28.0,1.4,49.0,0.3,11.0,0.7,24.0,0.1,5.0,0.2,8.0,0.7,1.1,0.2,0.9,0.4,1.4,57.1,45.8,62.5,terry-tarpey,7.0,220.0
21364.0,Theo Maledon,Real Madrid,"PG,SG",2025.0,38.0,121.9,133.3,9.4,32.0,52.0,87.0,62.0,2.0,4.0,3.8,33.2,16.4,2.9,12.0,1.3,15.0,0.4,3.0,3.4,0.3,23.9,115.4,117.4,2.94,46.0,1.8,12.0,0.5,1.7,0.1,0.3,0.1,675.0,606.0,54.5,-1.6,51.3,-1.3,370.0,450.0,35.4,-9.5,42.6,2.8,39.2,0.5,38.9,2.8,25.3,-2.1,24.7,2.5,115.4,115.4,3.1,3.1,112.3,72.4,0.3,29.4,4.5,29.7,2.2,99.0,6.5,-2.5,121.9,121.9,0.7,0.7,121.2,34.1,-0.6,1492.0,1393.0,44.0,44.0,43.0,1224.0,53.9,0.1,13.8,-0.9,12.8,-0.3,0.0,12.1,17.0,3.0,9.4,2.9,2.2,0.5,0.1,0.3,2.7,103.0,5.9,226.0,0.6,24.0,2.0,75.0,3.3,126.0,3.8,145.0,0.4,1.8,1.3,2.0,3.4,2.6,45.6,32.0,86.9,theo-maledon,9.8,103.0
9534.0,Thomas Heurtel,LDLC ASVEL Villeurbanne,"PG,SG",2025.0,25.0,104.9,107.1,9.2,37.0,46.0,80.0,54.0,3.2,4.5,1.8,42.0,21.9,5.4,19.0,2.7,24.0,0.1,0.0,1.8,0.2,26.0,121.4,126.4,2.59,36.0,1.4,9.0,0.5,1.3,0.0,,0.1,456.0,447.0,51.5,-4.4,62.0,7.1,355.0,289.0,43.8,1.3,39.3,1.3,33.2,1.8,35.6,0.5,27.1,3.4,27.2,1.0,121.4,121.4,8.6,8.6,112.8,70.1,2.1,32.1,2.2,24.2,-4.5,-123.0,-16.5,-13.7,104.9,104.9,-5.1,-5.1,110.1,30.4,-1.3,978.0,1101.0,50.0,50.0,49.0,932.0,48.3,-1.0,16.0,0.4,14.5,-2.2,0.0,9.7,19.7,6.0,9.5,5.4,1.6,0.5,0.0,0.2,3.4,81.0,7.9,190.0,1.3,30.0,3.3,79.0,1.5,35.0,1.8,44.0,0.1,1.5,2.6,1.6,1.8,-5.2,42.6,38.0,79.5,thomas-heurtel,,
21300.0,Thomas Walkup,Olympiacos Piraeus,PG,2025.0,37.0,123.4,128.5,5.3,37.0,47.0,77.0,54.0,2.6,1.9,0.7,57.6,18.8,5.7,15.0,1.5,23.0,0.6,3.0,1.8,0.1,12.5,109.8,109.3,4.79,54.0,2.0,9.0,0.9,2.0,0.0,0.1,0.2,806.0,812.0,60.3,2.2,55.2,-0.2,623.0,646.0,43.6,0.3,44.3,-1.3,35.5,-0.3,35.1,0.3,30.8,2.9,27.1,1.4,109.8,109.8,-5.7,-5.7,115.5,72.0,3.7,21.2,-9.0,28.9,-2.5,229.0,13.6,6.4,123.4,123.4,0.7,0.7,122.7,33.7,-4.1,2023.0,1794.0,60.0,60.0,60.0,1639.0,53.6,0.0,13.9,-0.4,15.1,1.0,0.0,10.3,24.0,37.0,5.3,5.7,2.6,0.9,0.0,0.1,1.9,70.0,4.6,170.0,1.0,36.0,2.6,98.0,0.5,20.0,0.7,26.0,0.6,2.0,1.5,2.4,1.8,6.1,41.2,36.7,76.9,thomas-walkup,8.2,174.0
19141.0,Timothe Luwawu-Cabarrot,Kosner Baskonia Vitoria-Gasteiz,SF,2025.0,36.0,116.7,120.6,18.3,41.0,55.0,90.0,65.0,6.5,5.8,4.4,52.8,22.7,1.9,6.0,1.8,11.0,0.6,3.0,3.7,0.5,29.4,122.6,124.0,4.24,44.0,2.9,13.0,0.6,1.3,0.1,0.2,0.2,792.0,913.0,57.7,-1.4,55.6,4.6,624.0,574.0,44.1,1.3,38.6,1.3,35.9,3.9,39.2,-3.2,25.8,-0.3,24.0,0.4,122.6,122.6,2.4,2.4,120.2,67.2,1.1,28.8,0.2,29.4,4.1,-105.0,-6.0,0.3,116.7,116.7,2.8,2.8,113.9,27.6,-4.1,2009.0,2114.0,63.0,63.0,63.0,1722.0,47.6,-1.3,15.1,-0.1,13.9,-0.5,0.0,17.0,25.4,2.0,18.3,1.9,3.4,0.6,0.1,0.5,5.8,210.0,12.3,441.0,2.7,96.0,6.5,233.0,3.9,141.0,4.4,157.0,0.6,2.9,1.8,2.5,3.7,-2.7,47.6,41.2,89.8,timothe-luwawu-cabarrot,12.8,32.0
,Tj Shorts,Panathinaikos AKTOR Athens,G,,43.0,,,,,,,,,,,,,,,,,,,,,,,,,,,,,,,,,,,,,,,,,,,,,,,,,,,,,,,,,,,,,,,,,,,,,,,,,,,,,,,,,,,,,,0.0,8.4,16.1,17.0,8.1,2.9,1.3,0.6,0.0,0.4,3.1,135.0,6.9,297.0,0.3,14.0,1.1,48.0,1.5,66.0,2.1,92.0,0.1,1.2,1.0,1.5,2.2,-1.3,45.5,29.2,71.7,tj-shorts,14.9,7.0
,Tobias Jensen,Bayern Munich,G,,,,,,,,,,,,,,,,,,,,,,,,,,,,,,,,,,,,,,,,,,,,,,,,,,,,,,,,,,,,,,,,,,,,,,,,,,,,,,,,,,,,,,,,,,,,,,,,,,,,,,,,,,,,,,,,,,,,,,,,6.8,225.0
13238.0,Tomas Satoransky,FC Barcelona,PG,2025.0,37.0,118.8,128.4,7.0,49.0,49.0,73.0,64.0,2.5,2.4,1.2,51.4,17.0,4.3,11.0,1.4,20.0,0.8,4.0,1.8,0.2,13.4,111.4,113.8,4.1,46.0,2.5,12.0,0.7,1.6,0.1,0.3,0.1,918.0,887.0,55.0,0.2,56.6,-0.7,545.0,546.0,37.3,-6.3,38.1,-0.9,38.0,0.8,31.7,-7.5,25.3,0.4,23.8,-2.3,111.4,111.4,-9.7,-9.7,121.1,68.2,2.0,26.0,-5.2,28.1,-0.9,95.0,7.4,13.4,118.8,118.8,3.7,3.7,115.0,33.3,0.6,1938.0,1843.0,61.0,61.0,62.0,1632.0,50.8,2.1,13.7,-1.7,15.9,0.6,0.0,11.7,24.9,34.0,7.0,4.3,3.4,0.7,0.1,0.2,2.4,90.0,4.9,183.0,1.2,46.0,2.5,94.0,0.9,33.0,1.2,45.0,0.8,2.5,1.4,1.9,1.8,2.8,49.2,48.9,73.3,tomas-satoransky,9.6,112.0
24758.0,Tomer Ginat,Hapoel Shlomo Tel Aviv,PF,2025.0,14.0,103.5,99.9,3.3,10.0,59.0,38.0,48.0,0.7,2.3,0.9,23.8,4.8,0.6,5.0,0.4,11.0,0.2,3.0,0.8,0.1,18.6,114.9,109.7,2.29,61.0,1.6,19.0,0.4,2.3,0.1,0.4,0.1,125.0,120.0,56.0,-3.9,57.5,5.1,84.0,106.0,40.2,1.5,46.9,8.8,32.1,-1.6,34.9,3.9,26.7,5.1,28.0,6.1,114.9,114.9,9.3,9.3,105.7,70.8,2.5,22.6,-4.2,27.2,-0.9,-34.0,-11.4,-24.9,103.5,103.5,-15.7,-15.7,119.2,29.5,-0.4,266.0,300.0,25.0,25.0,25.0,257.0,50.9,0.4,18.6,4.0,14.2,-2.0,0.0,3.4,9.8,0.0,3.3,0.6,1.9,0.4,0.1,0.1,1.4,20.0,3.0,42.0,0.1,1.0,0.7,10.0,0.4,5.0,0.9,13.0,0.2,1.6,0.4,1.4,0.8,-1.8,47.6,10.0,38.5,tomer-ginat,4.5,305.0
,Tommaso Baldasso,Virtus Bologna,G,,,,,,,,,,,,,,,,,,,,,,,,,,,,,,,,,,,,,,,,,,,,,,,,,,,,,,,,,,,,,,,,,,,,,,,,,,,,,,,,,,,,,,,,,,,,,,,,,,,,,,,,,,,,,,,,,,,,,,,,4.4,311.0
21217.0,Tonye Jekiri,Partizan Mozzart Bet Belgrade,C,2025.0,15.0,111.9,118.4,7.5,,55.0,70.0,57.0,0.0,5.9,1.5,0.0,11.5,1.4,5.0,0.9,12.0,2.1,12.0,2.0,0.3,18.7,105.2,105.1,3.8,55.0,2.9,18.0,0.7,2.1,0.3,1.0,0.3,298.0,276.0,52.7,-3.4,53.6,-2.7,189.0,161.0,38.8,0.0,36.8,-4.4,32.3,-3.4,32.9,-1.0,26.7,0.5,24.2,-2.1,105.2,105.2,-11.7,-11.7,116.9,74.1,5.3,28.3,-0.1,26.8,2.1,34.0,6.8,12.0,111.9,111.9,0.3,0.3,111.6,31.5,-0.8,581.0,547.0,47.0,47.0,47.0,519.0,51.8,0.4,12.3,-5.9,16.3,3.4,0.0,10.6,19.3,3.0,7.5,1.4,5.0,0.7,0.3,0.3,3.2,48.0,5.9,88.0,0.0,0.0,0.0,0.0,1.1,16.0,1.5,23.0,2.1,2.9,0.9,2.7,2.0,1.7,54.5,0.0,69.6,tonye-jekiri,8.3,170.0
8385.0,Tornike Shengelia,FC Barcelona,PF,2025.0,34.0,123.0,127.1,12.4,37.0,59.0,82.0,63.0,1.9,6.5,3.4,22.3,19.0,2.6,8.0,1.8,16.0,1.5,7.0,4.2,0.5,22.5,113.9,113.8,4.5,50.0,3.1,15.0,0.8,1.7,0.3,0.7,0.1,827.0,801.0,56.1,3.4,58.6,2.3,535.0,515.0,39.3,-4.2,39.1,0.0,41.5,7.4,32.0,-9.1,27.3,3.2,24.4,-1.6,113.9,113.9,-7.6,-7.6,121.5,69.6,4.8,27.1,-2.6,28.5,0.3,134.0,9.1,22.0,123.0,123.0,14.4,14.4,108.6,32.4,-1.5,1883.0,1749.0,63.0,63.0,63.0,1531.0,51.1,3.0,13.8,-2.7,15.3,-0.7,0.0,16.3,24.9,29.0,12.4,2.6,4.6,0.8,0.3,0.5,4.5,152.0,8.3,283.0,0.7,23.0,1.9,63.0,2.8,95.0,3.4,116.0,1.5,3.1,1.9,2.9,4.2,4.4,53.7,36.5,81.9,tornike-shengelia,13.8,20.0
,Tosan Evbuomwan,Barcelona,F,,,,,,,,,,,,,,,,,,,,,,,,,,,,,,,,,,,,,,,,,,,,,,,,,,,,,,,,,,,,,,,,,,,,,,,,,,,,,,,,,,,,,,,,,,,,,,,,,,,,,,,,,,,,,,,,,,,,,,,,9.4,121.0
,Tremont Waters,ASVEL,G,,,,,,,,,,,,,,,,,,,,,,,,,,,,,,,,,,,,,,,,,,,,,,,,,,,,,,,,,,,,,,,,,,,,,,,,,,,,,,,,,,,,,,,,,,,,,,,,,,,,,,,,,,,,,,,,,,,,,,,,9.9,100.0
34854.0,Trent Forrest,Kosner Baskonia Vitoria-Gasteiz,"PG,SG",2025.0,27.0,116.8,140.5,10.9,28.0,50.0,86.0,59.0,2.1,5.1,4.5,29.1,21.9,4.4,13.0,1.4,13.0,0.6,3.0,3.5,0.3,20.5,125.0,126.2,3.86,43.0,2.1,11.0,0.8,1.7,0.3,0.7,0.2,576.0,687.0,56.1,-0.5,55.9,1.3,447.0,382.0,43.7,-0.2,35.7,-4.0,35.1,2.2,40.1,-0.7,26.6,3.0,23.7,0.5,125.0,125.0,3.8,3.8,121.2,64.2,-3.3,27.6,-1.3,28.0,-1.7,-94.0,-8.3,-0.7,116.8,116.8,3.2,3.2,113.6,32.0,3.3,1419.0,1513.0,58.0,58.0,58.0,1215.0,48.1,0.6,15.5,0.8,13.7,-1.2,0.0,15.1,23.9,22.0,10.9,4.4,2.8,0.8,0.3,0.3,3.2,86.0,7.3,196.0,0.6,16.0,2.1,57.0,3.9,105.0,4.5,122.0,0.6,2.1,1.4,1.7,3.5,-3.2,43.9,28.1,86.1,trent-forrest,10.6,71.0
,Trent Frazier,Virtus Bologna,G,,,,,,,,,,,,,,,,,,,,,,,,,,,,,,,,,,,,,,,,,,,,,,,,,,,,,,,,,,,,,,,,,,,,,,,,,,,,,,,,,,,,,,,,,,,,,,,,,,,,,,,,,,,,,,,,,,,,,,,,10.5,74.0
17900.0,Trey Lyles,Real Madrid,PF,2025.0,42.0,122.7,126.0,13.5,46.0,55.0,79.0,64.0,3.5,5.2,3.7,40.2,16.9,1.5,5.0,1.3,11.0,1.1,6.0,3.2,0.5,25.9,113.0,112.2,4.11,53.0,3.5,18.0,0.5,1.4,0.5,1.2,0.3,863.0,840.0,57.4,2.7,53.7,3.3,530.0,609.0,38.0,-8.2,42.0,1.3,40.0,5.3,35.6,-1.3,27.4,2.1,25.0,4.4,113.0,113.0,0.2,0.2,112.8,72.9,1.9,28.2,2.8,30.1,3.0,171.0,9.7,5.1,122.7,122.7,5.3,5.3,117.4,34.9,-0.4,2025.0,1854.0,54.0,54.0,54.0,1650.0,54.8,1.5,15.2,1.3,13.0,0.1,0.0,16.1,21.2,12.0,13.5,1.5,4.5,0.5,0.5,0.5,4.5,188.0,8.8,368.0,1.6,68.0,3.5,148.0,2.9,121.0,3.7,154.0,1.1,3.5,1.3,1.8,3.2,3.9,51.1,45.9,78.6,trey-lyles,,
,TyTy Washington,ASVEL,G,,,,,,,,,,,,,,,,,,,,,,,,,,,,,,,,,,,,,,,,,,,,,,,,,,,,,,,,,,,,,,,,,,,,,,,,,,,,,,,,,,,,,,,,,,,,,,,,,,,,,,,,,,,,,,,,,,,,,,,,9.3,124.0
21572.0,Tyler Dorsey,Olympiacos Piraeus,SG,2025.0,43.0,121.6,123.0,15.9,39.0,52.0,79.0,60.0,6.4,5.2,3.7,55.2,21.8,2.6,8.0,1.9,13.0,0.5,2.0,3.6,0.5,27.9,113.2,117.7,3.9,42.0,1.8,8.0,0.7,1.6,0.1,0.2,0.1,974.0,1016.0,57.7,-4.6,55.5,1.1,750.0,777.0,43.5,-1.1,43.3,-3.3,36.3,0.3,35.3,1.6,28.0,-3.5,26.2,0.1,113.2,113.2,2.9,2.9,110.2,71.0,1.0,23.3,-4.6,30.7,1.0,178.0,8.4,-6.3,121.6,121.6,-3.4,-3.4,125.0,36.0,2.0,2432.0,2254.0,63.0,63.0,63.0,2000.0,53.9,0.6,14.7,0.6,14.1,-1.2,0.0,14.7,25.2,42.0,15.9,2.6,2.3,0.7,0.1,0.5,5.2,224.0,11.7,502.0,2.5,107.0,6.4,277.0,3.0,127.0,3.7,161.0,0.5,1.8,1.9,1.9,3.6,4.2,44.6,38.6,78.9,tyler-dorsey,12.6,36.0
17091.0,Tyler Ennis,Hapoel Shlomo Tel Aviv,PG,2025.0,10.0,117.7,117.8,4.5,50.0,27.0,80.0,63.0,1.8,1.1,1.5,62.1,5.9,0.6,5.0,0.6,14.0,0.2,3.0,1.3,0.2,24.1,118.5,120.5,1.42,44.0,0.6,8.0,0.3,1.9,0.0,,0.1,70.0,87.0,52.9,-6.4,57.5,4.0,62.0,54.0,47.0,12.5,38.3,3.2,45.2,15.3,20.4,-9.8,29.8,9.0,24.7,1.1,118.5,118.5,11.1,11.1,107.4,72.2,1.4,32.7,7.3,24.7,-3.6,-6.0,-0.8,-13.2,117.7,117.7,-2.1,-2.1,119.8,23.9,-8.3,186.0,192.0,22.0,22.0,22.0,158.0,50.0,-2.4,13.2,0.1,9.8,-4.8,,,,,,,,,,,,,,,,,,,,,,,,,,,,,,,,,5.7,259.0
,Tyrese Martin,Barcelona,F,,,,,,,,,,,,,,,,,,,,,,,,,,,,,,,,,,,,,,,,,,,,,,,,,,,,,,,,,,,,,,,,,,,,,,,,,,,,,,,,,,,,,,,,,,,,,,,,,,,,,,,,,,,,,,,,,,,,,,,,8.8,147.0
35908.0,Tyrique Jones,Partizan Mozzart Bet Belgrade,"C,PF",2025.0,17.0,115.1,130.4,10.6,,67.0,65.0,69.0,0.0,6.6,2.8,0.0,15.5,2.1,6.0,1.6,17.0,2.4,12.0,3.4,0.2,19.0,119.7,114.8,5.07,59.0,3.7,19.0,1.2,2.9,0.6,1.4,0.3,404.0,317.0,56.4,7.3,57.7,-2.6,237.0,285.0,37.0,-0.7,47.3,-0.7,35.4,2.5,38.9,-2.5,25.1,4.9,28.0,-0.9,119.7,119.7,-1.0,-1.0,120.7,72.2,8.1,29.3,3.2,27.2,0.4,-32.0,-4.6,11.0,115.1,115.1,10.0,10.0,105.1,30.0,3.7,837.0,869.0,59.0,59.0,58.0,727.0,50.4,6.9,14.3,0.8,15.1,-2.0,0.0,13.8,19.4,9.0,8.7,1.6,5.0,1.1,0.5,0.2,3.4,111.0,5.0,165.0,0.0,0.0,0.0,0.0,2.0,65.0,3.0,98.0,2.0,2.9,1.3,2.6,2.9,2.1,67.3,0.0,66.3,tyrique-jones,12.0,48.0
35282.0,Tyson Carter,Crvena Zvezda Meridianbet Belgrade,SG,2025.0,11.0,111.4,96.7,4.9,31.0,35.0,100.0,44.0,2.6,2.8,0.5,48.3,7.9,1.5,7.0,1.2,18.0,0.5,4.0,0.7,0.1,21.3,110.7,115.5,2.23,41.0,0.9,7.0,0.4,1.3,0.0,,0.0,150.0,139.0,55.3,1.7,56.8,0.7,99.0,110.0,39.8,3.8,44.2,0.8,34.3,-1.9,31.8,-9.3,24.6,-1.5,26.3,0.3,110.7,110.7,-11.9,-11.9,122.6,67.1,-3.3,30.8,2.5,25.2,-5.1,1.0,0.7,5.3,111.4,111.4,-6.6,-6.6,118.0,35.3,-2.0,332.0,331.0,36.0,36.0,36.0,298.0,51.4,-1.5,18.2,4.0,16.5,1.9,0.0,2.2,14.7,6.0,4.9,1.5,1.4,0.4,0.0,0.1,1.8,20.0,5.5,60.0,0.8,9.0,2.6,29.0,0.5,5.0,0.5,5.0,0.5,0.9,1.2,1.9,0.7,-0.2,33.3,31.0,100.0,tyson-carter,6.8,226.0
,Tyson Etienne,Paris,G,,,,,,,,,,,,,,,,,,,,,,,,,,,,,,,,,,,,,,,,,,,,,,,,,,,,,,,,,,,,,,,,,,,,,,,,,,,,,,,,,,,,,,,,,,,,,,,,,,,,,,,,,,,,,,,,,,,,,,,,11.1,59.0
36154.0,Tyson Ward,Olympiacos Piraeus,SF,2025.0,35.0,127.3,124.5,7.1,26.0,57.0,68.0,55.0,2.1,3.4,2.3,37.5,12.5,2.3,8.0,1.1,15.0,0.7,5.0,2.3,0.3,18.8,110.4,110.5,3.65,53.0,2.2,13.0,0.5,1.6,0.1,0.4,0.1,646.0,584.0,60.4,3.1,56.0,2.9,414.0,480.0,39.1,-8.0,45.1,0.3,37.2,3.2,34.2,-0.5,30.5,3.3,26.1,0.0,110.4,110.4,0.3,0.3,110.1,70.8,-1.3,26.5,2.8,30.8,1.3,210.0,16.9,11.3,127.3,127.3,11.6,11.6,115.7,36.2,2.6,1549.0,1339.0,47.0,47.0,47.0,1217.0,54.4,1.1,13.4,-2.2,15.4,1.1,0.0,8.3,19.1,14.0,7.1,2.3,2.9,0.5,0.1,0.3,2.5,87.0,5.5,192.0,0.5,19.0,2.1,72.0,1.5,54.0,2.3,79.0,0.7,2.2,1.1,2.4,2.3,6.1,45.3,26.4,68.4,tyson-ward,7.5,204.0
,Umoja Gibson,Barcelona,G,,,,,,,,,,,,,,,,,,,,,,,,,,,,,,,,,,,,,,,,,,,,,,,,,,,,,,,,,,,,,,,,,,,,,,,,,,,,,,,,,,,,,,,,,,,,,,,,,,,,,,,,,,,,,,,,,,,,,,,,10.2,84.0
39296.0,Uros Mijailovic,Partizan Mozzart Bet Belgrade,SF,2025.0,5.0,60.9,0.0,0.0,,0.0,,0.0,0.0,0.2,0.0,0.0,0.0,0.0,0.0,0.2,50.0,0.0,,0.0,0.0,8.0,153.8,157.7,0.32,31.0,0.2,33.0,0.0,0.0,0.0,,0.0,8.0,8.0,25.0,-36.7,62.5,4.2,7.0,7.0,46.7,2.5,46.7,8.1,28.6,-4.0,85.7,43.9,22.2,-1.6,50.0,24.6,153.8,153.8,37.1,37.1,116.8,100.0,31.3,34.6,8.1,17.4,-10.6,-26.0,-93.0,-92.0,60.9,60.9,-54.9,-54.9,115.7,22.2,-7.2,14.0,40.0,6.0,6.0,7.0,23.0,41.7,-6.8,28.0,12.3,23.1,4.9,0.0,-1.1,2.4,0.0,0.0,0.0,0.2,0.0,0.0,0.0,0.0,0.0,0.2,1.0,0.0,0.0,0.0,0.0,0.0,0.0,0.0,0.0,0.0,0.2,0.2,1.0,0.0,-3.6,0.0,0.0,0.0,uros-mijailovic,4.0,345.0
37475.0,Uros Plavsic,Crvena Zvezda Meridianbet Belgrade,C,2025.0,7.0,95.5,76.2,1.0,,29.0,50.0,35.0,0.0,1.0,0.9,0.0,1.9,0.4,6.0,0.6,29.0,0.7,14.0,0.6,0.0,17.5,130.9,126.2,1.05,54.0,0.9,21.0,0.1,1.5,0.0,,0.3,35.0,32.0,34.3,-23.3,59.4,7.2,20.0,26.0,36.4,-3.3,44.8,-1.3,50.0,13.9,42.3,11.0,22.2,-5.8,26.5,2.3,130.9,130.9,25.8,25.8,105.1,75.0,8.5,30.9,1.5,19.4,-11.9,-25.0,-35.4,-50.2,95.5,95.5,-24.4,-24.4,120.0,36.1,-3.9,64.0,89.0,13.0,13.0,13.0,67.0,53.1,-0.9,21.3,5.7,9.3,-6.8,,,,,,,,,,,,,,,,,,,,,,,,,,,,,,,,,,
22683.0,Uros Trifunovic,Maccabi Playtika Tel Aviv,SF,2025.0,1.0,166.7,80.0,2.0,0.0,100.0,,50.0,1.0,1.0,0.0,50.0,2.0,0.0,0.0,0.0,0.0,0.0,,0.0,0.0,28.6,185.7,185.7,0.2,14.0,0.0,,0.0,0.0,0.0,,0.0,2.0,6.0,100.0,47.2,83.3,25.3,4.0,1.0,66.7,27.7,14.3,-33.2,50.0,28.3,0.0,-32.1,50.0,23.8,0.0,-23.8,185.7,185.7,73.2,73.2,112.5,0.0,-62.5,28.6,0.4,0.0,-32.3,-3.0,-19.0,-11.2,166.7,166.7,62.1,62.1,104.6,50.0,19.4,10.0,13.0,8.0,8.0,10.0,6.0,25.0,-20.6,14.3,-0.2,11.1,-6.0,,,,,,,,,,,,,,,,,,,,,,,,,,,,,,,,,,
23792.0,Usman Garuba,Real Madrid,PF,2025.0,40.0,125.4,126.9,5.3,60.0,63.0,66.0,66.0,0.1,3.4,1.2,3.6,6.5,0.5,3.0,0.7,15.0,1.2,12.0,1.0,0.3,17.9,112.6,107.9,2.76,61.0,1.6,14.0,0.8,3.3,0.7,3.0,0.2,501.0,474.0,58.9,3.6,53.0,0.4,282.0,324.0,36.0,-6.9,40.6,-0.1,39.7,1.5,33.3,-3.9,28.3,2.1,21.2,-2.5,112.6,112.6,-2.0,-2.0,114.5,70.0,-2.1,31.1,6.1,28.0,-0.6,111.0,12.9,7.2,125.4,125.4,5.2,5.2,120.2,38.7,4.7,1124.0,1013.0,31.0,31.0,31.0,896.0,55.5,2.0,14.4,-0.4,13.1,0.5,0.0,6.9,12.5,1.0,5.3,0.5,2.8,0.8,0.7,0.3,2.2,88.0,3.5,139.0,0.1,3.0,0.1,5.0,0.8,31.0,1.2,47.0,1.2,1.6,0.7,1.9,1.0,2.4,63.3,60.0,66.0,usman-garuba,6.1,251.0
16598.0,Vanja Marinkovic,Partizan Mozzart Bet Belgrade,"SG,SF",2025.0,19.0,105.7,101.4,5.9,33.0,47.0,78.0,52.0,3.6,1.7,0.9,68.3,7.9,0.8,3.0,0.6,9.0,0.4,2.0,1.1,0.0,14.5,121.5,125.7,3.01,39.0,1.3,8.0,0.5,1.4,0.1,0.1,0.1,385.0,319.0,53.5,-1.7,62.1,-0.1,250.0,286.0,39.4,1.6,47.3,1.6,31.6,-2.5,41.3,0.3,23.1,-0.3,29.6,0.0,121.5,121.5,-4.9,-4.9,126.4,68.5,1.3,27.6,1.2,25.2,-1.8,-122.0,-15.8,-3.3,105.7,105.7,-8.2,-8.2,113.9,28.5,1.2,758.0,880.0,51.0,51.0,52.0,717.0,46.6,0.5,15.0,1.6,16.6,2.5,0.0,4.3,20.5,10.0,5.9,0.8,1.6,0.5,0.1,0.0,2.0,38.0,5.3,101.0,1.2,23.0,3.6,69.0,0.7,14.0,0.9,18.0,0.4,1.3,0.6,1.7,1.1,-6.3,37.6,33.3,77.8,vanja-marinkovic,5.0,281.0
14049.0,Vasilije Micic,Hapoel Shlomo Tel Aviv,"PG,SG",2025.0,40.0,116.8,112.1,11.5,31.0,54.0,89.0,55.0,5.1,4.3,2.4,54.1,21.1,4.2,13.0,2.7,20.0,0.2,1.0,3.4,0.6,25.8,115.2,116.4,4.23,47.0,2.6,12.0,0.9,2.0,0.0,,0.1,950.0,945.0,60.2,3.4,55.3,-1.9,590.0,640.0,38.3,-0.2,40.4,-1.0,36.4,-1.8,34.5,3.5,24.5,-0.1,25.4,1.2,115.2,115.2,0.1,0.1,115.1,66.5,-3.4,26.0,-0.3,26.6,-3.8,55.0,1.6,-3.4,116.8,116.8,-3.3,-3.3,120.1,27.7,-0.3,2110.0,2055.0,61.0,61.0,60.0,1807.0,48.2,-2.0,15.6,2.4,15.2,3.0,0.0,12.0,24.1,38.0,11.5,4.2,2.8,0.9,0.0,0.6,3.9,156.0,9.4,377.0,1.6,63.0,5.1,204.0,2.1,85.0,2.4,95.0,0.2,2.6,2.7,2.6,3.4,1.7,41.4,30.9,89.5,vasilije-micic,12.0,49.0
18511.0,Vassilis Toliopoulos,Panathinaikos AKTOR Athens,SG,2025.0,10.0,123.2,119.6,5.2,34.0,33.0,100.0,51.0,3.2,1.5,0.9,68.1,7.8,1.1,8.0,0.2,4.0,0.2,2.0,1.1,0.3,26.9,103.0,109.7,1.38,42.0,0.4,5.0,0.2,1.2,0.0,,0.0,83.0,71.0,49.4,-6.6,49.3,-9.4,80.0,68.0,49.1,9.8,48.9,6.6,36.3,7.1,30.9,-1.2,22.7,-0.4,22.5,-5.5,103.0,103.0,-13.2,-13.2,116.3,69.8,5.8,29.3,2.5,31.1,6.3,33.0,20.1,28.3,123.2,123.2,15.1,15.1,108.0,35.1,1.9,202.0,169.0,23.0,23.0,23.0,164.0,51.7,3.8,8.1,-7.6,15.8,0.5,0.0,3.7,9.6,1.0,5.2,1.1,0.6,0.2,0.0,0.3,1.6,16.0,4.7,47.0,1.1,11.0,3.2,32.0,0.9,9.0,0.9,9.0,0.2,0.4,0.2,1.2,1.1,3.7,34.0,34.4,100.0,vassilis-toliopoulos,,
20851.0,Vincent Poirier,Anadolu Efes Istanbul,C,2025.0,14.0,113.4,116.1,8.0,,52.0,75.0,57.0,0.0,6.0,2.3,0.0,10.8,1.2,5.0,0.7,9.0,2.1,13.0,2.4,0.2,21.1,116.4,113.4,3.59,56.0,2.6,16.0,0.5,1.6,0.6,2.0,0.2,231.0,243.0,51.1,-5.6,53.1,-2.4,161.0,164.0,41.1,0.9,40.3,1.3,36.6,3.3,37.2,1.0,28.4,3.8,28.8,-1.4,116.4,116.4,2.2,2.2,114.2,71.1,5.0,26.7,-0.9,25.7,-0.4,-11.0,-3.0,1.7,113.4,113.4,3.9,3.9,109.5,28.8,5.4,508.0,519.0,44.0,44.0,44.0,448.0,50.1,5.5,14.1,-1.4,12.3,-4.0,0.0,11.4,18.5,13.0,8.0,1.2,4.6,0.5,0.6,0.2,3.1,44.0,6.0,84.0,0.0,0.0,0.0,0.0,1.7,24.0,2.3,32.0,2.1,2.6,0.7,2.0,2.4,-1.5,52.4,0.0,75.0,vincent-poirier,,
37417.0,Vit Hrabar,Kosner Baskonia Vitoria-Gasteiz,SF,2025.0,4.0,76.2,114.3,0.5,0.0,50.0,,33.0,0.3,0.5,0.0,33.3,0.5,0.0,0.0,0.0,0.0,0.5,18.0,0.0,0.0,13.0,163.6,162.2,0.29,26.0,0.0,,0.0,0.0,0.0,,0.3,7.0,15.0,57.1,-9.0,73.3,20.5,9.0,7.0,56.3,14.4,31.8,-8.0,11.1,-26.9,42.9,4.6,21.1,-7.4,19.2,-4.3,163.6,163.6,50.3,50.3,113.3,25.0,-45.0,22.7,-6.3,23.8,-6.3,-20.0,-87.4,-105.0,76.2,76.2,-54.7,-54.7,130.9,18.2,-11.4,16.0,36.0,7.0,7.0,7.0,21.0,21.1,-30.0,17.4,4.1,7.1,-9.2,0.0,0.0,2.6,0.0,0.5,0.0,0.5,0.0,0.0,0.0,0.3,1.0,0.8,3.0,0.0,0.0,0.3,1.0,0.0,0.0,0.0,0.0,0.5,0.0,0.0,0.5,0.0,-6.0,33.3,0.0,0.0,vit-hrabar,,
,Vitto Brown,Besiktas,F,,,,,,,,,,,,,,,,,,,,,,,,,,,,,,,,,,,,,,,,,,,,,,,,,,,,,,,,,,,,,,,,,,,,,,,,,,,,,,,,,,,,,,,,,,,,,,,,,,,,,,,,,,,,,,,,,,,,,,,,7.0,221.0
6629.0,Vladimir Lucic,FC Bayern Munich,SF,2025.0,33.0,107.7,117.7,8.0,35.0,56.0,87.0,61.0,2.4,3.2,2.3,42.6,11.5,1.5,4.0,0.8,11.0,0.8,4.0,3.0,0.2,15.4,116.3,117.6,3.94,47.0,3.0,16.0,0.5,1.2,0.1,0.1,0.2,699.0,690.0,52.8,-5.7,59.1,6.5,496.0,503.0,41.5,-1.7,42.2,-1.0,34.7,0.5,34.8,-2.0,25.9,-0.4,27.0,1.8,116.3,116.3,3.0,3.0,113.2,70.4,4.5,27.3,-5.9,27.2,2.5,-117.0,-8.6,-10.0,107.7,107.7,-6.9,-6.9,114.6,28.7,-0.8,1504.0,1621.0,59.0,59.0,58.0,1397.0,48.8,0.6,16.3,2.0,15.3,-0.7,0.0,11.2,23.2,33.0,8.0,1.5,3.8,0.5,0.1,0.2,2.6,86.0,5.5,183.0,0.8,27.0,2.4,78.0,2.0,66.0,2.3,76.0,0.8,3.0,0.8,1.9,3.0,-3.5,47.0,34.6,86.8,vladimir-lucic,9.0,138.0
18406.0,Vlatko Cancar,EA7 Emporio Armani Milan,SF,2025.0,2.0,134.5,0.0,0.0,,0.0,,0.0,0.0,0.5,0.0,0.0,0.0,0.0,0.0,1.0,67.0,0.0,,0.0,0.0,9.4,92.6,100.9,0.96,36.0,0.0,,0.0,0.0,0.0,,0.0,13.0,18.0,61.5,3.2,50.0,-4.4,9.0,7.0,40.9,-5.2,28.0,-4.7,66.7,22.8,28.6,-16.9,28.0,-1.7,15.4,-11.4,92.6,92.6,-29.7,-29.7,122.3,71.4,-1.6,22.2,-4.6,24.1,-8.0,14.0,41.9,47.2,134.5,134.5,17.5,17.5,117.0,30.0,6.1,39.0,25.0,21.0,21.0,19.0,29.0,54.2,4.2,21.9,4.0,16.1,5.0,,,,,,,,,,,,,,,,,,,,,,,,,,,,,,,,,,
,Vojin Medarevic,Crvena Zvezda,C,,,,,,,,,,,,,,,,,,,,,,,,,,,,,,,,,,,,,,,,,,,,,,,,,,,,,,,,,,,,,,,,,,,,,,,,,,,,,,,,,,,,,,,,,,,,,,,,,,,,,,,,,,,,,,,,,,,,,,,,4.0,346.0
,Wade Baldwin,Fenerbahce,G,,,,,,,,,,,,,,,,,,,,,,,,,,,,,,,,,,,,,,,,,,,,,,,,,,,,,,,,,,,,,,,,,,,,,,,,,,,,,,,,,,,,,,,,,,,,,,,,,,,,,,,,,,,,,,,,,,,,,,,,14.3,17.0
19142.0,Wade Baldwin IV,Fenerbahce Beko Istanbul,"PG,SG",2025.0,42.0,114.7,118.5,14.0,29.0,52.0,79.0,55.0,3.2,7.9,3.9,28.7,27.5,5.5,17.0,2.3,15.0,0.7,3.0,3.7,0.3,27.8,113.1,115.9,4.19,44.0,2.5,11.0,0.7,1.4,0.4,0.9,0.0,992.0,1048.0,55.3,2.9,51.9,0.0,708.0,666.0,41.6,0.4,38.9,0.7,35.0,-2.5,32.1,-0.4,23.6,1.4,23.6,0.7,113.1,113.1,5.1,5.1,108.0,67.2,-1.8,31.3,0.9,27.4,-1.1,30.0,1.6,-2.3,114.7,114.7,2.8,2.8,111.9,32.6,-2.5,2268.0,2238.0,65.0,65.0,65.0,1978.0,50.4,-1.8,15.3,-2.4,13.7,-1.3,0.0,17.4,25.8,7.0,14.0,5.5,3.2,0.7,0.4,0.3,5.0,211.0,11.0,463.0,0.9,39.0,3.2,133.0,3.0,128.0,3.9,163.0,0.7,2.5,2.3,1.6,3.7,0.9,45.6,29.3,78.5,wade-baldwin-iv,,
16956.0,Walter Tavares,Real Madrid,C,2025.0,39.0,122.6,130.9,9.6,,69.0,73.0,72.0,0.0,5.3,3.1,0.0,11.0,0.6,2.0,1.6,20.0,2.5,13.0,3.2,0.3,17.3,111.3,107.8,4.95,60.0,4.1,19.0,0.6,1.4,1.8,4.6,0.2,788.0,817.0,56.6,1.1,49.7,-6.4,611.0,626.0,43.7,6.0,43.4,2.7,39.1,3.6,38.0,3.0,26.9,1.0,23.4,1.0,111.3,111.3,-7.2,-7.2,118.4,72.8,3.1,23.9,-6.5,29.0,0.1,193.0,11.4,10.9,122.6,122.6,3.8,3.8,118.9,34.5,-2.3,1972.0,1779.0,57.0,57.0,56.0,1608.0,54.6,1.0,15.0,0.4,13.6,1.6,0.0,16.5,22.8,39.0,9.6,0.6,6.6,0.6,1.8,0.3,3.6,142.0,5.3,206.0,0.0,0.0,0.0,0.0,2.3,89.0,3.1,122.0,2.5,4.1,1.6,2.5,3.2,4.8,68.9,0.0,73.0,walter-tavares,14.7,11.0
,Wendell Moore Jr.,Virtus Bologna,G,,,,,,,,,,,,,,,,,,,,,,,,,,,,,,,,,,,,,,,,,,,,,,,,,,,,,,,,,,,,,,,,,,,,,,,,,,,,,,,,,,,,,,,,,,,,,,,,,,,,,,,,,,,,,,,,,,,,,,,,8.7,155.0
23011.0,Wenyen Gabriel,FC Bayern Munich,C,2025.0,36.0,108.8,103.0,6.1,18.0,57.0,45.0,55.0,0.3,4.6,1.4,6.2,8.1,0.8,3.0,1.5,21.0,1.8,12.0,1.7,0.5,20.1,118.3,116.9,3.2,52.0,1.8,13.0,0.6,2.0,0.7,2.3,0.2,531.0,539.0,53.1,-2.4,54.5,-3.1,410.0,400.0,43.6,1.4,42.6,-1.4,36.3,1.0,39.8,7.2,25.9,-1.8,27.0,0.7,118.3,118.3,6.7,6.7,111.6,67.2,-1.2,31.7,4.1,26.3,0.9,-106.0,-9.4,-11.7,108.8,108.8,-5.1,-5.1,113.9,32.0,3.1,1194.0,1300.0,42.0,42.0,42.0,1097.0,49.4,1.1,17.0,2.4,15.5,-0.6,0.0,6.1,16.9,7.0,6.1,0.8,3.6,0.6,0.7,0.5,2.7,98.0,4.9,178.0,0.1,2.0,0.3,11.0,0.6,22.0,1.4,49.0,1.8,1.8,1.5,2.8,1.7,-2.8,55.1,18.2,44.9,wenyen-gabriel,8.4,165.0
19540.0,Will Clyburn,FC Barcelona,SF,2025.0,33.0,117.7,116.7,13.8,39.0,54.0,73.0,59.0,5.1,5.1,3.2,49.9,17.7,1.6,5.0,1.8,13.0,0.9,4.0,3.9,0.1,25.1,117.4,116.4,4.65,51.0,3.2,15.0,1.1,2.3,0.2,0.3,0.1,817.0,797.0,54.3,1.6,58.1,0.8,531.0,514.0,39.4,-2.3,39.2,0.1,37.9,1.4,35.2,1.4,24.2,-2.1,24.7,0.6,117.4,117.4,4.5,4.5,113.0,67.3,-1.0,26.3,-4.5,30.4,5.3,7.0,0.3,-1.9,117.7,117.7,2.6,2.6,115.2,33.1,-1.9,1778.0,1771.0,63.0,63.0,63.0,1510.0,49.8,-0.7,13.8,-0.7,15.1,-1.9,0.0,15.7,25.6,29.0,13.8,1.6,4.2,1.1,0.2,0.1,4.7,156.0,10.2,337.0,2.0,65.0,5.1,168.0,2.3,77.0,3.2,106.0,0.9,3.2,1.8,1.8,3.9,-0.4,46.3,38.7,72.6,will-clyburn,12.4,41.0
36812.0,Will Rayman,Maccabi Playtika Tel Aviv,PF,2025.0,38.0,123.1,125.3,3.1,38.0,36.0,66.0,54.0,1.3,0.9,1.4,58.1,3.8,0.3,1.0,0.2,6.0,0.9,8.0,1.6,0.2,11.9,117.0,115.9,2.39,53.0,1.2,12.0,0.3,1.2,0.2,0.7,0.2,418.0,370.0,56.9,4.4,60.8,1.5,325.0,350.0,43.7,2.0,48.6,5.8,36.6,1.9,36.3,1.4,26.2,0.4,27.2,-1.7,117.0,117.0,-6.6,-6.6,123.6,70.8,7.6,29.8,2.3,29.7,1.3,13.0,6.1,13.6,123.1,123.1,6.9,6.9,116.1,38.7,5.7,1019.0,1006.0,29.0,29.0,30.0,828.0,54.3,6.8,13.9,0.2,15.9,2.0,0.0,2.9,12.0,17.0,3.1,0.3,2.1,0.3,0.2,0.2,0.8,32.0,2.3,86.0,0.5,19.0,1.3,50.0,0.9,35.0,1.4,53.0,0.9,1.2,0.2,2.4,1.6,0.4,37.2,38.0,66.0,william-rayman,4.3,313.0
12318.0,Willy Hernangomez,FC Barcelona,C,2025.0,39.0,114.5,108.7,5.6,25.0,52.0,66.0,56.0,0.1,3.7,2.6,2.7,6.7,0.5,2.0,1.1,17.0,1.4,12.0,2.5,0.3,21.4,120.1,118.0,2.53,53.0,2.4,23.0,0.3,1.4,0.4,1.5,0.1,482.0,501.0,54.1,-0.8,56.9,-1.2,329.0,299.0,40.6,0.7,37.4,-2.3,35.3,-2.8,40.1,7.2,23.3,-2.6,26.2,2.1,120.1,120.1,5.8,5.8,114.3,67.7,-0.1,27.3,-1.1,31.7,5.2,-56.0,-5.6,-8.5,114.5,114.5,-2.8,-2.8,117.2,36.3,5.6,1069.0,1125.0,33.0,33.0,33.0,934.0,51.2,2.2,16.2,2.6,15.3,-0.7,0.0,7.5,13.5,13.0,5.6,0.5,3.8,0.3,0.4,0.3,1.9,75.0,3.8,147.0,0.0,1.0,0.1,4.0,1.7,67.0,2.6,102.0,1.4,2.4,1.0,2.0,2.5,-1.3,51.0,25.0,65.7,willy-hernangomez,,
23730.0,Xabi Lopez-Arostegui,Valencia Basket,"SF,PF",2025.0,10.0,128.1,96.3,1.7,21.0,29.0,80.0,39.0,1.4,0.7,0.5,66.7,3.4,0.7,5.0,0.6,21.0,0.2,3.0,0.4,0.2,14.9,117.8,121.8,1.25,38.0,0.7,10.0,0.2,1.2,0.0,,0.1,80.0,83.0,65.0,7.6,66.3,17.1,70.0,55.0,46.7,-3.0,39.9,-4.2,32.9,-4.5,32.7,-1.9,27.4,1.6,27.0,2.8,117.8,117.8,4.7,4.7,113.1,63.2,-7.7,26.4,-1.5,24.4,-1.9,13.0,10.3,3.8,128.1,128.1,8.5,8.5,119.7,35.0,3.6,205.0,192.0,21.0,21.0,21.0,160.0,48.0,-3.8,12.8,0.1,19.1,7.5,0.0,0.4,8.5,0.0,1.7,0.7,0.9,0.2,0.0,0.2,0.5,5.0,2.1,21.0,0.3,3.0,1.4,14.0,0.4,4.0,0.5,5.0,0.2,0.7,0.6,1.1,0.4,2.2,23.8,21.4,80.0,xabi-lopez-arostegui,,
22416.0,Xavier Rathan-Mayes,FC Bayern Munich,"SG,PG",2025.0,32.0,103.5,102.0,7.3,26.0,45.0,71.0,45.0,4.0,3.5,1.5,53.8,11.6,1.8,10.0,1.1,12.0,0.3,2.0,1.9,0.3,30.0,118.0,118.9,2.56,47.0,1.4,12.0,0.4,1.6,0.1,0.4,0.1,426.0,429.0,50.7,-5.9,57.3,2.0,341.0,311.0,44.5,3.1,42.0,-1.5,31.7,-5.8,37.3,1.2,21.0,-8.4,27.7,1.0,118.0,118.0,5.4,5.4,112.6,68.5,-0.5,32.1,3.7,25.0,-1.1,-133.0,-14.5,-16.6,103.5,103.5,-11.2,-11.2,114.7,27.6,-4.2,890.0,1023.0,37.0,37.0,37.0,860.0,46.6,-3.9,14.6,-1.9,14.9,-2.0,0.0,5.0,15.2,8.0,7.3,1.8,1.7,0.4,0.1,0.3,2.6,83.0,7.5,240.0,1.0,33.0,4.0,129.0,1.1,34.0,1.5,48.0,0.3,1.4,1.1,1.7,1.9,-4.1,34.6,25.6,70.8,xavier-rathan-mayes,,
23555.0,Yago dos Santos,Crvena Zvezda Meridianbet Belgrade,PG,2025.0,25.0,106.9,91.7,2.6,21.0,29.0,89.0,36.0,2.1,1.1,0.7,65.4,7.8,2.2,14.0,1.2,25.0,0.2,2.0,0.9,0.1,20.2,115.1,119.5,1.61,41.0,0.6,7.0,0.2,1.2,0.0,,0.2,246.0,227.0,49.6,-8.1,58.1,3.7,178.0,180.0,42.0,4.2,44.2,-0.1,34.3,-2.7,35.6,0.4,28.3,0.6,28.0,2.0,115.1,115.1,1.4,1.4,113.7,70.9,0.2,32.7,6.1,25.3,-4.5,-36.0,-8.2,-14.4,106.9,106.9,-12.9,-12.9,119.8,41.9,5.9,528.0,564.0,26.0,26.0,26.0,494.0,55.9,2.1,18.9,3.9,14.8,0.2,0.0,1.6,10.8,0.0,2.6,2.2,0.8,0.2,0.0,0.1,0.8,19.0,3.2,81.0,0.4,11.0,2.1,53.0,0.6,16.0,0.7,18.0,0.2,0.6,1.2,1.4,0.9,-0.6,23.5,20.8,88.9,yago-dos-santos,,
12220.0,Yakuba Ouattara,Paris Basketball,PG,2025.0,34.0,114.2,113.0,6.0,40.0,37.0,75.0,51.0,2.9,2.6,0.8,52.4,8.9,1.1,4.0,0.8,12.0,0.7,4.0,0.6,0.4,17.1,120.3,126.8,2.33,35.0,1.2,8.0,0.4,1.1,0.1,0.4,0.1,497.0,529.0,51.3,-1.0,56.7,2.4,472.0,451.0,48.7,0.9,46.0,0.6,38.3,2.0,38.1,2.4,25.3,4.0,30.9,2.4,120.3,120.3,4.8,4.8,115.5,63.1,-2.6,26.2,-4.8,25.8,-0.8,-92.0,-6.1,-6.9,114.2,114.2,-2.1,-2.1,116.3,37.7,4.4,1275.0,1367.0,42.0,42.0,43.0,1116.0,50.0,1.4,16.7,2.7,15.9,-0.3,0.0,4.4,16.9,9.0,6.0,1.1,1.9,0.4,0.1,0.4,2.1,72.0,5.5,187.0,1.1,39.0,2.9,98.0,0.6,21.0,0.8,28.0,0.7,1.2,0.8,1.1,0.6,-2.6,38.5,39.8,75.0,yakuba-ouattara,4.8,287.0
35551.0,Yam Madar,Hapoel Shlomo Tel Aviv,PG,2025.0,16.0,112.5,103.5,3.1,16.0,39.0,84.0,40.0,1.6,1.8,1.2,47.2,6.4,1.4,9.0,0.4,9.0,0.3,3.0,1.3,0.3,19.8,112.9,116.6,1.53,43.0,0.8,11.0,0.6,3.1,0.1,0.4,0.0,161.0,169.0,52.8,-6.2,54.4,-5.6,106.0,77.0,39.7,0.6,31.3,-8.6,31.1,-6.6,44.2,9.0,22.7,-1.4,27.5,0.7,112.9,112.9,-9.7,-9.7,122.7,71.1,6.0,23.1,-4.1,30.6,3.3,11.0,-0.5,7.0,112.5,112.5,-2.7,-2.7,115.2,30.3,3.8,334.0,323.0,25.0,25.0,24.0,297.0,48.2,1.7,11.6,-4.0,17.4,3.3,0.0,3.3,9.7,5.0,3.1,1.4,1.1,0.6,0.1,0.3,0.9,15.0,3.3,53.0,0.3,4.0,1.6,25.0,1.0,16.0,1.2,19.0,0.3,0.8,0.4,1.1,1.3,0.1,28.3,16.0,84.2,yam-madar,8.8,148.0
24259.0,Yankuba Sima,Valencia Basket,C,2025.0,6.0,119.0,114.6,3.2,33.0,50.0,50.0,50.0,0.5,2.0,1.3,20.0,3.7,0.2,1.0,0.7,17.0,1.0,12.0,1.0,0.3,19.3,114.4,118.6,1.3,40.0,0.5,7.0,0.2,1.0,0.2,1.1,0.2,42.0,50.0,47.6,-9.4,52.0,-5.1,47.0,35.0,52.8,3.0,41.2,-6.7,44.7,10.7,37.1,10.1,26.0,0.1,23.2,-2.3,114.4,114.4,8.6,8.6,105.8,64.4,-8.5,28.9,1.1,25.0,-2.4,8.0,4.6,-1.5,119.0,119.0,7.2,7.2,111.8,38.0,6.1,119.0,111.0,21.0,21.0,20.0,100.0,50.5,-2.1,16.0,0.4,15.9,-0.4,0.0,0.6,8.2,0.0,3.2,0.2,1.5,0.2,0.2,0.3,1.2,7.0,2.5,15.0,0.2,1.0,0.5,3.0,0.7,4.0,1.3,8.0,1.0,0.5,0.7,2.7,1.0,1.2,46.7,33.3,50.0,yankuba-sima,6.5,237.0
34749.0,Yoan Makoundou,AS Monaco,PF,2025.0,5.0,137.3,167.1,6.2,0.0,77.0,92.0,82.0,0.2,2.6,2.4,7.1,6.2,0.0,0.0,0.4,10.0,0.2,3.0,1.4,0.0,24.7,101.3,101.8,1.73,56.0,1.6,20.0,0.4,2.6,0.2,1.4,0.1,31.0,36.0,71.0,6.6,50.0,-3.3,31.0,30.0,50.0,13.6,45.5,6.2,38.7,2.0,33.3,1.9,37.8,6.5,9.6,-12.9,101.3,101.3,-2.5,-2.5,103.8,67.5,0.6,23.4,-2.3,26.7,-7.5,25.0,36.0,7.2,137.3,137.3,4.7,4.7,132.6,33.3,-1.0,103.0,78.0,19.0,19.0,20.0,75.0,52.9,0.7,12.9,0.8,18.9,0.1,,,,,,,,,,,,,,,,,,,,,,,,,,,,,,,,,7.0,223.0
18566.0,Youssoupha Fall,FC Barcelona,C,2025.0,18.0,130.5,146.0,2.9,,69.0,62.0,68.0,0.0,1.8,0.7,0.0,3.4,0.2,2.0,0.2,7.0,0.8,14.0,1.1,0.1,14.3,114.5,112.7,1.45,54.0,1.4,21.0,0.1,0.8,0.2,1.3,0.1,134.0,133.0,61.2,5.3,53.4,-5.4,87.0,82.0,39.4,0.7,38.1,-0.2,37.9,5.8,37.8,1.6,25.3,1.3,22.3,-2.6,114.5,114.5,-0.9,-0.9,115.4,72.3,5.2,23.6,-4.5,30.0,1.9,40.0,16.0,18.8,130.5,130.5,17.8,17.8,112.6,41.1,7.9,317.0,277.0,19.0,19.0,19.0,243.0,57.5,8.5,13.2,-0.7,13.5,-4.1,0.0,5.0,7.5,0.0,2.9,0.2,2.2,0.1,0.2,0.1,1.2,22.0,1.8,32.0,0.0,0.0,0.0,0.0,0.4,8.0,0.7,13.0,0.8,1.4,0.2,0.8,1.1,2.0,68.8,0.0,61.5,youssoupha-fall,,
,Yves Pons,ASVEL,F,,,,,,,,,,,,,,,,,,,,,,,,,,,,,,,,,,,,,,,,,,,,,,,,,,,,,,,,,,,,,,,,,,,,,,,,,,,,,,,,,,,,,,,,,,,,,,,,,,,,,,,,,,,,,,,,,,,,,,,,7.5,205.0
37773.0,Zac Seljaas,LDLC ASVEL Villeurbanne,SF,2025.0,36.0,108.7,113.5,6.7,30.0,53.0,91.0,51.0,4.7,1.5,1.0,76.1,9.3,1.1,4.0,0.3,4.0,0.9,5.0,1.3,0.2,16.0,114.9,117.3,3.18,44.0,2.1,13.0,0.4,1.1,0.0,0.1,0.2,638.0,656.0,52.4,2.3,59.6,1.7,542.0,407.0,45.9,4.5,38.3,-2.5,32.5,-1.4,33.9,-3.0,23.9,-0.5,27.4,-1.5,114.9,114.9,-4.8,-4.8,119.6,68.7,1.7,30.2,0.0,26.8,-0.5,-65.0,-6.2,7.7,108.7,108.7,2.9,2.9,105.7,31.5,1.1,1443.0,1508.0,50.0,50.0,50.0,1328.0,48.4,0.8,14.3,-1.3,16.8,2.0,0.0,6.2,20.4,19.0,6.8,1.1,2.9,0.4,0.0,0.2,2.2,78.0,6.3,221.0,1.5,51.0,4.8,169.0,0.9,32.0,1.0,35.0,0.9,2.1,0.3,2.1,1.4,-1.3,35.3,30.2,91.4,zachary-seljaas,,
24197.0,Zach Hankins,Maccabi Playtika Tel Aviv,C,2025.0,10.0,118.3,136.2,4.6,,77.0,67.0,77.0,0.0,2.6,0.9,0.0,5.5,0.4,2.0,0.5,14.0,1.3,12.0,0.8,0.3,14.6,110.0,114.6,1.65,43.0,1.0,11.0,0.0,0.0,0.4,2.2,0.1,108.0,90.0,51.9,-2.8,51.1,-12.2,71.0,64.0,39.7,-4.4,41.6,-2.4,26.8,-6.7,29.7,-5.1,24.2,-0.4,21.5,-8.9,110.0,110.0,-13.9,-13.9,123.9,75.0,9.1,35.3,9.5,33.0,5.4,17.0,8.3,16.5,118.3,118.3,2.6,2.6,115.7,45.7,12.5,226.0,209.0,24.0,24.0,24.0,191.0,59.4,10.5,11.7,-3.1,15.0,1.3,0.0,4.8,10.3,0.0,4.6,0.4,2.3,0.0,0.4,0.3,2.0,20.0,2.6,26.0,0.0,0.0,0.0,0.0,0.6,6.0,0.9,9.0,1.3,1.0,0.5,2.2,0.8,1.4,76.9,0.0,66.7,zachary-hankins,,
22749.0,Zach LeDay,EA7 Emporio Armani Milan,PF,2025.0,30.0,118.4,127.5,13.1,50.0,51.0,82.0,66.0,3.4,4.9,3.6,41.0,15.1,0.9,3.0,0.9,9.0,0.8,4.0,3.6,0.2,21.5,123.5,122.8,4.3,48.0,3.3,16.0,0.5,1.1,0.3,0.7,0.2,677.0,791.0,56.4,1.1,56.9,2.2,442.0,428.0,39.5,-6.7,35.1,-6.4,38.7,-2.1,39.7,2.7,27.0,1.2,24.7,-1.4,123.5,123.5,4.3,4.3,119.2,68.5,-0.7,24.9,-7.6,29.6,-0.6,-72.0,-5.1,-9.7,118.4,118.4,-5.4,-5.4,123.8,27.4,-5.8,1601.0,1673.0,62.0,62.0,62.0,1352.0,48.5,-3.0,14.7,1.1,12.4,-0.4,0.0,15.9,24.6,30.0,13.1,0.9,4.2,0.5,0.3,0.2,4.2,127.0,8.4,251.0,1.7,51.0,3.4,103.0,3.0,89.0,3.6,108.0,0.8,3.3,0.9,1.6,3.6,-2.1,50.6,49.5,82.4,zach-leday,13.3,29.0
20837.0,Ąžuolas Tubelis,Zalgiris Kaunas,PF,2025.0,42.0,121.7,127.6,12.1,41.0,63.0,71.0,65.0,1.9,6.5,2.2,22.4,14.1,0.8,3.0,1.2,11.0,1.5,8.0,2.3,0.3,22.1,113.9,114.5,3.94,48.0,3.0,15.0,0.5,1.3,0.7,1.6,0.2,944.0,1010.0,56.7,4.5,54.3,0.4,561.0,528.0,37.3,-3.2,34.3,-0.4,39.8,2.2,34.7,-1.7,29.3,5.9,24.2,0.0,113.9,113.9,-2.0,-2.0,115.9,67.5,0.7,27.8,0.4,29.3,2.1,139.0,7.8,5.8,121.7,121.7,3.8,3.8,117.9,32.8,-2.2,2104.0,1965.0,57.0,57.0,57.0,1729.0,50.7,0.4,14.3,1.3,14.2,1.2,0.0,13.5,22.7,36.0,12.1,0.8,4.5,0.5,0.7,0.3,4.9,205.0,8.4,352.0,0.8,32.0,1.9,79.0,1.6,66.0,2.2,93.0,1.5,3.0,1.2,2.7,2.3,2.8,58.2,40.5,71.0,azuolas-tubelis,11.1,58.0
